experience_id,experience_name,city,district,state,region,latitude,longitude,category,sub_category,description,tags,price_inr,duration_hours,best_for,min_group_size,max_group_size,rating,review_count,best_time,indoor_outdoor,booking_required,local_experience,hidden_gem,source_name,image_url
DELHI-001,Red Fort (Lal Qila),Delhi,Central Delhi,NCT of Delhi,Delhi_NCR,28.6562,77.241,Heritage,Mughal Monument,"17th-century Mughal fortress and UNESCO World Heritage Site, former seat of Mughal emperors with museums and evening light-and-sound show.",mughal;unesco;fort;history,50.0,2.5,History lovers;Families;Photography,1,20.0,4.5,185000,Morning or evening show,Outdoor,False,True,False,ASI,https://images.unsplash.com/photo-1599661046289-e31897846e41?w=800&q=80
DELHI-002,Humayun's Tomb,Delhi,Nizamuddin,NCT of Delhi,Delhi_NCR,28.5933,77.2507,Heritage,Mughal Monument,"Garden tomb of Emperor Humayun, UNESCO World Heritage Site and precursor to the Taj Mahal's design.",mughal;unesco;garden-tomb;architecture,40.0,2.0,History lovers;Photography;Architecture fans,1,20.0,4.6,92000,Early morning,Outdoor,False,True,False,ASI,https://images.unsplash.com/photo-1587474260584-136574528ed5?w=800&q=80
DELHI-003,Qutub Minar,Delhi,Mehrauli,NCT of Delhi,Delhi_NCR,28.5245,77.1855,Heritage,Mughal/Sultanate Monument,"12th-century minaret and UNESCO World Heritage Site, tallest brick minaret in the world, surrounded by ruins of the Qutub complex.",unesco;minaret;history;architecture,40.0,2.0,History lovers;Photography;Families,1,25.0,4.6,145000,Morning,Outdoor,False,True,False,ASI,https://images.unsplash.com/photo-1587474260584-136574528ed5?w=800&q=80
DELHI-004,India Gate,Delhi,Central Delhi,NCT of Delhi,Delhi_NCR,28.6129,77.2295,Heritage,War Memorial,"42-metre war memorial arch commemorating Indian soldiers, popular evening gathering spot with lawns and street food carts nearby.",landmark;memorial;evening;family,0.0,1.5,Families;Evenings;Photography,1,30.0,4.6,210000,Evening,Outdoor,False,True,False,Delhi Tourism,https://images.unsplash.com/photo-1587474260584-136574528ed5?w=800&q=80
DELHI-005,Jama Masjid,Delhi,Old Delhi,NCT of Delhi,Delhi_NCR,28.6507,77.2334,Religious,Mughal Mosque,"India's largest mosque, built by Shah Jahan, with a minaret climb offering panoramic views of Old Delhi.",mughal;mosque;religious;views,0.0,1.5,Culture;Photography;Religious travelers,1,25.0,4.5,75000,Afternoon,Outdoor,False,True,False,Delhi Waqf Board,https://images.unsplash.com/photo-1609766857041-ed402ea8069a?w=800&q=80
DELHI-006,Purana Qila,Delhi,Central Delhi,NCT of Delhi,Delhi_NCR,28.6089,77.2432,Heritage,Fort,"16th-century fort believed to stand on the site of ancient Indraprastha, with a museum, boating and a sound-and-light show.",fort;history;boating;museum,40.0,2.0,History lovers;Families,1,20.0,4.3,21000,Evening,Outdoor,False,True,False,ASI,https://images.unsplash.com/photo-1587474260584-136574528ed5?w=800&q=80
DELHI-007,Safdarjung Tomb,Delhi,South Delhi,NCT of Delhi,Delhi_NCR,28.5897,77.2073,Heritage,Mughal Monument,"18th-century garden tomb of Nawab Safdarjung, a quieter alternative to Humayun's Tomb with Mughal-style char-bagh gardens.",mughal;garden-tomb;quiet;photography,25.0,1.5,Photography;Quiet heritage walks,1,15.0,4.3,8500,Late afternoon,Outdoor,False,True,True,ASI,https://images.unsplash.com/photo-1587474260584-136574528ed5?w=800&q=80
DELHI-008,Tughlaqabad Fort,Delhi,South Delhi,NCT of Delhi,Delhi_NCR,28.5089,77.2649,Heritage,Sultanate Fort,"Massive 14th-century ruined fort city built by Ghiyasuddin Tughlaq, atmospheric and rarely crowded.",fort;ruins;offbeat;history,25.0,2.0,History lovers;Offbeat explorers,1,15.0,4.2,3200,Morning,Outdoor,False,True,True,ASI,https://images.unsplash.com/photo-1599661046289-e31897846e41?w=800&q=80
DELHI-009,Agrasen ki Baoli,Delhi,Connaught Place,NCT of Delhi,Delhi_NCR,28.6274,77.2247,Heritage,Stepwell,"Historic 60-metre stepwell in the heart of Delhi with striking symmetrical stone steps, popular photography and film-shoot location.",stepwell;offbeat;photography;hidden-gem,0.0,1.0,Photography;Offbeat explorers,1,15.0,4.4,19000,Late afternoon,Outdoor,False,True,True,ASI,https://images.unsplash.com/photo-1587474260584-136574528ed5?w=800&q=80
DELHI-010,Feroz Shah Kotla Fort,Delhi,Central Delhi,NCT of Delhi,Delhi_NCR,28.6377,77.2432,Heritage,Sultanate Fort,"14th-century fort ruins housing an Ashokan pillar, also believed by locals to be inhabited by djinns with weekly offerings left at shrines.",fort;ashoka-pillar;folklore;offbeat,25.0,1.5,History lovers;Offbeat explorers,1,15.0,4.1,2800,Morning,Outdoor,False,True,True,ASI,https://images.unsplash.com/photo-1599661046289-e31897846e41?w=800&q=80
DELHI-011,Lodhi Garden & Tombs,Delhi,Lodhi Colony,NCT of Delhi,Delhi_NCR,28.5931,77.2197,Heritage,Garden & Tombs,"Landscaped 90-acre park with 15th-16th century Lodhi and Sayyid dynasty tombs, a favourite spot for morning walks and picnics.",garden;tombs;walk;nature,0.0,1.5,Families;Joggers;Photography,1,30.0,4.7,62000,Early morning,Outdoor,False,True,False,Delhi Tourism,https://images.unsplash.com/photo-1587474260584-136574528ed5?w=800&q=80
DELHI-012,Hauz Khas Fort & Village,Delhi,Hauz Khas,NCT of Delhi,Delhi_NCR,28.5535,77.1936,Heritage,Fort & Lake,"14th-century madrasa and tomb complex overlooking a lake, surrounded by the trendy Hauz Khas Village of cafes, boutiques and galleries.",fort;lake;cafes;boutiques,0.0,3.0,Culture;Shopping;Nightlife,1,15.0,4.4,48000,Evening,Outdoor,False,True,False,Delhi Tourism,https://images.unsplash.com/photo-1599661046289-e31897846e41?w=800&q=80
DELHI-013,Chandni Chowk Heritage Walk,Delhi,Old Delhi,NCT of Delhi,Delhi_NCR,28.6506,77.2303,Heritage,Guided Walk,"Guided walking tour through Shah Jahan's 17th-century market lanes covering havelis, temples, spice markets and street food.",old-delhi;walking-tour;mughal;bazaar,800.0,3.0,Culture;Food;Photography,2,15.0,4.7,9800,Morning,Outdoor,True,True,False,Delhi Heritage Walks,https://images.unsplash.com/photo-1587474260584-136574528ed5?w=800&q=80
DELHI-014,Nizamuddin Dargah & Basti Heritage Walk,Delhi,Nizamuddin,NCT of Delhi,Delhi_NCR,28.5905,77.2431,Religious,Sufi Shrine,"14th-century Sufi shrine of Hazrat Nizamuddin Auliya with qawwali performances, set within a living medieval basti.",sufi;qawwali;religious;walk,500.0,2.0,Culture;Religious travelers;Music,2,15.0,4.6,15000,Thursday evening,Outdoor,True,True,False,Aga Khan Trust for Culture,https://images.unsplash.com/photo-1609766857041-ed402ea8069a?w=800&q=80
DELHI-015,Sunder Nursery,Delhi,Nizamuddin,NCT of Delhi,Delhi_NCR,28.5956,77.2467,Nature,Heritage Park,"Restored 16th-century Mughal-era nursery-turned-park with heritage monuments, micro-habitats and an amphitheatre, adjacent to Humayun's Tomb.",garden;heritage;nature;photography,100.0,2.0,Families;Photography;Nature lovers,1,30.0,4.6,24000,Morning,Outdoor,False,True,False,Aga Khan Trust for Culture,https://images.unsplash.com/photo-1587474260584-136574528ed5?w=800&q=80
DELHI-016,Mehrauli Archaeological Park,Delhi,Mehrauli,NCT of Delhi,Delhi_NCR,28.5155,77.1825,Heritage,Ruins Park,"Sprawling park with over 100 historical monuments spanning multiple dynasties, including Jamali Kamali mosque and Rajon ki Baoli.",ruins;offbeat;history;walking,0.0,2.0,History lovers;Offbeat explorers,1,15.0,4.4,4100,Morning,Outdoor,False,True,True,INTACH,https://images.unsplash.com/photo-1587474260584-136574528ed5?w=800&q=80
DELHI-017,Zafar Mahal,Delhi,Mehrauli,NCT of Delhi,Delhi_NCR,28.5148,77.1839,Heritage,Mughal Palace Ruins,"Last Mughal monument built in Delhi, a crumbling summer palace of Bahadur Shah Zafar within Mehrauli village.",mughal;ruins;offbeat,0.0,0.75,History lovers;Offbeat explorers,1,10.0,4.0,900,Morning,Outdoor,False,True,True,ASI,https://images.unsplash.com/photo-1587474260584-136574528ed5?w=800&q=80
DELHI-018,Coronation Park,Delhi,North Delhi,NCT of Delhi,Delhi_NCR,28.7166,77.1874,Heritage,Colonial Monument Park,"Site of the 1911 Delhi Durbar, now home to statues of British-era viceroys including a towering George V statue.",colonial;offbeat;statues;photography,0.0,1.0,History lovers;Offbeat explorers;Photography,1,15.0,3.9,2100,Morning,Outdoor,False,True,True,Delhi Tourism,https://images.unsplash.com/photo-1587474260584-136574528ed5?w=800&q=80
DELHI-019,National Museum,Delhi,Central Delhi,NCT of Delhi,Delhi_NCR,28.6118,77.2195,Museum,History & Art,"India's premier museum with over 200,000 artefacts spanning 5,000 years, including Harappan antiquities and Mughal miniatures.",museum;history;art;artifacts,20.0,2.5,History lovers;Students;Families,1,30.0,4.3,12500,Weekday morning,Indoor,False,False,False,National Museum,https://images.unsplash.com/photo-1565008447742-97f6f38c985c?w=800&q=80
DELHI-020,National Gallery of Modern Art,Delhi,India Gate,NCT of Delhi,Delhi_NCR,28.6127,77.2361,Museum,Art Gallery,"Houses works by modern Indian artists including Raja Ravi Varma, Amrita Sher-Gil and Rabindranath Tagore, set in a colonial-era mansion.",art;gallery;modern-art;colonial,20.0,2.0,Art lovers;Photography,1,25.0,4.3,5400,Weekday afternoon,Indoor,False,False,False,NGMA,https://images.unsplash.com/photo-1565008447742-97f6f38c985c?w=800&q=80
DELHI-021,National Rail Museum,Delhi,Chanakyapuri,NCT of Delhi,Delhi_NCR,28.5874,77.1731,Museum,Transport Museum,"Outdoor and indoor collection of vintage locomotives and royal saloons including the Fairy Queen, with a joy-train ride for kids.",trains;family;kids;history,50.0,2.0,Families;Kids;Train enthusiasts,1,30.0,4.4,18000,Weekend morning,Outdoor,False,False,False,Indian Railways,https://images.unsplash.com/photo-1565008447742-97f6f38c985c?w=800&q=80
DELHI-022,National Science Centre,Delhi,India Gate,NCT of Delhi,Delhi_NCR,28.6122,77.2394,Museum,Science Museum,"Interactive science galleries covering evolution, space, robotics and a dinosaur park, popular with school groups and families.",science;interactive;kids;family,60.0,3.0,Families;Kids;Students,1,40.0,4.3,9800,Weekday,Indoor,False,False,False,National Council of Science Museums,https://images.unsplash.com/photo-1565008447742-97f6f38c985c?w=800&q=80
DELHI-023,Crafts Museum & Hastkala Academy,Delhi,Pragati Maidan,NCT of Delhi,Delhi_NCR,28.6142,77.2431,Museum,Handicrafts,"Living museum of Indian handicrafts and folk art with resident artisans demonstrating weaving, pottery and woodwork.",handicrafts;artisans;culture;shopping,20.0,2.0,Culture;Handicraft shoppers;Families,1,25.0,4.4,6700,Weekday morning,Indoor/Outdoor,False,True,False,Ministry of Textiles,https://images.unsplash.com/photo-1565008447742-97f6f38c985c?w=800&q=80
DELHI-024,Gandhi Smriti,Delhi,Central Delhi,NCT of Delhi,Delhi_NCR,28.5992,77.202,Museum,Memorial,"The house where Mahatma Gandhi spent his last days and was assassinated, now a memorial museum with interactive exhibits.",gandhi;history;memorial;museum,0.0,1.5,History lovers;Students,1,30.0,4.5,7200,Weekday morning,Indoor/Outdoor,False,False,False,Gandhi Smriti,https://images.unsplash.com/photo-1565008447742-97f6f38c985c?w=800&q=80
DELHI-025,Nehru Memorial Museum (Teen Murti Bhavan),Delhi,Chanakyapuri,NCT of Delhi,Delhi_NCR,28.5984,77.1919,Museum,History Museum,"Former residence of Jawaharlal Nehru, now a museum on India's independence movement with a planetarium on the grounds.",history;independence;nehru;museum,20.0,2.0,History lovers;Students,1,25.0,4.3,4600,Weekday morning,Indoor,False,False,False,Nehru Memorial Museum & Library,https://images.unsplash.com/photo-1565008447742-97f6f38c985c?w=800&q=80
DELHI-026,Kiran Nadar Museum of Art,Delhi,Saket,NCT of Delhi,Delhi_NCR,28.5288,77.2159,Museum,Contemporary Art,"Private museum showcasing modern and contemporary Indian art, with rotating exhibitions by leading and emerging artists.",art;contemporary;gallery,0.0,1.5,Art lovers;Photography,1,20.0,4.5,3100,Weekday afternoon,Indoor,False,False,False,KNMA,https://images.unsplash.com/photo-1565008447742-97f6f38c985c?w=800&q=80
DELHI-027,Sulabh International Museum of Toilets,Delhi,Palam,NCT of Delhi,Delhi_NCR,28.5921,77.125,Museum,Quirky Museum,"Offbeat museum tracing the history of sanitation and toilets across civilizations, a curious and educational stop.",quirky;offbeat;history;unusual,0.0,1.0,Offbeat explorers;Curious travelers,1,15.0,4.0,2300,Weekday,Indoor,False,False,True,Sulabh International,https://images.unsplash.com/photo-1565008447742-97f6f38c985c?w=800&q=80
DELHI-028,Air Force Museum Palam,Delhi,Palam,NCT of Delhi,Delhi_NCR,28.5735,77.1225,Museum,Military Museum,"Indian Air Force's official museum with vintage fighter aircraft, memorabilia and war history exhibits.",military;aircraft;history,0.0,1.5,History lovers;Aviation enthusiasts,1,20.0,4.2,1900,Weekday,Indoor/Outdoor,True,False,True,Indian Air Force,https://images.unsplash.com/photo-1565008447742-97f6f38c985c?w=800&q=80
DELHI-029,Shankar's International Dolls Museum,Delhi,ITO,NCT of Delhi,Delhi_NCR,28.6255,77.2374,Museum,Family Museum,"Collection of over 6,000 dolls and costumes from around the world, a nostalgic favourite for families.",dolls;family;kids;culture,25.0,1.0,Families;Kids,1,25.0,4.1,2600,Weekday afternoon,Indoor,False,False,False,Children's Book Trust,https://images.unsplash.com/photo-1565008447742-97f6f38c985c?w=800&q=80
DELHI-030,Triveni Kala Sangam,Delhi,Mandi House,NCT of Delhi,Delhi_NCR,28.6259,77.2246,Art,Cultural Centre,"Iconic performing and visual arts centre with galleries, a sculpture garden, theatre and workshops in dance, music and painting.",art;theatre;workshops;culture,0.0,2.0,Art lovers;Culture seekers,1,20.0,4.4,2400,Evening,Indoor/Outdoor,False,True,False,Triveni Kala Sangam,https://images.unsplash.com/photo-1460661419201-fd4cecdf8a8b?w=800&q=80
DELHI-031,India Habitat Centre Cultural Events,Delhi,Lodhi Road,NCT of Delhi,Delhi_NCR,28.5895,77.2247,Art,Cultural Complex,"Hub for art exhibitions, film screenings, theatre and literary events hosted across multiple galleries and auditoriums.",art;theatre;film;literature,0.0,2.0,Culture seekers;Art lovers,1,25.0,4.5,3900,Evening,Indoor,True,True,False,India Habitat Centre,https://images.unsplash.com/photo-1460661419201-fd4cecdf8a8b?w=800&q=80
DELHI-032,Bikaner House Art Exhibitions,Delhi,India Gate,NCT of Delhi,Delhi_NCR,28.6119,77.2338,Art,Gallery Space,Former royal guesthouse of Bikaner now converted into a contemporary art and culture venue hosting rotating exhibitions.,art;heritage-building;gallery,0.0,1.5,Art lovers;Photography,1,20.0,4.3,1400,Afternoon,Indoor,False,True,False,Bikaner House,https://images.unsplash.com/photo-1460661419201-fd4cecdf8a8b?w=800&q=80
DELHI-033,Dilli Haat INA - Handicrafts Bazaar,Delhi,INA,NCT of Delhi,Delhi_NCR,28.5717,77.2103,Shopping,Handicrafts Market,"Open-air crafts and food bazaar with rotating stalls run by artisans from across India, plus regional food counters.",handicrafts;food;shopping;crafts-fair,30.0,2.5,Shopping;Food;Families,1,30.0,4.5,38000,Evening,Outdoor,False,True,False,Delhi Tourism,https://images.unsplash.com/photo-1533900298318-6b8da08a523e?w=800&q=80
DELHI-034,Kingdom of Dreams,Gurugram,Gurugram,Haryana,Delhi_NCR,28.4685,77.0688,Entertainment,Live Theatre,"Live entertainment and cultural theme park featuring Bollywood-style musicals, a nawabi food street and cultural gully.",theatre;bollywood;entertainment;food,1800.0,3.0,Entertainment seekers;Couples;Families,1,10.0,4.4,26000,Evening,Indoor,True,False,False,Kingdom of Dreams,https://images.unsplash.com/photo-1507525428034-b723cf961d3e?w=800&q=80
DELHI-035,Kathak Kendra Dance Performance,Delhi,Bahawalpur House,NCT of Delhi,Delhi_NCR,28.6221,77.2361,Art,Classical Dance,National institute for Kathak dance hosting classical performances and recitals by students and masters.,kathak;dance;classical;culture,0.0,1.5,Culture seekers;Art lovers,1,20.0,4.3,800,Evening,Indoor,True,True,True,Sangeet Natak Akademi,https://images.unsplash.com/photo-1460661419201-fd4cecdf8a8b?w=800&q=80
DELHI-036,Chandni Chowk Food Walk,Delhi,Old Delhi,NCT of Delhi,Delhi_NCR,28.6506,77.2303,Food,Street Food Walk,"Guided or self-led tasting trail through Delhi's oldest food lanes covering parathas, chaat, jalebis and kebabs.",street-food;walking-tour;old-delhi,1000.0,3.0,Foodies;Culture seekers,2,12.0,4.7,14200,Morning,Outdoor,True,True,False,Delhi Food Walks,https://images.unsplash.com/photo-1589301760014-d929f3979dbc?w=800&q=80
DELHI-037,Paranthe Wali Gali,Delhi,Old Delhi,NCT of Delhi,Delhi_NCR,28.6514,77.228,Food,Street Food Lane,Century-old lane famous for stuffed deep-fried parathas served with pickles and sweet lassi at century-old family shops.,parathas;street-food;iconic,150.0,1.0,Foodies,1,8.0,4.3,9600,Breakfast,Outdoor,False,True,False,Local vendors,https://images.unsplash.com/photo-1589301760014-d929f3979dbc?w=800&q=80
DELHI-038,Karim's Old Delhi,Delhi,Jama Masjid,NCT of Delhi,Delhi_NCR,28.65,77.2337,Food,Mughlai Restaurant,"Legendary Mughlai restaurant founded in 1913, serving kebabs, biryani and mutton korma near Jama Masjid.",mughlai;kebabs;iconic-restaurant,500.0,1.5,Foodies,1,10.0,4.3,22000,Lunch/Dinner,Indoor/Outdoor,False,True,False,Karim's,https://images.unsplash.com/photo-1504674900247-0877df9cc836?w=800&q=80
DELHI-039,Old Famous Jalebi Wala,Delhi,Chandni Chowk,NCT of Delhi,Delhi_NCR,28.6519,77.2306,Food,Sweet Shop,"Over century-old shop famous for its hot, syrup-soaked jalebis fried in ghee at the Dariba Kalan corner.",jalebi;sweets;iconic,50.0,0.5,Foodies,1,6.0,4.2,6700,Anytime,Outdoor,False,True,False,Local vendor,https://images.unsplash.com/photo-1504674900247-0877df9cc836?w=800&q=80
DELHI-040,Jama Masjid Kebab & Street Food Trail,Delhi,Old Delhi,NCT of Delhi,Delhi_NCR,28.651,77.2325,Food,Street Food Walk,"Evening trail through the lanes around Jama Masjid for seekh kebabs, nihari, kulfi-falooda and Mughlai fare.",kebabs;street-food;non-veg;evening,700.0,2.0,Foodies,1,10.0,4.5,4800,Evening,Outdoor,True,True,False,Local food walks,https://images.unsplash.com/photo-1589301760014-d929f3979dbc?w=800&q=80
DELHI-041,Lajpat Nagar Street Food Trail,Delhi,Lajpat Nagar,NCT of Delhi,Delhi_NCR,28.5677,77.2433,Food,Street Food & Shopping,"Bustling market lane combining street snacks like momos, chaat and tikkis with budget clothing and jewellery shopping.",street-food;shopping;chaat,300.0,2.0,Foodies;Shopping,1,10.0,4.2,5600,Evening,Outdoor,False,True,False,Local vendors,https://images.unsplash.com/photo-1589301760014-d929f3979dbc?w=800&q=80
DELHI-042,Connaught Place Food & Café Trail,Delhi,Connaught Place,NCT of Delhi,Delhi_NCR,28.6315,77.2167,Food,Dining District,"Colonial-era circular market ringed with cafes, iconic eateries and rooftop restaurants, popular by day and night.",cafes;dining;nightlife;colonial,0.0,2.5,Foodies;Nightlife;Shopping,1,15.0,4.4,31000,Evening,Outdoor,False,False,False,Delhi Tourism,https://images.unsplash.com/photo-1504674900247-0877df9cc836?w=800&q=80
DELHI-043,Khan Market Food & Boutique Trail,Delhi,Khan Market,NCT of Delhi,Delhi_NCR,28.6001,77.2276,Food,Upscale Market,"Upmarket lane of designer boutiques, bookshops and acclaimed restaurants, frequently ranked among the world's priciest streets.",boutiques;fine-dining;shopping,0.0,2.0,Shopping;Foodies,1,10.0,4.4,12800,Evening,Outdoor,False,False,False,Delhi Tourism,https://images.unsplash.com/photo-1533900298318-6b8da08a523e?w=800&q=80
DELHI-044,Majnu ka Tilla Tibetan Market,Delhi,North Delhi,NCT of Delhi,Delhi_NCR,28.7079,77.2274,Food,Tibetan Colony,"Tibetan refugee settlement known for momos, thukpa, Tibetan handicrafts, prayer flags and street murals.",tibetan;momos;street-art;offbeat,200.0,2.0,Foodies;Offbeat explorers;Photography,1,10.0,4.4,8900,Evening,Outdoor,False,True,True,Local vendors,https://images.unsplash.com/photo-1533900298318-6b8da08a523e?w=800&q=80
DELHI-045,INA Market International Food Bazaar,Delhi,INA,NCT of Delhi,Delhi_NCR,28.5745,77.2103,Food,Specialty Market,"Delhi's go-to market for imported groceries, exotic seafood, meats and regional Indian produce.",gourmet;groceries;seafood;specialty,0.0,1.5,Foodies,1,10.0,4.2,3100,Morning,Outdoor,False,True,False,Local traders,https://images.unsplash.com/photo-1533900298318-6b8da08a523e?w=800&q=80
DELHI-046,Chandni Chowk Market,Delhi,Old Delhi,NCT of Delhi,Delhi_NCR,28.6551,77.2298,Shopping,Historic Bazaar,"Delhi's oldest and busiest market with specialised lanes for jewellery, spices, sarees and electronics.",bazaar;shopping;historic;chaotic,0.0,3.0,Shopping;Culture,1,15.0,4.4,41000,Morning,Outdoor,False,True,False,Delhi Tourism,https://images.unsplash.com/photo-1533900298318-6b8da08a523e?w=800&q=80
DELHI-047,Sarojini Nagar Market,Delhi,South Delhi,NCT of Delhi,Delhi_NCR,28.5768,77.1998,Shopping,Street Market,"Famous budget street market for export-surplus clothing, footwear and accessories at bargain prices.",bargain;clothing;street-market,0.0,2.5,Shopping;Budget travelers,1,15.0,4.2,18500,Afternoon,Outdoor,False,True,False,Delhi Tourism,https://images.unsplash.com/photo-1533900298318-6b8da08a523e?w=800&q=80
DELHI-048,Janpath Market,Delhi,Connaught Place,NCT of Delhi,Delhi_NCR,28.6265,77.2183,Shopping,Street Market,"Popular tourist street market for handicrafts, jewellery, bags and boho clothing with brisk bargaining culture.",handicrafts;bargain;tourist-shopping,0.0,1.5,Shopping;Tourists,1,15.0,4.1,9200,Afternoon,Outdoor,False,False,False,Delhi Tourism,https://images.unsplash.com/photo-1533900298318-6b8da08a523e?w=800&q=80
DELHI-049,Karol Bagh Market,Delhi,Karol Bagh,NCT of Delhi,Delhi_NCR,28.6519,77.1907,Shopping,Local Bazaar,"One of Delhi's largest shopping districts for clothing, electronics, footwear and wedding shopping.",shopping;wedding;electronics;local,0.0,2.5,Shopping;Local experience,1,15.0,4.2,15600,Evening,Outdoor,False,True,False,Delhi Tourism,https://images.unsplash.com/photo-1533900298318-6b8da08a523e?w=800&q=80
DELHI-050,Chawri Bazar (Paper & Wedding Card Market),Delhi,Old Delhi,NCT of Delhi,Delhi_NCR,28.6492,77.2245,Shopping,Wholesale Bazaar,"Historic wholesale market for paper goods, wedding cards, brassware and hardware, one of Old Delhi's oldest trading streets.",wholesale;paper;offbeat;local,0.0,1.5,Local experience;Offbeat explorers,1,10.0,4.0,1800,Morning,Outdoor,False,True,True,Local traders,https://images.unsplash.com/photo-1533900298318-6b8da08a523e?w=800&q=80
DELHI-051,Kinari Bazar (Wedding & Zari Market),Delhi,Old Delhi,NCT of Delhi,Delhi_NCR,28.6503,77.2311,Shopping,Wedding Bazaar,"Narrow lane crammed with shops selling zari borders, wedding accessories, braids and decorative trims.",wedding-shopping;zari;local;offbeat,0.0,1.0,Local experience;Shopping,1,10.0,4.1,1400,Afternoon,Outdoor,False,True,True,Local traders,https://images.unsplash.com/photo-1533900298318-6b8da08a523e?w=800&q=80
DELHI-052,Meena Bazar (Jama Masjid),Delhi,Old Delhi,NCT of Delhi,Delhi_NCR,28.6503,77.232,Shopping,Bazaar,"Bustling lane beside Jama Masjid selling attar perfumes, books, spices and Old Delhi curios.",attar;spices;local;bazaar,0.0,1.0,Local experience;Shopping,1,10.0,4.0,1600,Afternoon,Outdoor,False,True,True,Local traders,https://images.unsplash.com/photo-1609766857041-ed402ea8069a?w=800&q=80
DELHI-053,Palika Bazar,Delhi,Connaught Place,NCT of Delhi,Delhi_NCR,28.6304,77.2178,Shopping,Underground Market,"Delhi's first underground air-conditioned shopping arcade, known for budget electronics, perfumes and accessories.",underground-market;budget;electronics,0.0,1.0,Shopping;Budget travelers,1,15.0,3.9,4300,Afternoon,Indoor,False,True,False,Delhi Tourism,https://images.unsplash.com/photo-1533900298318-6b8da08a523e?w=800&q=80
DELHI-054,Shahpur Jat Boutique Market,Delhi,Shahpur Jat,NCT of Delhi,Delhi_NCR,28.5561,77.2166,Shopping,Designer Village,"Urban village turned design hub with independent fashion labels, home decor studios and quirky cafes tucked into narrow lanes.",designer;boutiques;cafes;urban-village,0.0,2.0,Shopping;Photography,1,10.0,4.3,3900,Afternoon,Outdoor,False,True,True,Local businesses,https://images.unsplash.com/photo-1533900298318-6b8da08a523e?w=800&q=80
DELHI-055,Lotus Temple,Delhi,Kalkaji,NCT of Delhi,Delhi_NCR,28.5535,77.2588,Architecture,Baha'i House of Worship,"Lotus-shaped Baha'i temple of white marble open to all faiths, one of the most visited buildings in the world.",baha'i;architecture;peaceful;iconic,0.0,1.0,Families;Photography;Religious travelers,1,30.0,4.6,98000,Morning,Indoor/Outdoor,False,False,False,Baha'i Community of India,https://images.unsplash.com/photo-1609766857041-ed402ea8069a?w=800&q=80
DELHI-056,Akshardham Temple,Delhi,East Delhi,NCT of Delhi,Delhi_NCR,28.6127,77.2773,Architecture,Modern Hindu Temple,"Vast temple complex of intricately carved sandstone and marble with exhibitions, gardens and an evening musical fountain show.",temple;architecture;show;family,0.0,3.0,Families;Architecture fans;Religious travelers,1,25.0,4.7,155000,Evening,Indoor/Outdoor,True,False,False,BAPS Swaminarayan,https://images.unsplash.com/photo-1609766857041-ed402ea8069a?w=800&q=80
DELHI-057,Jantar Mantar,Delhi,Connaught Place,NCT of Delhi,Delhi_NCR,28.6271,77.2166,Architecture,Astronomical Observatory,18th-century astronomical observatory built by Maharaja Jai Singh II with monumental geometric instruments.,astronomy;architecture;history,25.0,1.0,History lovers;Photography,1,20.0,4.3,14200,Morning,Outdoor,False,False,False,ASI,https://images.unsplash.com/photo-1507525428034-b723cf961d3e?w=800&q=80
DELHI-058,ISKCON Temple Delhi,Delhi,East of Kailash,NCT of Delhi,Delhi_NCR,28.5518,77.2596,Religious,Krishna Temple,"Modern Krishna temple complex with a multimedia hall on the Bhagavad Gita, gardens and a popular prasad restaurant.",krishna;temple;multimedia;food,0.0,1.5,Religious travelers;Families,1,25.0,4.5,17800,Evening,Indoor/Outdoor,False,False,False,ISKCON Delhi,https://images.unsplash.com/photo-1609766857041-ed402ea8069a?w=800&q=80
DELHI-059,Gurudwara Bangla Sahib,Delhi,Connaught Place,NCT of Delhi,Delhi_NCR,28.627,77.21,Religious,Sikh Gurudwara,17th-century Sikh shrine with a sacred pool and a langar hall serving free meals to thousands daily.,sikh;gurudwara;langar;peaceful,0.0,1.5,Religious travelers;Culture seekers,1,30.0,4.7,62000,Evening,Indoor/Outdoor,False,True,False,Delhi Sikh Gurdwara Management Committee,https://images.unsplash.com/photo-1609766857041-ed402ea8069a?w=800&q=80
DELHI-060,Chhatarpur Temple,Delhi,South Delhi,NCT of Delhi,Delhi_NCR,28.4954,77.1806,Religious,Hindu Temple Complex,"One of India's largest temple complexes dedicated to Goddess Katyayani, with marble carvings across sprawling grounds.",temple;marble;large-complex,0.0,1.5,Religious travelers;Families,1,25.0,4.5,21500,Evening,Outdoor,False,False,False,Chhatarpur Temple Trust,https://images.unsplash.com/photo-1609766857041-ed402ea8069a?w=800&q=80
DELHI-061,Kalkaji Mandir,Delhi,Kalkaji,NCT of Delhi,Delhi_NCR,28.5504,77.2589,Religious,Hindu Temple,"Ancient temple dedicated to Goddess Kali, one of Delhi's most revered Shakti Peetha shrines.",temple;kali;pilgrimage,0.0,1.0,Religious travelers,1,30.0,4.4,8700,Morning,Outdoor,False,True,False,Temple Trust,https://images.unsplash.com/photo-1609766857041-ed402ea8069a?w=800&q=80
DELHI-062,Cathedral Church of the Redemption,Delhi,Central Delhi,NCT of Delhi,Delhi_NCR,28.6142,77.2,Religious,Anglican Cathedral,Delhi's principal Anglican church built in 1935 in colonial architectural style near Rashtrapati Bhavan.,church;colonial;architecture;quiet,0.0,0.75,Religious travelers;Architecture fans,1,15.0,4.4,900,Sunday morning,Indoor,False,False,True,Church of North India,https://images.unsplash.com/photo-1609766857041-ed402ea8069a?w=800&q=80
DELHI-063,Lodhi Art District,Delhi,Lodhi Colony,NCT of Delhi,Delhi_NCR,28.5851,77.2295,Photography,Street Art,India's first open-air public art district with over 50 large-scale murals by Indian and international artists across residential blocks.,street-art;murals;photography;urban,0.0,2.0,Photography;Art lovers,1,10.0,4.5,5600,Morning,Outdoor,False,True,True,St+art India,https://images.unsplash.com/photo-1460661419201-fd4cecdf8a8b?w=800&q=80
DELHI-064,Garden of Five Senses,Delhi,Saidul Ajaib,NCT of Delhi,Delhi_NCR,28.5107,77.1993,Nature,Theme Garden,"Landscaped garden with sculptures, rock formations, a Mughal garden section and terraced amphitheatre popular for photography.",garden;sculpture;photography;leisure,60.0,2.0,Families;Photography;Couples,1,25.0,4.4,13800,Evening,Outdoor,False,False,False,DTTDC,https://images.unsplash.com/photo-1506744038136-46273834b3fb?w=800&q=80
DELHI-065,Pottery Workshop at Triveni Kala Sangam,Delhi,Mandi House,NCT of Delhi,Delhi_NCR,28.6259,77.2246,Workshop,Craft Workshop,Hands-on pottery and wheel-throwing sessions taught by resident ceramic artists.,pottery;hands-on;craft;workshop,1200.0,2.5,Hobbyists;Couples;Creative travelers,1,12.0,4.5,640,Weekend,Indoor,True,True,False,Triveni Kala Sangam,https://images.unsplash.com/photo-1507525428034-b723cf961d3e?w=800&q=80
DELHI-066,"Block Printing Workshop, Delhi",Delhi,Hauz Khas,NCT of Delhi,Delhi_NCR,28.5535,77.195,Workshop,Craft Workshop,"Traditional Rajasthani hand block-printing session on fabric using natural dyes, led by craft studios in Hauz Khas Village.",block-printing;textile;craft;hands-on,1500.0,3.0,Hobbyists;Creative travelers,1,10.0,4.6,420,Weekend,Indoor,True,True,True,Local craft studios,https://images.unsplash.com/photo-1507525428034-b723cf961d3e?w=800&q=80
DELHI-067,Old Delhi Cooking Class - Mughlai Cuisine,Delhi,Old Delhi,NCT of Delhi,Delhi_NCR,28.652,77.229,Workshop,Culinary Class,"Hands-on cooking class teaching classic Mughlai dishes like kebabs, korma and biryani in a home-kitchen setting.",cooking-class;mughlai;hands-on;food,2500.0,4.0,Foodies;Creative travelers,2,8.0,4.7,980,Morning,Indoor,True,True,False,Local culinary hosts,https://images.unsplash.com/photo-1507525428034-b723cf961d3e?w=800&q=80
DELHI-068,Street Photography Workshop - Old Delhi,Delhi,Chandni Chowk,NCT of Delhi,Delhi_NCR,28.651,77.231,Workshop,Photography Tour,"Guided street photography walk through Old Delhi's lanes with tips on composition, light and candid storytelling.",photography;workshop;old-delhi,1800.0,3.0,Photography enthusiasts,1,8.0,4.6,560,Early morning,Outdoor,True,True,False,Local photography guides,https://images.unsplash.com/photo-1516035069371-29a1b244cc32?w=800&q=80
DELHI-069,Miniature Painting Workshop at Crafts Museum,Delhi,Pragati Maidan,NCT of Delhi,Delhi_NCR,28.6142,77.2431,Workshop,Craft Workshop,Introductory session in traditional Indian miniature painting techniques with resident museum artisans.,miniature-painting;craft;art;hands-on,1000.0,2.0,Hobbyists;Art lovers,1,12.0,4.4,310,Weekend,Indoor,True,True,True,Crafts Museum,https://images.unsplash.com/photo-1565008447742-97f6f38c985c?w=800&q=80
DELHI-070,Majnu ka Tilla Neighbourhood Walk,Delhi,North Delhi,NCT of Delhi,Delhi_NCR,28.7075,77.227,Local Experience,Neighborhood Walk,"Self-guided stroll through the Tibetan refugee colony with monasteries, murals, cafes and craft stalls.",tibetan;walk;murals;offbeat,0.0,1.5,Offbeat explorers;Photography,1,10.0,4.3,2100,Afternoon,Outdoor,False,True,True,Local community,https://images.unsplash.com/photo-1507525428034-b723cf961d3e?w=800&q=80
DELHI-071,Nizamuddin Basti Heritage Walk,Delhi,Nizamuddin,NCT of Delhi,Delhi_NCR,28.591,77.2425,Local Experience,Heritage Walk,"Community-led walk through the historic Sufi neighbourhood surrounding the Nizamuddin Dargah, its bazaars and step-well.",sufi;community;heritage;walk,600.0,2.0,Culture seekers;Offbeat explorers,2,15.0,4.6,3400,Morning,Outdoor,True,True,False,Hazrat Nizamuddin Basti Trust,https://images.unsplash.com/photo-1587474260584-136574528ed5?w=800&q=80
DELHI-072,Mehrauli Village Walk,Delhi,Mehrauli,NCT of Delhi,Delhi_NCR,28.515,77.183,Local Experience,Heritage Walk,"Walk through a centuries-old urban village layered with monuments, shrines and everyday local life around Qutub Minar.",village;heritage;walk;offbeat,500.0,2.0,Offbeat explorers;History lovers,2,12.0,4.3,1200,Morning,Outdoor,True,True,True,Local heritage guides,https://images.unsplash.com/photo-1587474260584-136574528ed5?w=800&q=80
DELHI-073,Shahpur Jat Urban Village Walk,Delhi,Shahpur Jat,NCT of Delhi,Delhi_NCR,28.5565,77.216,Local Experience,Neighborhood Walk,"Wander through narrow lanes where an old farming village now hosts designer studios, art spaces and cafes side by side.",urban-village;design;cafes;walk,0.0,1.5,Shopping;Offbeat explorers,1,10.0,4.2,1100,Afternoon,Outdoor,False,True,True,Local businesses,https://images.unsplash.com/photo-1507525428034-b723cf961d3e?w=800&q=80
DELHI-074,"Deer Park, Hauz Khas",Delhi,Hauz Khas,NCT of Delhi,Delhi_NCR,28.5556,77.1969,Nature,Urban Park,"Green urban park adjoining Hauz Khas lake with deer, peacocks, rose gardens and jogging trails.",deer;park;nature;jogging,0.0,1.5,Families;Nature lovers;Joggers,1,20.0,4.4,8900,Early morning,Outdoor,False,False,False,Delhi Development Authority,https://images.unsplash.com/photo-1506744038136-46273834b3fb?w=800&q=80
DELHI-075,Yamuna Biodiversity Park,Delhi,North Delhi,NCT of Delhi,Delhi_NCR,28.7554,77.2354,Nature,Wildlife Reserve,"Restored wetland ecosystem along the Yamuna floodplain with birdwatching trails, native flora zones and a butterfly conservatory.",wetland;birdwatching;nature;offbeat,30.0,2.5,Nature lovers;Birdwatchers,1,20.0,4.3,1600,Early morning,Outdoor,True,False,True,DDA Biodiversity Parks Programme,https://images.unsplash.com/photo-1506744038136-46273834b3fb?w=800&q=80
DELHI-076,Asola Bhatti Wildlife Sanctuary,Delhi,South Delhi,NCT of Delhi,Delhi_NCR,28.4372,77.2274,Nature,Wildlife Sanctuary,"Delhi's largest protected forest area in the Aravalli hills, home to nilgai, jackals and over 190 bird species.",wildlife;forest;hiking;birdwatching,0.0,3.0,Nature lovers;Hikers;Birdwatchers,1,15.0,4.3,1900,Early morning,Outdoor,True,False,True,Delhi Forest Department,https://images.unsplash.com/photo-1506744038136-46273834b3fb?w=800&q=80
DELHI-077,Buddha Jayanti Park,Delhi,Ridge Road,NCT of Delhi,Delhi_NCR,28.6013,77.1949,Nature,Urban Park,"Forested park within the Delhi Ridge with a golden Buddha statue, cycling paths and quiet walking trails.",buddha;park;nature;cycling,0.0,1.5,Nature lovers;Families;Joggers,1,20.0,4.3,3400,Morning,Outdoor,False,False,False,Delhi Development Authority,https://images.unsplash.com/photo-1506744038136-46273834b3fb?w=800&q=80
DELHI-078,Nehru Park,Delhi,Chanakyapuri,NCT of Delhi,Delhi_NCR,28.5921,77.1949,Nature,Urban Park,"Sprawling landscaped park popular for morning yoga, weekend concerts and picnics amid diplomatic enclave greenery.",park;yoga;picnics;leisure,0.0,1.5,Families;Joggers;Nature lovers,1,25.0,4.5,6200,Morning,Outdoor,False,False,False,New Delhi Municipal Council,https://images.unsplash.com/photo-1506744038136-46273834b3fb?w=800&q=80
DELHI-079,Okhla Bird Sanctuary,Noida,Gautam Buddh Nagar,Uttar Pradesh,Delhi_NCR,28.5678,77.3067,Nature,Bird Sanctuary,Wetland sanctuary on the Delhi-Noida border hosting over 300 migratory and resident bird species in winter.,birdwatching;wetland;nature;migratory-birds,50.0,2.5,Birdwatchers;Nature lovers,1,15.0,4.4,2600,Winter mornings,Outdoor,True,False,True,UP Forest Department,https://images.unsplash.com/photo-1506744038136-46273834b3fb?w=800&q=80
DELHI-080,"Botanical Garden, Noida",Noida,Gautam Buddh Nagar,Uttar Pradesh,Delhi_NCR,28.5646,77.3341,Nature,Botanical Garden,Landscaped botanical garden and metro-accessible green space with themed plant zones and a cactus house.,garden;plants;nature;leisure,30.0,1.5,Families;Nature lovers,1,25.0,4.1,2900,Morning,Outdoor,False,False,False,NOIDA Authority,https://images.unsplash.com/photo-1506744038136-46273834b3fb?w=800&q=80
DELHI-081,National Zoological Park (Delhi Zoo),Delhi,Central Delhi,NCT of Delhi,Delhi_NCR,28.6127,77.2431,Family,Zoo,"Delhi's largest zoo adjoining Purana Qila, home to tigers, elephants, reptiles and a large collection of Indian and exotic species.",zoo;animals;family;kids,40.0,2.5,Families;Kids,1,30.0,4.0,44000,Weekday morning,Outdoor,False,False,False,Central Zoo Authority,https://images.unsplash.com/photo-1507525428034-b723cf961d3e?w=800&q=80
DELHI-082,"Adventure Island, Rohini",Delhi,Rohini,NCT of Delhi,Delhi_NCR,28.7274,77.1058,Family,Amusement Park,"Large amusement and water park in northwest Delhi with roller coasters, water rides and a shopping mall attached.",amusement-park;rides;family;kids,800.0,4.0,Families;Kids;Thrill seekers,1,20.0,4.1,9800,Weekend,Outdoor,True,False,False,Adventure Island,https://images.unsplash.com/photo-1533130061792-64b345e4a833?w=800&q=80
DELHI-083,Fun N Food Village,Delhi,Kapashera,NCT of Delhi,Delhi_NCR,28.5265,77.1108,Family,Water Park,"One of Delhi's oldest water and amusement parks with wave pools, water slides and picnic lawns.",water-park;family;kids;summer,900.0,4.0,Families;Kids,1,20.0,3.9,6300,Summer weekend,Outdoor,True,False,False,Fun N Food Village,https://images.unsplash.com/photo-1504674900247-0877df9cc836?w=800&q=80
DELHI-084,"Worlds of Wonder, Noida",Noida,Gautam Buddh Nagar,Uttar Pradesh,Delhi_NCR,28.573,77.363,Family,Amusement & Water Park,"Large amusement and water park in Noida with thrill rides, a snow park and family attractions.",amusement-park;water-park;family;kids,1200.0,5.0,Families;Kids;Thrill seekers,1,25.0,4.2,21000,Weekend,Outdoor,True,False,False,Worlds of Wonder,https://images.unsplash.com/photo-1507525428034-b723cf961d3e?w=800&q=80
DELHI-085,Surajkund Crafts Village,Faridabad,Faridabad,Haryana,Delhi_NCR,28.4419,77.2864,Handicrafts,Crafts Village,"Historic 10th-century reservoir site and permanent crafts village, famous for its annual International Crafts Mela.",handicrafts;mela;heritage;shopping,100.0,3.0,Shopping;Culture seekers;Families,1,25.0,4.3,7600,February (Mela season),Outdoor,False,True,False,Surajkund Mela Authority,https://images.unsplash.com/photo-1507525428034-b723cf961d3e?w=800&q=80
DELHI-086,Hauz Khas Village Nightlife,Delhi,Hauz Khas,NCT of Delhi,Delhi_NCR,28.554,77.1945,Nightlife,Bars & Lounges,"Cluster of rooftop bars, lounges and live-music venues overlooking Hauz Khas lake and fort ruins.",nightlife;bars;rooftop;music,1500.0,3.0,Nightlife;Couples;Groups,1,10.0,4.2,15600,Night,Indoor/Outdoor,True,False,False,Local establishments,https://images.unsplash.com/photo-1514525253161-7a46d19cd819?w=800&q=80
DELHI-087,"Cyber Hub, Gurugram",Gurugram,Gurugram,Haryana,Delhi_NCR,28.4949,77.0891,Nightlife,Dining & Bars,"Open-air dining and entertainment hub with restaurants, bars, live music and a large central plaza.",nightlife;dining;bars;plaza,1500.0,3.0,Nightlife;Foodies;Groups,1,15.0,4.4,32000,Night,Outdoor,False,False,False,DLF Cyber Hub,https://images.unsplash.com/photo-1514525253161-7a46d19cd819?w=800&q=80
DELHI-088,Aerocity Entertainment District,Delhi,Aerocity,NCT of Delhi,Delhi_NCR,28.5495,77.1213,Nightlife,Dining & Hotels,"Airport-adjacent hospitality district with high-end restaurants, rooftop bars and hotel lounges.",nightlife;fine-dining;rooftop,2000.0,3.0,Nightlife;Couples;Business travelers,1,10.0,4.3,6800,Night,Indoor/Outdoor,True,False,False,Delhi Aerocity,https://images.unsplash.com/photo-1514525253161-7a46d19cd819?w=800&q=80
DELHI-089,Connaught Place Nightlife,Delhi,Connaught Place,NCT of Delhi,Delhi_NCR,28.633,77.2195,Nightlife,Pubs & Bars,"Colonial-era circular market that transforms into a lively nightlife strip of pubs, lounges and live-music bars after dark.",nightlife;pubs;live-music,1200.0,3.0,Nightlife;Groups,1,15.0,4.2,11400,Night,Indoor/Outdoor,False,False,False,Local establishments,https://images.unsplash.com/photo-1514525253161-7a46d19cd819?w=800&q=80
DELHI-090,Khirki Masjid,Delhi,Khirki Village,NCT of Delhi,Delhi_NCR,28.5382,77.2028,Heritage,Sultanate Mosque,"Unique fortress-like 14th-century mosque with a covered courtyard, rarely visited and tucked inside an urban village.",offbeat;mosque;architecture;hidden-gem,0.0,0.75,Offbeat explorers;Photography,1,10.0,4.1,700,Morning,Outdoor,False,True,True,ASI,https://images.unsplash.com/photo-1609766857041-ed402ea8069a?w=800&q=80
DELHI-091,Qudsia Bagh,Delhi,Kashmere Gate,NCT of Delhi,Delhi_NCR,28.6663,77.2247,Heritage,Mughal Garden Ruins,"Quiet, crumbling 18th-century Mughal garden and gateway built by Qudsia Begum, largely forgotten by tourists.",mughal;garden;offbeat;ruins,0.0,0.75,Offbeat explorers;Photography,1,10.0,3.9,400,Morning,Outdoor,False,True,True,ASI,https://images.unsplash.com/photo-1587474260584-136574528ed5?w=800&q=80
DELHI-092,Satpula,Delhi,Khirki,NCT of Delhi,Delhi_NCR,28.539,77.2093,Heritage,Medieval Water Structure,"14th-century seven-arched water regulator and dam built by Muhammad bin Tughlaq, an overlooked engineering marvel.",medieval;water-structure;offbeat,0.0,0.5,Offbeat explorers;History lovers,1,10.0,3.9,300,Morning,Outdoor,False,True,True,ASI,https://images.unsplash.com/photo-1587474260584-136574528ed5?w=800&q=80
DELHI-093,Chor Minar,Delhi,Hauz Khas,NCT of Delhi,Delhi_NCR,28.5461,77.1934,Heritage,Sultanate Tower,"13th-century tower riddled with 225 niches, believed to once have displayed the severed heads of thieves and rebels.",offbeat;tower;folklore;hidden-gem,0.0,0.5,Offbeat explorers;Photography,1,10.0,3.8,350,Morning,Outdoor,False,True,True,ASI,https://images.unsplash.com/photo-1587474260584-136574528ed5?w=800&q=80
DELHI-094,Bijai Mandal,Delhi,Hauz Khas,NCT of Delhi,Delhi_NCR,28.5417,77.213,Heritage,Sultanate Ruins,"Ruins believed to be part of Muhammad bin Tughlaq's palace complex, quiet and largely unvisited amid a residential area.",offbeat;ruins;history;hidden-gem,0.0,0.5,Offbeat explorers;History lovers,1,10.0,3.7,200,Morning,Outdoor,False,True,True,ASI,https://images.unsplash.com/photo-1587474260584-136574528ed5?w=800&q=80
DELHI-095,Old Delhi Rooftop Photography Cafe,Delhi,Jama Masjid,NCT of Delhi,Delhi_NCR,28.6512,77.233,Photography,Rooftop Viewpoint,"Rooftop cafes near Jama Masjid offering elevated views over Old Delhi's rooftops and minarets, best at sunset.",rooftop;photography;sunset;views,300.0,1.0,Photography;Couples,1,8.0,4.3,2100,Sunset,Outdoor,False,True,True,Local cafes,https://images.unsplash.com/photo-1554118811-1e0d58224f24?w=800&q=80
DELHI-096,National Philatelic Museum,Delhi,Central Delhi,NCT of Delhi,Delhi_NCR,28.6167,77.241,Museum,Philately Museum,Small niche museum tracing the history of Indian postage stamps and postal services since independence.,stamps;offbeat;museum;niche,0.0,0.75,Offbeat explorers;Collectors,1,15.0,3.9,250,Weekday,Indoor,False,False,True,Department of Posts,https://images.unsplash.com/photo-1565008447742-97f6f38c985c?w=800&q=80
DELHI-097,"Sector 29 Market, Gurugram",Gurugram,Gurugram,Haryana,Delhi_NCR,28.4638,77.0662,Nightlife,Dining & Nightlife Hub,"Pedestrian dining plaza in Gurugram packed with restaurants, pubs and microbreweries, popular with young crowds.",nightlife;dining;pubs;plaza,1000.0,2.5,Nightlife;Groups,1,15.0,4.2,8700,Night,Outdoor,False,False,False,Local establishments,https://images.unsplash.com/photo-1533900298318-6b8da08a523e?w=800&q=80
DELHI-098,DLF CyberHub Street Art & Plaza Walk,Gurugram,Gurugram,Haryana,Delhi_NCR,28.4952,77.0885,Photography,Urban Plaza,"Open plaza with public art installations, fountains and photogenic modern architecture amid Gurugram's skyline.",urban;architecture;photography;plaza,0.0,1.5,Photography;Architecture fans,1,15.0,4.3,4100,Evening,Outdoor,False,False,False,DLF Cyber Hub,https://images.unsplash.com/photo-1460661419201-fd4cecdf8a8b?w=800&q=80
DELHI-099,Sultanpur National Park,Gurugram,Gurugram,Haryana,Delhi_NCR,28.4592,76.8938,Nature,Bird Sanctuary,"Wetland national park attracting migratory birds including flamingos and pelicans, popular for birdwatching in winter.",birdwatching;wetland;nature,40.0,2.0,Nature lovers;Birdwatchers,1,15.0,4.3,3200,Winter morning,Outdoor,True,False,True,Haryana Forest Department,https://images.unsplash.com/photo-1506744038136-46273834b3fb?w=800&q=80
DELHI-100,Rashtrapati Bhavan Heritage Tour,Delhi,Central Delhi,NCT of Delhi,Delhi_NCR,28.6143,77.1994,Heritage,Presidential Palace,"Guided tour of the President of India's official residence, a Lutyens-designed palace with Mughal Gardens open seasonally.",colonial;architecture;gardens;government,50.0,2.5,History lovers;Architecture fans,1,15.0,4.6,9400,Weekday morning,Indoor/Outdoor,True,False,False,President's Secretariat,https://images.unsplash.com/photo-1587474260584-136574528ed5?w=800&q=80
DELHI-101,Purana Qila Sound and Light Show,Delhi,Central Delhi,NCT of Delhi,Delhi_NCR,28.6089,77.2432,Heritage,Sound & Light Show,Evening narration of Delhi's history projected with lighting effects across the fort's ancient ramparts.,sound-and-light-show;history;evening,100.0,1.0,Families;History lovers,1,30.0,4.1,1800,Evening,Outdoor,True,False,False,DTTDC,https://images.unsplash.com/photo-1587474260584-136574528ed5?w=800&q=80
DELHI-102,Red Fort Sound and Light Show,Delhi,Old Delhi,NCT of Delhi,Delhi_NCR,28.6562,77.241,Heritage,Sound & Light Show,Narrated evening show recounting Mughal history projected onto the illuminated ramparts of the Red Fort.,sound-and-light-show;mughal;evening,80.0,1.0,Families;History lovers,1,30.0,4.2,4200,Evening,Outdoor,True,False,False,DTTDC,https://images.unsplash.com/photo-1599661046289-e31897846e41?w=800&q=80
DELHI-103,Raj Ghat,Delhi,Central Delhi,NCT of Delhi,Delhi_NCR,28.641,77.2495,Heritage,Memorial,"Simple black marble platform marking the cremation site of Mahatma Gandhi, set within tranquil lawns.",gandhi;memorial;peaceful,0.0,0.75,History lovers;Families,1,30.0,4.6,22000,Morning,Outdoor,False,False,False,Delhi Tourism,https://images.unsplash.com/photo-1587474260584-136574528ed5?w=800&q=80
DELHI-104,Kirti Nagar Furniture Market,Delhi,West Delhi,NCT of Delhi,Delhi_NCR,28.652,77.1444,Shopping,Wholesale Market,"One of Asia's largest wholesale furniture markets, popular with locals for custom woodwork and home furnishings.",furniture;wholesale;local,0.0,1.5,Local experience;Shopping,1,10.0,4.0,2100,Weekday,Outdoor,False,True,True,Local traders,https://images.unsplash.com/photo-1533900298318-6b8da08a523e?w=800&q=80
DELHI-105,Chandni Chowk Spice Market (Khari Baoli),Delhi,Old Delhi,NCT of Delhi,Delhi_NCR,28.6543,77.2211,Shopping,Wholesale Spice Market,"Asia's largest wholesale spice market, a sensory overload of sacks of chillies, turmeric and dry fruits.",spices;wholesale;sensory;local,0.0,1.5,Foodies;Photography;Local experience,1,10.0,4.4,4700,Morning,Outdoor,False,True,False,Local traders,https://images.unsplash.com/photo-1533900298318-6b8da08a523e?w=800&q=80
DELHI-106,Dariba Kalan Jewellery Lane,Delhi,Old Delhi,NCT of Delhi,Delhi_NCR,28.6516,77.2312,Shopping,Jewellery Bazaar,"Centuries-old silver and gold jewellery lane in the heart of Chandni Chowk, one of Delhi's oldest trading streets.",jewellery;historic;shopping,0.0,1.0,Shopping;Local experience,1,10.0,4.1,1300,Afternoon,Outdoor,False,True,True,Local traders,https://images.unsplash.com/photo-1533900298318-6b8da08a523e?w=800&q=80
DELHI-107,Select Citywalk Mall Saket,Delhi,Saket,NCT of Delhi,Delhi_NCR,28.5286,77.2192,Shopping,Mall,"Upscale shopping mall with international brands, multiplex cinema and rooftop dining, adjoining Kiran Nadar Museum.",mall;shopping;cinema;dining,0.0,2.5,Shopping;Families,1,15.0,4.5,24000,Evening,Indoor,False,False,False,Select Citywalk,https://images.unsplash.com/photo-1533900298318-6b8da08a523e?w=800&q=80
DELHI-108,ISKCON Temple Food (Govinda's Restaurant),Delhi,East of Kailash,NCT of Delhi,Delhi_NCR,28.552,77.26,Food,Vegetarian Restaurant,Pure vegetarian buffet restaurant within the ISKCON temple complex serving satvik North Indian thalis.,vegetarian;buffet;temple-food,400.0,1.5,Foodies;Religious travelers,1,15.0,4.3,3800,Lunch,Indoor,False,False,False,ISKCON Delhi,https://images.unsplash.com/photo-1609766857041-ed402ea8069a?w=800&q=80
DELHI-109,Amrit Kalash Lassi & Old Delhi Sweets Trail,Delhi,Chandni Chowk,NCT of Delhi,Delhi_NCR,28.653,77.228,Food,Sweets & Lassi Trail,"Tasting trail of Old Delhi's legendary sweet shops and lassi vendors, from rabri to matka kulfi.",sweets;lassi;street-food,300.0,1.5,Foodies,1,10.0,4.3,1900,Afternoon,Outdoor,False,True,False,Local vendors,https://images.unsplash.com/photo-1504674900247-0877df9cc836?w=800&q=80
DELHI-110,Daryaganj Sunday Book Market,Delhi,Daryaganj,NCT of Delhi,Delhi_NCR,28.647,77.2385,Shopping,Book Bazaar,Sprawling pavement market of second-hand and discounted books held every Sunday along Netaji Subhash Marg.,books;flea-market;weekend;offbeat,0.0,1.5,Book lovers;Offbeat explorers,1,10.0,4.4,3600,Sunday morning,Outdoor,False,True,True,Local vendors,https://images.unsplash.com/photo-1533900298318-6b8da08a523e?w=800&q=80
DELHI-111,Humayun's Tomb Sunrise Photography Session,Delhi,Nizamuddin,NCT of Delhi,Delhi_NCR,28.5933,77.2507,Photography,Monument Photography,"Early morning visit timed for golden-hour light on the red sandstone and white marble tomb, with minimal crowds.",sunrise;photography;mughal,40.0,1.5,Photography enthusiasts,1,10.0,4.6,3100,Sunrise,Outdoor,False,False,False,ASI,https://images.unsplash.com/photo-1564507592333-c60657eea523?w=800&q=80
DELHI-112,Sunder Nursery Photography Walk,Delhi,Nizamuddin,NCT of Delhi,Delhi_NCR,28.5956,77.2467,Photography,Garden Photography,"Golden-hour photography walk through heritage pavilions, water channels and micro-habitats of this restored Mughal-era park.",photography;garden;heritage,100.0,2.0,Photography enthusiasts;Nature lovers,1,10.0,4.5,1400,Evening,Outdoor,False,False,False,Aga Khan Trust for Culture,https://images.unsplash.com/photo-1516035069371-29a1b244cc32?w=800&q=80
DELHI-113,Chandni Chowk Cycle Rickshaw Heritage Ride,Delhi,Old Delhi,NCT of Delhi,Delhi_NCR,28.6506,77.23,Heritage,Cycle Rickshaw Tour,"Rickshaw ride through the labyrinthine lanes of Old Delhi past havelis, temples and bazaars, an iconic local mode of transport.",rickshaw;old-delhi;local;heritage,300.0,1.5,Families;Culture seekers,1,3.0,4.3,6200,Morning,Outdoor,False,True,False,Local rickshaw operators,https://images.unsplash.com/photo-1587474260584-136574528ed5?w=800&q=80
DELHI-114,Kite Flying at India Gate Lawns,Delhi,Central Delhi,NCT of Delhi,Delhi_NCR,28.612,77.228,Family,Outdoor Activity,"Open lawns near India Gate popular for kite flying, picnics and evening strolls, especially lively around Independence Day.",kite-flying;lawns;family;evening,0.0,1.5,Families;Kids,1,20.0,4.4,5200,Evening,Outdoor,False,False,False,Delhi Tourism,https://images.unsplash.com/photo-1507525428034-b723cf961d3e?w=800&q=80
DELHI-115,Boating at Purana Qila Lake,Delhi,Central Delhi,NCT of Delhi,Delhi_NCR,28.6082,77.244,Family,Boating,"Pedal and row boating on the moat lake beside Purana Qila, a relaxed family activity beneath fort walls.",boating;family;lake;leisure,100.0,1.0,Families;Kids,1,6.0,4.0,3100,Evening,Outdoor,False,False,False,DTTDC,https://images.unsplash.com/photo-1507525428034-b723cf961d3e?w=800&q=80
DELHI-116,Kalindi Kunj Yamuna Riverfront & Tulip Garden,Delhi,South Delhi,NCT of Delhi,Delhi_NCR,28.5384,77.3116,Nature,Riverfront Park,"Riverside park along the Yamuna with a seasonal tulip garden, walking paths and views of the river ecology.",riverfront;tulips;nature;seasonal,30.0,1.5,Families;Nature lovers,1,20.0,4.0,2400,Morning,Outdoor,False,False,True,DDA,https://images.unsplash.com/photo-1506744038136-46273834b3fb?w=800&q=80
DELHI-117,Old Fort Meditation & Yoga at Lodhi Garden,Delhi,Lodhi Colony,NCT of Delhi,Delhi_NCR,28.5925,77.22,Family,Wellness,Community morning yoga and meditation sessions amid Lodhi Garden's tombs and tree-lined paths.,yoga;wellness;morning;outdoor,0.0,1.0,Wellness seekers;Locals,1,30.0,4.5,1600,Early morning,Outdoor,False,True,False,Community groups,https://images.unsplash.com/photo-1599661046289-e31897846e41?w=800&q=80
DELHI-118,Chandni Chowk Old Havelis Walk,Delhi,Old Delhi,NCT of Delhi,Delhi_NCR,28.6528,77.2265,Heritage,Guided Walk,"Walk exploring surviving 17th-19th century havelis (mansions) of Old Delhi's merchant families, some still inhabited.",havelis;architecture;old-delhi;history,700.0,2.0,History lovers;Architecture fans,2,12.0,4.4,1100,Morning,Outdoor,True,True,True,Delhi Heritage Walks,https://images.unsplash.com/photo-1587474260584-136574528ed5?w=800&q=80
DELHI-119,"Champa Gali Design Lane, Saidulajab",Delhi,Saidulajab,NCT of Delhi,Delhi_NCR,28.5185,77.1975,Shopping,Design Boutique Lane,"Narrow urban-village lane transformed into a cluster of independent design studios, cafes and concept stores.",design;boutiques;cafes;offbeat,0.0,1.5,Shopping;Offbeat explorers,1,10.0,4.4,1300,Afternoon,Outdoor,False,True,True,Local businesses,https://images.unsplash.com/photo-1533900298318-6b8da08a523e?w=800&q=80
DELHI-120,Sarai Kale Khan to Old Delhi Heritage Cycling Tour,Delhi,Old Delhi,NCT of Delhi,Delhi_NCR,28.648,77.232,Heritage,Cycling Tour,"Early morning guided cycling tour through Old Delhi's monuments, markets and quiet back lanes.",cycling;heritage;morning;old-delhi,1200.0,3.0,Active travelers;Photography,2,12.0,4.6,1800,Early morning,Outdoor,True,True,False,Delhi cycling tour operators,https://images.unsplash.com/photo-1587474260584-136574528ed5?w=800&q=80
DELHI-121,Chandni Chowk Digambar Jain Temple & Bird Hospital,Delhi,Old Delhi,NCT of Delhi,Delhi_NCR,28.6532,77.2321,Religious,Jain Temple,17th-century Jain temple complex including the world's only hospital dedicated to treating birds.,jain;temple;bird-hospital;unique,0.0,1.0,Religious travelers;Offbeat explorers,1,15.0,4.3,3100,Morning,Indoor/Outdoor,False,True,True,Jain Temple Trust,https://images.unsplash.com/photo-1609766857041-ed402ea8069a?w=800&q=80
DELHI-122,Botanical Garden of Indian Republic,Noida,Gautam Buddh Nagar,Uttar Pradesh,Delhi_NCR,28.5578,77.3345,Family,Metro-linked Theme Garden,"Large themed garden with a musical fountain, maze garden and cactus house, directly connected to a metro station.",garden;family;metro-accessible,30.0,2.0,Families;Nature lovers,1,25.0,4.2,4300,Evening,Outdoor,False,False,False,NOIDA Authority,https://images.unsplash.com/photo-1507525428034-b723cf961d3e?w=800&q=80
KONKAN001,Thiba Palace Heritage Walk,Ratnagiri,Ratnagiri,Maharashtra,Konkan,16.9902,73.312,Heritage,Palace/Museum,"Restored 19th-century palace built for exiled Burmese King Thibaw, now a heritage museum showcasing Konkan history and royal artefacts overlooking Ratnagiri town.",heritage;museum;colonial history;architecture,37.5,1.5,"Culture,History,Photography",1,15.0,4.0,0,Morning or late afternoon,Outdoor/Indoor mix,False,True,False,General Konkan tourism knowledge,https://images.unsplash.com/photo-1587474260584-136574528ed5?w=800&q=80
KONKAN002,Ratnadurg (Bhagwati) Fort,Ratnagiri,Ratnagiri,Maharashtra,Konkan,16.9902,73.312,Fort,Sea fort,"Horseshoe-shaped coastal fort with a Bhagwati temple inside, offering panoramic Arabian Sea views and a working lighthouse nearby; popular sunset spot.",fort;sea view;lighthouse;sunset;temple,0.0,1.5,"Photography,History,Sunset views",1,20.0,4.0,0,Late afternoon/sunset,Outdoor,False,True,False,General Konkan tourism knowledge,https://images.unsplash.com/photo-1599661046289-e31897846e41?w=800&q=80
KONKAN003,Mandavi Beach Evening Stroll,Ratnagiri,Ratnagiri,Maharashtra,Konkan,16.9902,73.312,Beach,City beach,"A black-sand town beach close to Ratnagiri's fishing harbour, popular with locals for evening walks and views of fishing boats returning at dusk.",beach;fishing harbour;evening walk;local life,0.0,1.5,"Family,Photography,Local life",1,30.0,4.0,0,Evening,Outdoor,False,True,False,General Konkan tourism knowledge,https://images.unsplash.com/photo-1507525428034-b723cf961d3e?w=800&q=80
KONKAN004,Ratnagiri Fish Market & Seafood Trail,Ratnagiri,Ratnagiri,Maharashtra,Konkan,16.9902,73.312,Seafood,Food/market,"Early-morning fish auction at the harbour followed by a tasting trail of local Malvani/Konkani seafood thalis, bombil fry and surmai curry at nearby eateries.",seafood;fish market;local cuisine;food trail,550.0,2.5,"Foodies,Local life,Photography",1,10.0,4.0,0,Early morning (market) / lunch (food),Outdoor/Indoor,False,True,True,General Konkan tourism knowledge,https://images.unsplash.com/photo-1533900298318-6b8da08a523e?w=800&q=80
KONKAN005,Alphonso Mango Orchard Visit (Ratnagiri),Ratnagiri,Ratnagiri,Maharashtra,Konkan,16.9902,73.312,Agriculture,Mango farm,"Guided walk through a Ratnagiri Hapus (Alphonso) mango orchard during flowering or harvest season, with a farmer explaining grafting, harvesting and grading.",mango;alphonso;hapus;agri-tourism;farm visit,350.0,2.5,"Family,Agri-tourism,Photography",2,15.0,4.0,0,Feb-May (harvest),Outdoor,True,True,False,General Konkan tourism knowledge,https://images.unsplash.com/photo-1452860606245-08befc0ff44b?w=800&q=80
KONKAN006,Karhateshwar Temple,Ratnagiri,Ratnagiri,Maharashtra,Konkan,16.9902,73.312,Temple,Heritage temple,"A quiet, centuries-old Shiva temple in Ratnagiri known for its stone carving and peaceful setting, popular with pilgrims and heritage walkers.",temple;heritage;shiva;pilgrimage,0.0,0.75,"Culture,Pilgrimage",1,20.0,4.0,0,Morning,Outdoor/Indoor,False,True,True,General Konkan tourism knowledge,https://images.unsplash.com/photo-1609766857041-ed402ea8069a?w=800&q=80
KONKAN007,Lokmanya Tilak Birthplace & Museum,Ratnagiri,Ratnagiri,Maharashtra,Konkan,16.9902,73.312,Heritage,Museum,"The preserved ancestral home of freedom fighter Bal Gangadhar Tilak in Ratnagiri, now a small museum with personal artefacts and history exhibits.",heritage;museum;freedom struggle;history,15.0,1.0,"History,Culture,Family",1,20.0,4.0,0,Morning to evening,Indoor,False,True,False,General Konkan tourism knowledge,https://images.unsplash.com/photo-1565008447742-97f6f38c985c?w=800&q=80
KONKAN008,Bhatye Beach Sunset Point,Ratnagiri,Ratnagiri,Maharashtra,Konkan,16.9902,73.312,Beach,City beach,"A wide, less-crowded beach close to Ratnagiri city with casuarina groves, popular for evening picnics and photography.",beach;sunset;picnic;photography,0.0,1.5,"Family,Photography,Sunset",1,30.0,4.0,0,Evening,Outdoor,False,True,False,General Konkan tourism knowledge,https://images.unsplash.com/photo-1507525428034-b723cf961d3e?w=800&q=80
KONKAN009,"Swayambhu Ganpati Temple, Ganpatipule",Ganpatipule,Ratnagiri,Maharashtra,Konkan,17.1444,73.2666,Temple,Pilgrimage temple,"A 400-year-old self-manifested (swayambhu) Ganesh shrine set right on the beach, considered one of the Ashtavinayak-adjacent revered Ganpati shrines of the Konkan coast.",temple;pilgrimage;ganpati;beach temple;heritage,0.0,1.0,"Pilgrimage,Culture,Family",1,50.0,4.0,0,Early morning or evening aarti,Outdoor/Indoor,False,True,False,General Konkan tourism knowledge,https://images.unsplash.com/photo-1609766857041-ed402ea8069a?w=800&q=80
KONKAN010,Ganpatipule Beach,Ganpatipule,Ratnagiri,Maharashtra,Konkan,17.1444,73.2666,Beach,Golden sand beach,"A wide, gently sloping golden-sand beach beside the Ganpati temple, good for camel rides, beach games and calm-water wading rather than deep swimming.",beach;golden sand;family;camel ride,0.0,2.5,"Family,Photography,Relaxation",1,50.0,4.0,0,Morning or evening,Outdoor,False,True,False,General Konkan tourism knowledge,https://images.unsplash.com/photo-1507525428034-b723cf961d3e?w=800&q=80
KONKAN011,Camel Ride on Ganpatipule Beach,Ganpatipule,Ratnagiri,Maharashtra,Konkan,17.1444,73.2666,Family Activity,Beach activity,"Short camel rides along the shoreline at Ganpatipule beach, a popular add-on for families visiting the temple and beach.",camel ride;family;beach activity,150.0,0.375,"Family,Kids",1,4.0,4.0,0,Evening,Outdoor,False,True,False,General Konkan tourism knowledge,https://images.unsplash.com/photo-1507525428034-b723cf961d3e?w=800&q=80
KONKAN012,Prachin Konkan Museum (Objects of History),Ganpatipule,Ratnagiri,Maharashtra,Konkan,17.1444,73.2666,Culture,Heritage museum,"An open-air museum recreating old Konkani village life with life-size dioramas of rural crafts, farming tools and traditional homes.",museum;heritage;village life;culture,60.0,1.5,"Culture,Family,Photography",1,30.0,4.0,0,Daytime,Outdoor/Indoor,False,True,False,General Konkan tourism knowledge,https://images.unsplash.com/photo-1565008447742-97f6f38c985c?w=800&q=80
KONKAN013,Aare-Ware Beach & Sunset Point,Ganpatipule,Ratnagiri,Maharashtra,Konkan,17.1444,73.2666,Beach,Viewpoint beach,"A dramatic, rugged coastal stretch near Ganpatipule with rocky cliffs, tide pools and one of the best sunset viewpoints in the area.",beach;cliffs;sunset;photography;hidden gem,0.0,1.5,"Photography,Nature,Sunset",1,20.0,4.0,0,Sunset,Outdoor,False,True,True,General Konkan tourism knowledge,https://images.unsplash.com/photo-1507525428034-b723cf961d3e?w=800&q=80
KONKAN014,Malgund - Keshavsuta Memorial,Malgund,Ratnagiri,Maharashtra,Konkan,17.15,73.2667,Culture,Literary heritage,"Birthplace and memorial of Marathi poet Keshavsuta in the small village of Malgund, adjoining a quiet beach, of interest to literature and heritage enthusiasts.",literary heritage;museum;poet;village,15.0,0.75,"Culture,History",1,15.0,4.0,0,Daytime,Indoor,False,True,True,General Konkan tourism knowledge,https://images.unsplash.com/photo-1587474260584-136574528ed5?w=800&q=80
KONKAN015,Jaigad Fort & Lighthouse,Jaigad,Ratnagiri,Maharashtra,Konkan,17.3167,73.2167,Fort,Sea fort,"A 16th-century fort at the mouth of the Shastri river with an adjoining lighthouse, offering sweeping views of the river-meets-sea confluence.",fort;lighthouse;river confluence;history;photography,0.0,1.5,"History,Photography,Nature",1,20.0,4.0,0,Morning or late afternoon,Outdoor,False,True,True,General Konkan tourism knowledge,https://images.unsplash.com/photo-1599661046289-e31897846e41?w=800&q=80
KONKAN016,Purnagad Fort,Ratnagiri,Ratnagiri,Maharashtra,Konkan,16.9902,73.312,Fort,River-mouth fort,"A small, lesser-visited coastal fort at the mouth of the Muchkundi river near Ratnagiri, known for quiet river-sea views and a nearby Ganpati temple.",fort;hidden gem;river;history,0.0,1.0,"History,Photography,Hidden gem",1,15.0,4.0,0,Morning,Outdoor,False,True,True,General Konkan tourism knowledge,https://images.unsplash.com/photo-1599661046289-e31897846e41?w=800&q=80
KONKAN017,"Swami Swaroopanand Ashram, Pawas",Pawas,Ratnagiri,Maharashtra,Konkan,17.0333,73.3167,Temple,Ashram/pilgrimage,"A serene spiritual retreat and ashram at Pawas associated with saint Swami Swaroopanand, drawing devotees for meditation and quiet reflection.",ashram;spiritual;pilgrimage;meditation,0.0,1.5,"Pilgrimage,Culture",1,50.0,4.0,0,Morning,Outdoor/Indoor,False,True,False,General Konkan tourism knowledge,https://images.unsplash.com/photo-1609766857041-ed402ea8069a?w=800&q=80
KONKAN018,Velneshwar Beach,Velneshwar,Ratnagiri,Maharashtra,Konkan,17.5167,73.1667,Beach,Crescent beach,"A quiet, curved beach flanked by a hillside Shiva temple, known for calmer waters and fewer crowds compared to Ganpatipule.",beach;temple;calm water;hidden gem,0.0,1.5,"Family,Relaxation,Photography",1,30.0,4.0,0,Morning or evening,Outdoor,False,True,True,General Konkan tourism knowledge,https://images.unsplash.com/photo-1507525428034-b723cf961d3e?w=800&q=80
KONKAN019,Guhagar Beach,Guhagar,Ratnagiri,Maharashtra,Konkan,17.4833,73.1833,Beach,Casuarina-lined beach,"A long, clean, relatively uncrowded beach fringed with casuarina and coconut trees, considered one of the cleanest in the Konkan.",beach;casuarina;clean beach;relaxation,0.0,2.5,"Family,Relaxation,Photography",1,40.0,4.0,0,Morning or evening,Outdoor,False,True,False,General Konkan tourism knowledge,https://images.unsplash.com/photo-1507525428034-b723cf961d3e?w=800&q=80
KONKAN020,"Vyadeshwar Temple, Guhagar",Guhagar,Ratnagiri,Maharashtra,Konkan,17.4833,73.1833,Temple,Heritage Shiva temple,"An ancient, richly carved stone Shiva temple in the heart of Guhagar town, considered among the important temples of the Konkan coast.",temple;heritage;shiva;architecture,0.0,1.0,"Culture,Pilgrimage,History",1,30.0,4.0,0,Morning or evening aarti,Outdoor/Indoor,False,True,False,Expedia (Guhagar city guide),https://images.unsplash.com/photo-1609766857041-ed402ea8069a?w=800&q=80
KONKAN021,Hedvi - Dashabhuja Ganpati Temple,Guhagar,Ratnagiri,Maharashtra,Konkan,17.4833,73.1833,Temple,Heritage temple,"A unique ten-armed (Dashabhuja) black-stone Ganesh idol temple near Hedvi village, one of the more distinctive shrines on the Ratnagiri coast.",temple;ganpati;hidden gem;heritage,0.0,1.0,"Culture,Pilgrimage,Photography",1,30.0,4.0,0,Morning,Outdoor/Indoor,False,True,True,General Konkan tourism knowledge,https://images.unsplash.com/photo-1609766857041-ed402ea8069a?w=800&q=80
KONKAN022,"Gopalgad Hill Fort, Anjanvel",Guhagar,Ratnagiri,Maharashtra,Konkan,17.4833,73.1833,Fort,Hilltop fort,"A modest hill fort near Anjanvel with sea-facing ramparts, reachable by a short climb, offering wide views over the Arabian Sea coastline.",fort;hiking;sea view;photography,0.0,1.5,"Trekking,History,Photography",1,15.0,4.0,0,Morning,Outdoor,False,True,True,General Konkan tourism knowledge,https://images.unsplash.com/photo-1599661046289-e31897846e41?w=800&q=80
KONKAN023,Palshet Beach,Guhagar,Ratnagiri,Maharashtra,Konkan,17.4833,73.1833,Beach,Secluded beach,"A quiet, less-visited beach close to Guhagar backed by coconut groves, good for a peaceful walk away from crowds.",beach;hidden gem;quiet;nature,0.0,1.5,"Relaxation,Photography,Hidden gem",1,20.0,4.0,0,Morning or evening,Outdoor,False,True,True,General Konkan tourism knowledge,https://images.unsplash.com/photo-1507525428034-b723cf961d3e?w=800&q=80
KONKAN024,Guhagar Coconut & Betel-nut Grove Walk,Guhagar,Ratnagiri,Maharashtra,Konkan,17.4833,73.1833,Agriculture,Plantation walk,"A guided walk through Guhagar's dense coconut and areca (betel-nut) plantations, with insight into traditional Konkan cultivation practices.",coconut;plantation;agri-tourism;village life,200.0,1.5,"Agri-tourism,Nature,Family",2,15.0,4.0,0,Morning,Outdoor,True,True,True,General Konkan tourism knowledge,https://images.unsplash.com/photo-1452860606245-08befc0ff44b?w=800&q=80
KONKAN025,Karde Beach,Dapoli,Ratnagiri,Maharashtra,Konkan,17.7573,73.178,Beach,Popular beach,"One of Dapoli's most popular beaches with soft sand and moderate waves, lined with beach shacks serving Konkani seafood.",beach;seafood;family;popular,0.0,2.5,"Family,Seafood,Relaxation",1,40.0,4.0,0,Morning or evening,Outdoor,False,True,False,General Konkan tourism knowledge,https://images.unsplash.com/photo-1507525428034-b723cf961d3e?w=800&q=80
KONKAN026,Ladghar Beach,Dapoli,Ratnagiri,Maharashtra,Konkan,17.7573,73.178,Beach,Quiet beach,"A calmer, less commercial beach near Dapoli, popular with those staying at nearby homestays for a peaceful coastal experience.",beach;quiet;homestay;relaxation,0.0,1.5,"Relaxation,Photography,Family",1,30.0,4.0,0,Morning or evening,Outdoor,False,True,True,General Konkan tourism knowledge,https://images.unsplash.com/photo-1507525428034-b723cf961d3e?w=800&q=80
KONKAN027,Anjarle Beach & Kadyavarcha Ganpati Temple,Anjarle,Ratnagiri,Maharashtra,Konkan,17.8167,73.1,Temple,Cliff-top temple + beach,"A dramatic cliff-top Ganpati temple overlooking the sea at Anjarle, paired with a clean, quiet beach below, one of Dapoli taluka's most photogenic spots.",temple;beach;cliff;photography;hidden gem,0.0,1.5,"Photography,Pilgrimage,Nature",1,30.0,4.0,0,Morning or sunset,Outdoor,False,True,True,General Konkan tourism knowledge,https://images.unsplash.com/photo-1507525428034-b723cf961d3e?w=800&q=80
KONKAN028,"Suvarnadurg Fort, Harnai",Harnai,Ratnagiri,Maharashtra,Konkan,17.7833,73.0833,Fort,Island sea fort,"A 17th-century Maratha island fort off Harnai, reached by a short boat ride, with a companion mainland fort (Kanakadurga) guarding the harbour.",fort;island;boat ride;history;maratha empire,200.0,2.5,"History,Photography,Adventure",2,15.0,4.0,0,"Morning, low tide preferred",Outdoor,True,True,False,General Konkan tourism knowledge,https://images.unsplash.com/photo-1599661046289-e31897846e41?w=800&q=80
KONKAN029,Harnai Fishing Harbour Experience,Harnai,Ratnagiri,Maharashtra,Konkan,17.7833,73.0833,Fishing,Working harbour,"Watch (and with local fishermen's permission, join) the early-morning bustle of one of the Konkan's busiest fishing harbours as trawlers unload their catch.",fishing;harbour;local life;photography,0.0,2.5,"Photography,Local life,Adventure",1,10.0,4.0,0,Early morning,Outdoor,False,True,True,General Konkan tourism knowledge,https://images.unsplash.com/photo-1507525428034-b723cf961d3e?w=800&q=80
KONKAN030,Dr. Balasaheb Sawant Konkan Krishi Vidyapeeth Agri Tour,Dapoli,Ratnagiri,Maharashtra,Konkan,17.7573,73.178,Agriculture,Agricultural university,"Guided tour of Dapoli's Konkan agricultural university campus and demonstration farms, showcasing mango, cashew and coastal crop research.",agriculture;mango;cashew;education;agri-tourism,0.0,2.5,"Agri-tourism,Education,Family",2,20.0,4.0,0,Weekday mornings,Outdoor,True,True,False,General Konkan tourism knowledge,https://images.unsplash.com/photo-1452860606245-08befc0ff44b?w=800&q=80
KONKAN031,Dapoli Cashew & Mango Farm Visit,Dapoli,Ratnagiri,Maharashtra,Konkan,17.7573,73.178,Agriculture,Orchard tour,"Visit a family-run Dapoli orchard growing Alphonso mangoes and cashew, with a tasting of fresh cashew (and feni where locally made) in season.",cashew;mango;agri-tourism;farm stay,350.0,2.5,"Agri-tourism,Family,Foodies",2,12.0,4.0,0,"Feb-May (mango), Mar-May (cashew)",Outdoor,True,True,False,General Konkan tourism knowledge,https://images.unsplash.com/photo-1452860606245-08befc0ff44b?w=800&q=80
KONKAN032,Unhavare Hot Water Springs,Dapoli,Ratnagiri,Maharashtra,Konkan,17.7573,73.178,Nature,Natural hot spring,"Natural sulphur hot-water springs near Dapoli, traditionally believed to have therapeutic properties, set in a rustic rural setting.",hot spring;nature;hidden gem;wellness,0.0,1.0,"Nature,Wellness,Hidden gem",1,20.0,4.0,0,Morning,Outdoor,False,True,True,General Konkan tourism knowledge,https://images.unsplash.com/photo-1506744038136-46273834b3fb?w=800&q=80
KONKAN033,Dapoli Homestay & Village Life Experience,Dapoli,Ratnagiri,Maharashtra,Konkan,17.7573,73.178,Homestay,Rural homestay,"A stay with a local Konkani family in a traditional Dapoli homestay, including home-cooked meals, orchard walks and everyday village life.",homestay;village life;local cuisine;culture,2250.0,24.0,"Culture,Family,Local life",2,6.0,4.0,0,"Any season, best Oct-May",Outdoor/Indoor,True,True,False,General Konkan tourism knowledge,https://images.unsplash.com/photo-1507525428034-b723cf961d3e?w=800&q=80
KONKAN034,Murud Beach (Dapoli),Dapoli,Ratnagiri,Maharashtra,Konkan,17.7573,73.178,Beach,Quiet beach,"A tranquil, relatively undiscovered beach in Dapoli taluka (not to be confused with Murud-Janjira in Raigad), popular with homestay guests.",beach;hidden gem;quiet;relaxation,0.0,1.5,"Relaxation,Photography,Hidden gem",1,20.0,4.0,0,Morning or evening,Outdoor,False,True,True,General Konkan tourism knowledge,https://images.unsplash.com/photo-1507525428034-b723cf961d3e?w=800&q=80
KONKAN035,Dapoli Hill Viewpoint (Bhandarpuli),Dapoli,Ratnagiri,Maharashtra,Konkan,17.7573,73.178,Nature,Viewpoint,"An elevated viewpoint near Dapoli offering panoramic views of the coastline, orchards and the Sahyadri foothills, popular at sunrise/sunset.",viewpoint;photography;sunrise;sunset;nature,0.0,1.0,"Photography,Nature,Trekking",1,15.0,4.0,0,Sunrise or sunset,Outdoor,False,True,True,General Konkan tourism knowledge,https://images.unsplash.com/photo-1551632811-561732d1e306?w=800&q=80
KONKAN036,"Parshuram Temple, Chiplun",Chiplun,Ratnagiri,Maharashtra,Konkan,17.5333,73.5167,Temple,Heritage temple,"An important pilgrimage temple dedicated to Lord Parshuram on a hillock overlooking Chiplun town, associated with the Konkan region's mythological origin.",temple;pilgrimage;heritage;hilltop,0.0,1.0,"Pilgrimage,Culture,History",1,30.0,4.0,0,Morning,Outdoor/Indoor,False,True,False,General Konkan tourism knowledge,https://images.unsplash.com/photo-1609766857041-ed402ea8069a?w=800&q=80
KONKAN037,"Vashishti River Backwater Kayaking, Chiplun",Chiplun,Ratnagiri,Maharashtra,Konkan,17.5333,73.5167,Water Sports,Kayaking/boating,"Guided kayaking or boat rides on the calm, mangrove-lined Vashishti river backwaters near Chiplun, good for birdwatching and quiet paddling.",kayaking;backwaters;mangroves;birdwatching;nature,850.0,1.5,"Adventure,Nature,Photography",2,10.0,4.0,0,Early morning or late afternoon,Outdoor,True,True,False,General Konkan tourism knowledge,https://images.unsplash.com/photo-1544551763-46a013bb70d5?w=800&q=80
KONKAN038,Marleshwar Temple & Waterfall,Sangameshwar,Ratnagiri,Maharashtra,Konkan,17.1833,73.5333,Waterfall,Temple + waterfall trek,"A cave-set Shiva temple reached by climbing several hundred steps up a forested hill, beside a seasonal waterfall that roars in the monsoon.",waterfall;temple;trekking;monsoon;nature,0.0,2.5,"Trekking,Pilgrimage,Nature",1,20.0,4.0,0,"Monsoon for waterfall, Oct-May for temple trek",Outdoor,False,True,False,General Konkan tourism knowledge,https://images.unsplash.com/photo-1432405972618-c60b0225b8f9?w=800&q=80
KONKAN039,Derwan Shivsrushti (Shiv Srushti Museum),Chiplun,Ratnagiri,Maharashtra,Konkan,17.5333,73.5167,Culture,History theme park,"An open-air museum near Chiplun depicting the life and battles of Chhatrapati Shivaji Maharaj through dioramas, models and a light-and-sound show.",history;museum;maratha empire;family;education,150.0,2.5,"History,Family,Education",1,40.0,4.0,0,Daytime,Outdoor/Indoor,False,True,False,General Konkan tourism knowledge,https://images.unsplash.com/photo-1565008447742-97f6f38c985c?w=800&q=80
KONKAN040,Rajwadi Waterfall,Chiplun,Ratnagiri,Maharashtra,Konkan,17.5333,73.5167,Waterfall,Monsoon waterfall,"A scenic, lesser-known waterfall in the hills near Chiplun that flows strongly during and just after the monsoon, popular with local trekkers.",waterfall;monsoon;hidden gem;trekking,0.0,2.5,"Trekking,Nature,Photography",2,15.0,4.0,0,Jul-Oct,Outdoor,False,True,True,General Konkan tourism knowledge,https://images.unsplash.com/photo-1432405972618-c60b0225b8f9?w=800&q=80
KONKAN041,Gothane Waterfall,Chiplun,Ratnagiri,Maharashtra,Konkan,17.5333,73.5167,Waterfall,Monsoon waterfall,"A quieter monsoon waterfall near Chiplun favoured by locals over more crowded falls, framed by dense Sahyadri foothill greenery.",waterfall;hidden gem;monsoon;nature,0.0,2.5,"Trekking,Nature,Hidden gem",2,15.0,4.0,0,Jul-Sep,Outdoor,False,True,True,General Konkan tourism knowledge,https://images.unsplash.com/photo-1432405972618-c60b0225b8f9?w=800&q=80
KONKAN042,Koyna Wildlife Sanctuary Day Trip (from Chiplun),Chiplun,Ratnagiri,Maharashtra,Konkan,17.5333,73.5167,Wildlife,Wildlife sanctuary,"A day excursion from Chiplun towards the forested Koyna Wildlife Sanctuary in the Sahyadri hills, known for its biodiversity, gaur and birdlife (part of the Western Ghats UNESCO site).",wildlife;forest;western ghats;biodiversity;nature,Forest dept entry fees vary,5.0,"Wildlife,Nature,Trekking",2,15.0,4.0,0,Oct-Apr,Outdoor,True,True,False,General Konkan tourism knowledge,https://images.unsplash.com/photo-1534567153574-2b12153a87f0?w=800&q=80
KONKAN043,Chiplun Alphonso & Cashew Market Walk,Chiplun,Ratnagiri,Maharashtra,Konkan,17.5333,73.5167,Local Cuisine,Market walk,"A walk through Chiplun's bustling local market during mango and cashew season, sampling Konkani snacks, sol kadhi and fresh produce.",market;local cuisine;mango;cashew;food trail,0.0,1.5,"Foodies,Local life,Photography",1,10.0,4.0,0,Feb-May,Outdoor,False,True,False,General Konkan tourism knowledge,https://images.unsplash.com/photo-1533900298318-6b8da08a523e?w=800&q=80
KONKAN044,"Dhutpapeshwar Temple, Rajapur",Rajapur,Ratnagiri,Maharashtra,Konkan,16.65,73.5167,Temple,Riverside temple,"An ancient Shiva temple on the banks of the Kajali river near Rajapur, known for its old stone carving and tranquil riverside setting.",temple;heritage;river;pilgrimage,0.0,1.5,"Pilgrimage,Culture,Nature",1,20.0,4.0,0,Morning,Outdoor/Indoor,False,True,True,General Konkan tourism knowledge,https://images.unsplash.com/photo-1609766857041-ed402ea8069a?w=800&q=80
KONKAN045,Unkeshwar Hot Springs,Rajapur,Ratnagiri,Maharashtra,Konkan,16.65,73.5167,Nature,Hot spring,"Natural hot-water springs near Rajapur with a small temple complex, believed locally to have healing properties, set amid quiet countryside.",hot spring;nature;pilgrimage;hidden gem,0.0,1.5,"Nature,Wellness,Hidden gem",1,20.0,4.0,0,Morning,Outdoor,False,True,True,General Konkan tourism knowledge,https://images.unsplash.com/photo-1506744038136-46273834b3fb?w=800&q=80
KONKAN046,Rajapur Ganga (Intermittent Spring),Rajapur,Ratnagiri,Maharashtra,Konkan,16.65,73.5167,Nature,Seasonal spring,"A famous intermittently-flowing natural spring near Rajapur believed by locals to be linked to the Ganges, drawing pilgrims when it flows.",spring;pilgrimage;nature;hidden gem,0.0,1.0,"Pilgrimage,Nature,Hidden gem",1,30.0,4.0,0,"Varies (intermittent flow, often summer)",Outdoor,False,True,True,General Konkan tourism knowledge,https://images.unsplash.com/photo-1506744038136-46273834b3fb?w=800&q=80
KONKAN047,Nate Fishing Village Experience,Rajapur,Ratnagiri,Maharashtra,Konkan,16.65,73.5167,Fishing,Village/harbour,"A small traditional fishing village near Rajapur where visitors can watch net-mending, boat building and the daily rhythms of a Konkan fishing community.",fishing;village life;local culture;hidden gem,0.0,2.5,"Local life,Photography,Culture",1,10.0,4.0,0,Early morning,Outdoor,False,True,True,General Konkan tourism knowledge,https://images.unsplash.com/photo-1507525428034-b723cf961d3e?w=800&q=80
KONKAN048,Jaitapur Coastal Drive & Viewpoint,Rajapur,Ratnagiri,Maharashtra,Konkan,16.65,73.5167,Nature,Coastal viewpoint,"A scenic, little-visited stretch of coastline near Jaitapur with rocky headlands, ideal for a quiet drive and photography away from tourist crowds.",coastal drive;photography;hidden gem;nature,0.0,1.5,"Photography,Nature,Hidden gem",1,10.0,4.0,0,Morning or evening,Outdoor,False,True,True,General Konkan tourism knowledge,https://images.unsplash.com/photo-1506744038136-46273834b3fb?w=800&q=80
KONKAN049,Solgaon Cashew Belt Walk,Rajapur,Ratnagiri,Maharashtra,Konkan,16.65,73.5167,Agriculture,Cashew orchard,"A rural walk through Solgaon's cashew plantations, one of the Konkan's traditional cashew-growing belts, with a chance to see cashew-apple and feni processing in season.",cashew;agri-tourism;village life;feni,200.0,2.0,"Agri-tourism,Local life,Foodies",2,10.0,4.0,0,Mar-May,Outdoor,True,True,True,General Konkan tourism knowledge,https://images.unsplash.com/photo-1452860606245-08befc0ff44b?w=800&q=80
KONKAN050,Devgad Beach,Devgad,Sindhudurg,Maharashtra,Konkan,16.3833,73.3833,Beach,Quiet beach,"A clean, uncrowded beach in Devgad town famous as the heart of the original Devgad Alphonso mango-growing region.",beach;mango region;quiet;relaxation,0.0,1.5,"Relaxation,Photography,Family",1,30.0,4.0,0,Morning or evening,Outdoor,False,True,False,General Konkan tourism knowledge,https://images.unsplash.com/photo-1507525428034-b723cf961d3e?w=800&q=80
KONKAN051,Vijaydurg Fort,Devgad,Sindhudurg,Maharashtra,Konkan,16.3833,73.3833,Fort,Historic sea fort,"A formidable Maratha naval fort at the mouth of the Vaghotan river, known for its triple ramparts and a submerged underwater wall built to trap enemy ships.",fort;maratha navy;history;photography;heritage,37.5,2.5,"History,Photography,Culture",1,30.0,4.0,0,Morning or late afternoon,Outdoor,False,True,False,General Konkan tourism knowledge,https://images.unsplash.com/photo-1599661046289-e31897846e41?w=800&q=80
KONKAN052,Devgad Alphonso Mango Orchard Tour,Devgad,Sindhudurg,Maharashtra,Konkan,16.3833,73.3833,Agriculture,Mango orchard,"A tour of an orchard in Devgad, home of the most prized (GI-tagged) Alphonso mangoes in India, with tasting and grading demonstrations in season.",mango;alphonso;GI tag;agri-tourism;farm visit,450.0,2.5,"Agri-tourism,Foodies,Family",2,15.0,4.0,0,Mar-May,Outdoor,True,True,False,General Konkan tourism knowledge,https://images.unsplash.com/photo-1452860606245-08befc0ff44b?w=800&q=80
KONKAN053,Kunkeshwar Temple & Beach,Kunkeshwar,Sindhudurg,Maharashtra,Konkan,16.2167,73.3667,Temple,Beachfront Shiva temple,"An ancient Shiva temple standing directly on a scenic beach at Kunkeshwar, sometimes called the 'Kashi of the Konkan', combining pilgrimage with a quiet coastal setting.",temple;beach;pilgrimage;heritage,0.0,1.5,"Pilgrimage,Culture,Photography",1,40.0,4.0,0,Morning or evening aarti,Outdoor/Indoor,False,True,False,General Konkan tourism knowledge,https://images.unsplash.com/photo-1507525428034-b723cf961d3e?w=800&q=80
KONKAN054,Devgad Lighthouse Point,Devgad,Sindhudurg,Maharashtra,Konkan,16.3833,73.3833,Nature,Coastal viewpoint,"A rocky headland near Devgad with a lighthouse, offering sweeping sea views and a quiet spot for sunset photography.",lighthouse;sunset;photography;hidden gem,0.0,1.0,"Photography,Nature,Sunset",1,15.0,4.0,0,Sunset,Outdoor,False,True,True,General Konkan tourism knowledge,https://images.unsplash.com/photo-1506744038136-46273834b3fb?w=800&q=80
KONKAN055,Girye Fort (Yashwantgad),Devgad,Sindhudurg,Maharashtra,Konkan,16.3833,73.3833,Fort,Coastal fort,"A lesser-visited coastal fort near Devgad with sea-facing bastions, appealing to travellers seeking quieter Konkan forts away from the main circuit.",fort;hidden gem;history;coastal,0.0,1.5,"History,Photography,Hidden gem",1,15.0,4.0,0,Morning,Outdoor,False,True,True,General Konkan tourism knowledge,https://images.unsplash.com/photo-1599661046289-e31897846e41?w=800&q=80
KONKAN056,Sindhudurg Fort,Malvan,Sindhudurg,Maharashtra,Konkan,16.0667,73.4667,Fort,Island sea fort,"A massive island sea-fort built by Chhatrapati Shivaji Maharaj in 1664, reached by a short ferry from Malvan jetty, with an old Shiva temple and Shivaji's handprint shrine inside.",fort;maratha empire;island;boat ride;heritage,58.75,2.5,"History,Culture,Photography",1,15.0,4.0,0,Morning to early afternoon,Outdoor,True,True,False,Wikipedia (Tarkarli/Malvan region),https://images.unsplash.com/photo-1599661046289-e31897846e41?w=800&q=80
KONKAN057,Malvan Rock Garden,Malvan,Sindhudurg,Maharashtra,Konkan,16.0667,73.4667,Nature,Coastal viewpoint,"A rocky garden promenade along the Malvan coastline, a popular local spot to watch the sunset with views towards Sindhudurg Fort.",sunset;photography;coastal;local life,0.0,1.0,"Photography,Nature,Sunset",1,30.0,4.0,0,Sunset,Outdoor,False,True,False,General Konkan tourism knowledge,https://images.unsplash.com/photo-1506744038136-46273834b3fb?w=800&q=80
KONKAN058,Malvan Market & Malvani Cuisine Trail,Malvan,Sindhudurg,Maharashtra,Konkan,16.0667,73.4667,Local Cuisine,Food trail,"A walk through Malvan's local market followed by tasting authentic Malvani cuisine - fiery fish curries, sol kadhi, kombdi vade and bombil fry.",malvani cuisine;food trail;seafood;local market,550.0,2.5,"Foodies,Local life,Culture",1,10.0,4.0,0,Lunch or dinner,Outdoor/Indoor,False,True,False,General Konkan tourism knowledge,https://images.unsplash.com/photo-1533900298318-6b8da08a523e?w=800&q=80
KONKAN059,Scuba Diving at Tarkarli/Malvan,Malvan,Sindhudurg,Maharashtra,Konkan,16.0667,73.4667,Water Sports,Scuba diving,"Beginner-friendly shallow-water scuba diving near Tsunami Island/Devbagh with surface-supplied oxygen, guided by trained instructors; Maharashtra's main scuba diving destination.",scuba diving;adventure;marine life;water sports,2000.0,0.75,"Adventure,Nature,Photography",1,6.0,4.0,0,Oct-May (avoid monsoon),Outdoor,True,True,False,Travelxp (Tarkarli scuba diving),https://images.unsplash.com/photo-1544551763-46a013bb70d5?w=800&q=80
KONKAN060,"Snorkeling near Tsunami Island, Malvan",Malvan,Sindhudurg,Maharashtra,Konkan,16.0667,73.4667,Water Sports,Snorkeling,"Shallow-water snorkeling over coral patches near Tsunami Island in the Karli backwaters/estuary, suitable for beginners and non-swimmers with a life jacket.",snorkeling;coral;marine life;beginner friendly,1150.0,0.75,"Adventure,Family,Nature",1,8.0,4.0,0,Oct-May,Outdoor,True,True,False,DiveBuddy.com blog,https://images.unsplash.com/photo-1544551763-46a013bb70d5?w=800&q=80
KONKAN061,"Chivla Beach, Malvan",Malvan,Sindhudurg,Maharashtra,Konkan,16.0667,73.4667,Beach,Town beach,"The closest beach to Malvan town, a calm and clean stretch popular for an easy evening visit without travelling to Tarkarli.",beach;family;relaxation;accessible,0.0,1.5,"Family,Relaxation,Photography",1,30.0,4.0,0,Morning or evening,Outdoor,False,True,False,DiveBuddy.com blog,https://images.unsplash.com/photo-1507525428034-b723cf961d3e?w=800&q=80
KONKAN062,Wayangani Beach,Malvan,Sindhudurg,Maharashtra,Konkan,16.0667,73.4667,Beach,Secluded beach,"A pristine, largely undiscovered stretch of beach near Malvan with fine sand and turquoise water, one of the region's genuine hidden gems.",beach;hidden gem;secluded;photography,0.0,1.5,"Photography,Relaxation,Hidden gem",1,15.0,4.0,0,Morning or evening,Outdoor,False,True,True,General Konkan tourism knowledge,https://images.unsplash.com/photo-1507525428034-b723cf961d3e?w=800&q=80
KONKAN063,Pinguli Chitrakathi Puppet Village,Pinguli,Sindhudurg,Maharashtra,Konkan,16.0333,73.8,Culture,Traditional art village,"A village near Kudal/Malvan where the Thakar community keeps alive Chitrakathi - narrated leather-shadow and painted-scroll storytelling - and traditional puppetry, with live demonstrations at a small museum.",chitrakathi;puppetry;folk art;heritage;village experience,100.0,1.5,"Culture,Heritage,Family",1,20.0,4.0,0,Daytime,Indoor/Outdoor,False,True,True,th.player.fm (Konkan travel podcast),https://images.unsplash.com/photo-1452860606245-08befc0ff44b?w=800&q=80
KONKAN064,Devbagh Sangam - Kayaking & Boating,Malvan,Sindhudurg,Maharashtra,Konkan,16.0667,73.4667,Water Sports,Kayaking/boating,"The scenic confluence where the Karli river meets the Arabian Sea near Devbagh, offering calm backwater kayaking, boat rides and dolphin-spotting trips.",kayaking;boating;river confluence;dolphin watching,650.0,1.5,"Adventure,Nature,Family",2,10.0,4.0,0,Morning,Outdoor,True,True,False,Wikipedia (Tarkarli),https://images.unsplash.com/photo-1544551763-46a013bb70d5?w=800&q=80
KONKAN065,"Sarjekot / Dandi Beach, Malvan",Malvan,Sindhudurg,Maharashtra,Konkan,16.0667,73.4667,Beach,Quiet beach,"A quiet stretch near Malvan popular with locals for evening walks, less commercialised than Tarkarli or Chivla.",beach;local life;quiet;photography,0.0,1.0,"Relaxation,Photography,Local life",1,20.0,4.0,0,Evening,Outdoor,False,True,True,General Konkan tourism knowledge,https://images.unsplash.com/photo-1507525428034-b723cf961d3e?w=800&q=80
KONKAN066,"Rameshwar Temple, Malvan",Malvan,Sindhudurg,Maharashtra,Konkan,16.0667,73.4667,Temple,Coastal temple,"A coastal Shiva temple near Malvan with a peaceful setting, part of the town's traditional temple circuit.",temple;pilgrimage;heritage,0.0,0.75,"Pilgrimage,Culture",1,20.0,4.0,0,Morning,Outdoor/Indoor,False,True,True,General Konkan tourism knowledge,https://images.unsplash.com/photo-1609766857041-ed402ea8069a?w=800&q=80
KONKAN067,Malvan Fishing Boat Experience,Malvan,Sindhudurg,Maharashtra,Konkan,16.0667,73.4667,Fishing,Boat trip,Join local fishermen (where offered) on a short early-morning boat trip off Malvan to see traditional net fishing along the Sindhudurg coast.,fishing;boat trip;local life;adventure,850.0,3.0,"Adventure,Local life,Photography",2,6.0,4.0,0,Early morning,Outdoor,True,True,True,General Konkan tourism knowledge,https://images.unsplash.com/photo-1507525428034-b723cf961d3e?w=800&q=80
KONKAN068,Tarkarli Beach,Tarkarli,Sindhudurg,Maharashtra,Konkan,16.0333,73.4667,Beach,White sand beach,"Often called the 'Queen Beach of Konkan', Tarkarli is known for unusually clear turquoise water and fine white sand, framed by the Karli backwaters.",beach;clear water;iconic;photography,0.0,2.5,"Family,Photography,Relaxation",1,50.0,4.0,0,Morning or evening,Outdoor,False,True,False,Wikipedia (Tarkarli),https://images.unsplash.com/photo-1507525428034-b723cf961d3e?w=800&q=80
KONKAN069,Tarkarli Scuba Diving,Tarkarli,Sindhudurg,Maharashtra,Konkan,16.0333,73.4667,Water Sports,Scuba diving,"Maharashtra's best-known scuba diving spot, with multiple dive points spread over roughly 20 km of coastline near Tsunami Island and Devbagh, suited to beginners and experienced divers alike.",scuba diving;coral;marine life;adventure,2000.0,0.75,"Adventure,Nature,Photography",1,6.0,4.0,0,Oct-May,Outdoor,True,True,False,Travelxp (Tarkarli scuba diving),https://images.unsplash.com/photo-1544551763-46a013bb70d5?w=800&q=80
KONKAN070,Indian Institute of Scuba Diving and Aquatic Sports (IISDA),Tarkarli,Sindhudurg,Maharashtra,Konkan,16.0333,73.4667,Water Sports,Scuba training institute,"India's first integrated scuba diving training centre, based in Tarkarli, offering certified courses alongside recreational dives and other aquatic sports.",scuba training;certification;adventure;institute,"Course fees vary, contact institute",14.0,"Adventure,Certification,Education",1,10.0,4.0,0,Oct-May,Outdoor,True,True,False,The Better India,https://images.unsplash.com/photo-1544551763-46a013bb70d5?w=800&q=80
KONKAN071,Tarkarli Snorkeling,Tarkarli,Sindhudurg,Maharashtra,Konkan,16.0333,73.4667,Water Sports,Snorkeling,"Shallow-water snorkeling trips near Tsunami Island to view Tarkarli's colourful reef fish, corals and other marine life without full scuba gear.",snorkeling;coral;marine life;beginner friendly,1150.0,0.75,"Adventure,Family,Nature",1,8.0,4.0,0,Oct-May,Outdoor,True,True,False,ixigo.com (Tarkarli guide),https://images.unsplash.com/photo-1544551763-46a013bb70d5?w=800&q=80
KONKAN072,Tarkarli Parasailing,Tarkarli,Sindhudurg,Maharashtra,Konkan,16.0333,73.4667,Water Sports,Parasailing,"Aerial parasailing rides above Tarkarli's backwaters and coastline, giving a bird's-eye view of the Karli river meeting the Arabian Sea.",parasailing;adventure;aerial view;water sports,1150.0,0.375,"Adventure,Photography",1,4.0,4.0,0,Oct-May,Outdoor,True,True,False,ixigo.com (Tarkarli guide),https://images.unsplash.com/photo-1544551763-46a013bb70d5?w=800&q=80
KONKAN073,Tsunami Island,Tarkarli,Sindhudurg,Maharashtra,Konkan,16.0333,73.4667,Nature,Sandbar island,"A small, scenic island formed in the Karli river delta after the 2004 tsunami, reachable by boat and now a hub for water sports and casual sightseeing.",island;boat ride;water sports;photography,200.0,1.5,"Adventure,Photography,Family",1,10.0,4.0,0,Morning to afternoon,Outdoor,True,True,False,ixigo.com (Tarkarli guide),https://images.unsplash.com/photo-1506744038136-46273834b3fb?w=800&q=80
KONKAN074,Karli Backwaters Houseboat Stay,Tarkarli,Sindhudurg,Maharashtra,Konkan,16.0333,73.4667,Homestay,Houseboat,"An overnight or day stay on an MTDC-run houseboat on the calm Karli river backwaters at Tarkarli, with open-air upper decks for stargazing and birdwatching.",houseboat;backwaters;unique stay;nature,4500.0,24.0,"Family,Nature,Relaxation",2,6.0,4.0,0,Oct-May,Outdoor/Indoor,True,True,False,The Better India,https://images.unsplash.com/photo-1507525428034-b723cf961d3e?w=800&q=80
KONKAN075,"Dolphin Watching Boat Ride, Tarkarli",Tarkarli,Sindhudurg,Maharashtra,Konkan,16.0333,73.4667,Wildlife,Boat safari,"An early-morning boat ride off the Tarkarli/Malvan coast in search of playful Indo-Pacific humpback dolphins, combined with views of Sindhudurg Fort from the sea.",dolphin watching;wildlife;boat ride;nature,450.0,1.5,"Wildlife,Nature,Family",2,15.0,4.0,0,Early morning,Outdoor,True,True,False,DiveBuddy.com blog,https://images.unsplash.com/photo-1534567153574-2b12153a87f0?w=800&q=80
KONKAN076,"Golden Rock, Tarkarli",Tarkarli,Sindhudurg,Maharashtra,Konkan,16.0333,73.4667,Nature,Coastal viewpoint,"A striking rock formation along the Tarkarli coastline, a favoured photography stop especially at sunset when it catches the golden light.",photography;sunset;coastal rock;hidden gem,0.0,0.75,"Photography,Nature,Hidden gem",1,10.0,4.0,0,Sunset,Outdoor,False,True,True,Wikipedia (Tarkarli),https://images.unsplash.com/photo-1506744038136-46273834b3fb?w=800&q=80
KONKAN077,"Vitthal Temple, Tarkarli",Tarkarli,Sindhudurg,Maharashtra,Konkan,16.0333,73.4667,Temple,Village temple,"A modest village temple in Tarkarli dedicated to Lord Vitthal, forming part of the settlement's traditional religious life away from the beach crowds.",temple;village;heritage;culture,0.0,0.5,"Culture,Pilgrimage",1,20.0,4.0,0,Morning,Outdoor/Indoor,False,True,True,Wikipedia (Tarkarli),https://images.unsplash.com/photo-1609766857041-ed402ea8069a?w=800&q=80
KONKAN078,Devbagh Beach,Tarkarli,Sindhudurg,Maharashtra,Konkan,16.0333,73.4667,Beach,Estuary beach,"A quiet beach at Devbagh where the Karli river meets the sea, popular for its calmer water and as a base for water sports operators.",beach;estuary;water sports;family,0.0,1.5,"Family,Adventure,Photography",1,30.0,4.0,0,Morning or evening,Outdoor,False,True,False,Wikipedia (Tarkarli),https://images.unsplash.com/photo-1507525428034-b723cf961d3e?w=800&q=80
KONKAN079,Vengurla Beach,Vengurla,Sindhudurg,Maharashtra,Konkan,15.8667,73.6333,Beach,Town beach,"A long, breezy town beach at Vengurla with fishing boats, a small port and views towards the Vengurla Rocks offshore islets.",beach;fishing;local life;photography,0.0,1.5,"Family,Photography,Local life",1,30.0,4.0,0,Morning or evening,Outdoor,False,True,False,General Konkan tourism knowledge,https://images.unsplash.com/photo-1507525428034-b723cf961d3e?w=800&q=80
KONKAN080,Vengurla Rocks Seabird Watching,Vengurla,Sindhudurg,Maharashtra,Konkan,15.8667,73.6333,Wildlife,Birdwatching,"A cluster of rocky islets off Vengurla that host nesting seabirds, including terns, and are recognised as an important coastal biodiversity site.",birdwatching;wildlife;islets;nature,750.0,2.5,"Wildlife,Nature,Photography",2,10.0,4.0,0,Nov-Feb (breeding season),Outdoor,True,True,True,General Konkan tourism knowledge,https://images.unsplash.com/photo-1534567153574-2b12153a87f0?w=800&q=80
KONKAN081,Vengurla Lighthouse,Vengurla,Sindhudurg,Maharashtra,Konkan,15.8667,73.6333,Nature,Coastal viewpoint,"A working lighthouse on the Vengurla coast offering sweeping sea views, popular for sunset and quiet photography.",lighthouse;sunset;photography;hidden gem,0.0,1.0,"Photography,Nature,Sunset",1,15.0,4.0,0,Sunset,Outdoor,False,True,True,General Konkan tourism knowledge,https://images.unsplash.com/photo-1506744038136-46273834b3fb?w=800&q=80
KONKAN082,Shiroda Beach,Vengurla,Sindhudurg,Maharashtra,Konkan,15.8667,73.6333,Beach,Secluded beach,"A quiet, largely untouched beach near Vengurla, known locally rather than to mass tourism, ideal for a peaceful coastal walk.",beach;hidden gem;secluded;nature,0.0,1.5,"Relaxation,Photography,Hidden gem",1,15.0,4.0,0,Morning or evening,Outdoor,False,True,True,General Konkan tourism knowledge,https://images.unsplash.com/photo-1507525428034-b723cf961d3e?w=800&q=80
KONKAN083,"Dutch Factory Ruins, Vengurla",Vengurla,Sindhudurg,Maharashtra,Konkan,15.8667,73.6333,Heritage,Colonial ruins,"Remnants of a 17th-century Dutch East India Company trading post near Vengurla, a lesser-known slice of Konkan's colonial-era maritime trade history.",heritage;colonial history;ruins;hidden gem,0.0,1.0,"History,Heritage,Hidden gem",1,15.0,4.0,0,Morning,Outdoor,False,True,True,th.player.fm (Konkan travel podcast),https://images.unsplash.com/photo-1587474260584-136574528ed5?w=800&q=80
KONKAN084,"Cashew Feni Tasting, Vengurla",Vengurla,Sindhudurg,Maharashtra,Konkan,15.8667,73.6333,Local Cuisine,Feni distillery visit,"A visit to a small-scale traditional cashew feni distillation unit near Vengurla-Sindhudurg's cashew belt, with an explanation of the fermentation and distillation process.",feni;cashew;local cuisine;agri-tourism,350.0,1.5,"Foodies,Agri-tourism,Culture",2,10.0,4.0,0,Mar-May (production season),Outdoor/Indoor,True,True,True,General Konkan tourism knowledge,https://images.unsplash.com/photo-1517248135467-4c7edcad34c4?w=800&q=80
KONKAN085,Redi Ganpati Temple,Vengurla,Sindhudurg,Maharashtra,Konkan,15.8667,73.6333,Temple,Coastal temple,"A beachside Ganpati temple near Redi village close to the Goa-Maharashtra border, known for a large idol and views of the nearby port.",temple;pilgrimage;beach;heritage,0.0,1.0,"Pilgrimage,Culture,Photography",1,30.0,4.0,0,Morning,Outdoor/Indoor,False,True,True,General Konkan tourism knowledge,https://images.unsplash.com/photo-1609766857041-ed402ea8069a?w=800&q=80
KONKAN086,Mochemad Beach,Vengurla,Sindhudurg,Maharashtra,Konkan,15.8667,73.6333,Beach,Secluded beach,"A little-visited stretch of coastline near Vengurla with rocky outcrops and calm water, a good hidden-gem alternative to more crowded beaches.",beach;hidden gem;quiet;photography,0.0,1.0,"Relaxation,Photography,Hidden gem",1,10.0,4.0,0,Morning or evening,Outdoor,False,True,True,General Konkan tourism knowledge,https://images.unsplash.com/photo-1507525428034-b723cf961d3e?w=800&q=80
KONKAN087,Sawantwadi Palace (Rajwada),Sawantwadi,Sindhudurg,Maharashtra,Konkan,15.9167,73.8167,Heritage,Royal palace,"An 18th-century Konkan-style royal palace overlooking Moti Talao lake, part-museum and part working artisan studio where Ganjifa cards and wooden toys are still hand-made.",heritage;palace;royal history;craft;architecture,75.0,1.5,"Culture,Heritage,Photography",1,30.0,4.0,0,Morning to evening,Outdoor/Indoor,False,True,False,Outlook Traveller (Guide to Sawantwadi),https://images.unsplash.com/photo-1587474260584-136574528ed5?w=800&q=80
KONKAN088,Ganjifa Hand-Painted Card Making Workshop,Sawantwadi,Sindhudurg,Maharashtra,Konkan,15.9167,73.8167,Handicraft,Artisan workshop,"Watch (and in some sessions, try) the painstaking hand-painting of traditional circular Ganjifa playing cards, a Persian-origin art form preserved by Sawantwadi's Chitari artisan families for generations.",ganjifa;handicraft;art;heritage;workshop,200.0,1.5,"Culture,Handicraft,Photography",1,15.0,4.0,0,Daytime,Indoor,False,True,False,Outlook Traveller (Guide to Sawantwadi),https://images.unsplash.com/photo-1460661419201-fd4cecdf8a8b?w=800&q=80
KONKAN089,Sawantwadi Wooden Toy Workshop Visit,Sawantwadi,Sindhudurg,Maharashtra,Konkan,15.9167,73.8167,Handicraft,Artisan workshop,"Visit artisan workshops near Sawantwadi's Ubha Bazaar where lacquered wooden toys, fruit models and figurines are still hand-carved from mango and Pangara wood by Chitari families, a GI-tagged craft.",wooden toys;handicraft;GI tag;heritage;workshop,0.0,1.5,"Culture,Handicraft,Family",1,15.0,4.0,0,Daytime,Indoor,False,True,False,Vikaspedia (Sawantwadi wooden craft),https://images.unsplash.com/photo-1460661419201-fd4cecdf8a8b?w=800&q=80
KONKAN090,Moti Talao Lakeside Walk,Sawantwadi,Sindhudurg,Maharashtra,Konkan,15.9167,73.8167,Nature,Lake promenade,"An 18th-century royal lake at the heart of Sawantwadi town, with the palace reflected on its surface; a favourite evening walking spot for locals and visitors.",lake;evening walk;heritage;photography,0.0,1.0,"Relaxation,Photography,Culture",1,30.0,4.0,0,Evening,Outdoor,False,True,False,Outlook Traveller (Guide to Sawantwadi),https://images.unsplash.com/photo-1506744038136-46273834b3fb?w=800&q=80
KONKAN091,Narendra Hill Viewpoint,Sawantwadi,Sindhudurg,Maharashtra,Konkan,15.9167,73.8167,Nature,Hill viewpoint,"A hill on the edge of Sawantwadi town offering wide views over the town, Moti Talao and surrounding paddy fields, popular for a short evening climb.",viewpoint;hiking;sunset;photography,0.0,1.5,"Trekking,Photography,Nature",1,15.0,4.0,0,Evening,Outdoor,False,True,True,General Konkan tourism knowledge,https://images.unsplash.com/photo-1551632811-561732d1e306?w=800&q=80
KONKAN092,Amboli Waterfall & Ghat,Amboli,Sindhudurg,Maharashtra,Konkan,15.95,74.0,Waterfall,Monsoon waterfall + hill station,"The main waterfall of Amboli, a Western Ghats hill station above Sawantwadi at roughly 700m elevation, thundering during the monsoon and drawing crowds along the ghat road.",waterfall;monsoon;hill station;western ghats;nature,0.0,1.5,"Nature,Photography,Trekking",1,40.0,4.0,0,Jun-Sep (waterfall in spate),Outdoor,False,True,False,Outlook Traveller (Guide to Sawantwadi),https://images.unsplash.com/photo-1432405972618-c60b0225b8f9?w=800&q=80
KONKAN093,"Kavalshet Point, Amboli",Amboli,Sindhudurg,Maharashtra,Konkan,15.95,74.0,Nature,Viewpoint,"A cliff-edge viewpoint in Amboli offering wide valley views across the Sahyadri range, especially dramatic when monsoon clouds roll through.",viewpoint;western ghats;photography;monsoon,0.0,1.0,"Photography,Nature,Trekking",1,20.0,4.0,0,Jun-Sep (monsoon clouds); clear views Oct-Feb,Outdoor,False,True,False,Outlook Traveller (Guide to Sawantwadi),https://images.unsplash.com/photo-1506744038136-46273834b3fb?w=800&q=80
KONKAN094,Amboli Monsoon Biodiversity (Frog/Nightlife) Walk,Amboli,Sindhudurg,Maharashtra,Konkan,15.95,74.0,Wildlife,Night nature walk,"Guided after-dark walks in Amboli's rainforest during the monsoon to spot the region's rich endemic frog, insect and reptile life; Amboli is recognised as a Western Ghats biodiversity hotspot.",wildlife;biodiversity;monsoon;night walk;western ghats,550.0,2.5,"Wildlife,Nature,Adventure",2,10.0,4.0,0,Jun-Sep (monsoon),Outdoor,True,True,True,General Konkan tourism knowledge,https://images.unsplash.com/photo-1506744038136-46273834b3fb?w=800&q=80
KONKAN095,"Hiranyakeshi Temple & River Origin, Amboli",Amboli,Sindhudurg,Maharashtra,Konkan,15.95,74.0,Temple,Temple + river source,"A cave temple near Amboli marking the source of the Hiranyakeshi river, set amid dense Western Ghats forest, combining pilgrimage with nature.",temple;river source;nature;pilgrimage,0.0,1.5,"Pilgrimage,Nature,Photography",1,20.0,4.0,0,Morning,Outdoor/Indoor,False,True,True,General Konkan tourism knowledge,https://images.unsplash.com/photo-1609766857041-ed402ea8069a?w=800&q=80
KONKAN096,"Nangartas Waterfall, Amboli",Amboli,Sindhudurg,Maharashtra,Konkan,15.95,74.0,Waterfall,Trek waterfall,"A waterfall near Amboli reached by a short forest trek, less crowded than the main Amboli falls and popular with dedicated trekkers.",waterfall;trekking;hidden gem;monsoon,0.0,2.5,"Trekking,Nature,Hidden gem",2,10.0,4.0,0,Jun-Sep,Outdoor,False,True,True,General Konkan tourism knowledge,https://images.unsplash.com/photo-1432405972618-c60b0225b8f9?w=800&q=80
KONKAN097,Kudal Local Market & Konkani Village Experience,Kudal,Sindhudurg,Maharashtra,Konkan,16.0167,73.6833,Culture,Village/market,"A stop in the Sindhudurg market town of Kudal to experience everyday Konkani rural life, local produce markets and roadside snack stalls, often combined with a Pinguli visit.",village experience;local market;culture;food,0.0,1.5,"Local life,Culture,Foodies",1,15.0,4.0,0,Morning,Outdoor,False,True,True,General Konkan tourism knowledge,https://images.unsplash.com/photo-1533900298318-6b8da08a523e?w=800&q=80
KONKAN098,Velas Olive Ridley Turtle Festival,Dapoli,Ratnagiri,Maharashtra,Konkan,17.7573,73.178,Wildlife,Turtle conservation festival,"An annual conservation festival at Velas village (Dapoli taluka) where visitors watch Olive Ridley turtle hatchlings, protected by local villagers, make their first journey to the sea.",turtle festival;wildlife;conservation;hidden gem;family,350.0,3.0,"Wildlife,Family,Conservation",2,20.0,4.0,0,Feb-Mar (hatching season),Outdoor,True,True,False,General Konkan tourism knowledge,https://images.unsplash.com/photo-1534567153574-2b12153a87f0?w=800&q=80
KONKAN099,Anjarle Turtle Nesting Site,Anjarle,Ratnagiri,Maharashtra,Konkan,17.8167,73.1,Wildlife,Turtle conservation,"A second, quieter Olive Ridley turtle nesting beach near Anjarle in Dapoli taluka, part of the same Sahyadri Nisarga Mitra-supported conservation network as Velas.",turtle nesting;wildlife;conservation;hidden gem,0.0,1.5,"Wildlife,Conservation,Family",2,15.0,4.0,0,Feb-Mar,Outdoor,True,True,True,General Konkan tourism knowledge,https://images.unsplash.com/photo-1534567153574-2b12153a87f0?w=800&q=80
KONKAN100,Konkan Shimga (Holi) Palkhi Festival Experience,Ratnagiri,Ratnagiri,Maharashtra,Konkan,16.9902,73.312,Culture,Regional festival,"Witness the Konkan region's distinctive Shimga (Holi) festival, marked by village palkhi (palanquin) processions, folk dance and drumming that differ markedly from north Indian Holi.",festival;shimga;holi;folk culture;palkhi,0.0,3.0,"Culture,Local life,Photography",1,30.0,4.0,0,March (as per Hindu calendar),Outdoor,False,True,True,General Konkan tourism knowledge,https://images.unsplash.com/photo-1452860606245-08befc0ff44b?w=800&q=80
KONKAN101,Narali Purnima Coconut Festival (Fishing Communities),Ratnagiri,Ratnagiri,Maharashtra,Konkan,16.9902,73.312,Culture,Fishermen's festival,"A coastal festival marking the end of the fishing ban, when fishing communities offer coconuts to the sea and decorate boats before resuming the season - a vivid window into Konkan's maritime culture.",festival;fishing community;coastal culture;tradition,0.0,2.0,"Culture,Local life,Photography",1,30.0,4.0,0,"Aug (as per Hindu calendar, Shravan Purnima)",Outdoor,False,True,True,General Konkan tourism knowledge,https://images.unsplash.com/photo-1452860606245-08befc0ff44b?w=800&q=80
KONKAN102,Konkani Cooking Class - Sol Kadhi & Malvani Curry,Malvan,Sindhudurg,Maharashtra,Konkan,16.0667,73.4667,Local Cuisine,Cooking class,"A hands-on cooking session with a local family learning to make sol kadhi (kokum-coconut drink), Malvani fish curry and coconut-based accompaniments.",cooking class;malvani cuisine;sol kadhi;culture,750.0,2.5,"Foodies,Culture,Family",2,10.0,4.0,0,Any time,Indoor,True,True,True,General Konkan tourism knowledge,https://images.unsplash.com/photo-1517248135467-4c7edcad34c4?w=800&q=80
KONKAN103,Vetoba Temple - Kolhapuri Chappal Offerings,Kudal,Sindhudurg,Maharashtra,Konkan,16.0167,73.6833,Temple,Unique local shrine,A distinctive local shrine near Sawantwadi/Kudal where devotees traditionally offer Kolhapuri leather chappals (sandals) to the deity - an unusual and photogenic local custom.,temple;unique tradition;hidden gem;culture,0.0,0.75,"Culture,Photography,Hidden gem",1,20.0,4.0,0,Morning,Outdoor/Indoor,False,True,True,th.player.fm (Konkan travel podcast),https://images.unsplash.com/photo-1609766857041-ed402ea8069a?w=800&q=80
KONKAN104,Achra Creek Mangrove Boat Safari,Devgad,Sindhudurg,Maharashtra,Konkan,16.3833,73.3833,Nature,Mangrove safari,"A quiet boat ride through the mangrove-lined Achra creek between Malvan and Devgad, good for spotting kingfishers, herons and crabs in a calm backwater setting.",mangrove;boat safari;birdwatching;nature,500.0,1.5,"Nature,Wildlife,Photography",2,10.0,4.0,0,Early morning,Outdoor,True,True,True,General Konkan tourism knowledge,https://images.unsplash.com/photo-1506744038136-46273834b3fb?w=800&q=80
KONKAN105,Konkan Railway Viewpoint near Ratnagiri,Ratnagiri,Ratnagiri,Maharashtra,Konkan,16.9902,73.312,Photography,Scenic viewpoint,"A well-known photography spot where the Konkan Railway line curves through Sahyadri foothills and river viaducts, popular with train and landscape photographers.",photography;konkan railway;landscape;hidden gem,0.0,1.0,"Photography,Nature",1,10.0,4.0,0,Morning or late afternoon,Outdoor,False,True,True,General Konkan tourism knowledge,https://images.unsplash.com/photo-1516035069371-29a1b244cc32?w=800&q=80
KONKAN106,Guhagar Water Park & Resort Family Day,Guhagar,Ratnagiri,Maharashtra,Konkan,17.4833,73.1833,Family Activity,Water park,"A family-oriented water park and resort near Guhagar with pools and slides, a good rainy-day or family-fun alternative to the beach.",water park;family;kids;fun,600.0,3.5,"Family,Kids,Fun",2,40.0,4.0,0,Daytime,Outdoor,False,False,False,Hotels.com Guhagar listings,https://images.unsplash.com/photo-1507525428034-b723cf961d3e?w=800&q=80
KONKAN107,Ratnagiri Konkani Village Homestay,Ratnagiri,Ratnagiri,Maharashtra,Konkan,16.9902,73.312,Homestay,Rural homestay,"A stay with a Konkani host family near Ratnagiri, offering home-cooked meals, orchard walks and an everyday view into coastal Maharashtra village life.",homestay;village life;local cuisine;culture,1850.0,24.0,"Culture,Family,Local life",2,6.0,4.0,0,Oct-May,Outdoor/Indoor,True,True,False,General Konkan tourism knowledge,https://images.unsplash.com/photo-1507525428034-b723cf961d3e?w=800&q=80
KONKAN108,Chiplun Riverside Homestay,Chiplun,Ratnagiri,Maharashtra,Konkan,17.5333,73.5167,Homestay,Rural homestay,"A homestay on the banks of the Vashishti river near Chiplun, combining orchard walks, home-style Konkani meals and access to nearby waterfalls and temples.",homestay;river;local cuisine;nature,2250.0,24.0,"Family,Nature,Local life",2,8.0,4.0,0,Oct-May,Outdoor/Indoor,True,True,True,General Konkan tourism knowledge,https://images.unsplash.com/photo-1507525428034-b723cf961d3e?w=800&q=80
KONKAN109,Malvan/Tarkarli Beachside Homestay,Tarkarli,Sindhudurg,Maharashtra,Konkan,16.0333,73.4667,Homestay,Beachside homestay,"A family-run beachside homestay near Tarkarli offering fresh seafood meals, easy beach access and help arranging scuba diving or fishing trips.",homestay;seafood;beach;local family,2500.0,24.0,"Family,Foodies,Relaxation",2,8.0,4.0,0,Oct-May,Outdoor/Indoor,True,True,False,General Konkan tourism knowledge,https://images.unsplash.com/photo-1507525428034-b723cf961d3e?w=800&q=80
KONKAN110,Sawantwadi Heritage Homestay,Sawantwadi,Sindhudurg,Maharashtra,Konkan,15.9167,73.8167,Homestay,Heritage stay,"A heritage-style homestay in or near Sawantwadi town, some run in restored wadas (traditional mansions), offering a slower-paced, craft-focused base for exploring the town and Amboli.",homestay;heritage;craft;culture,3000.0,24.0,"Culture,Heritage,Family",2,8.0,4.0,0,"Year-round, best Oct-May",Outdoor/Indoor,True,True,True,General Konkan tourism knowledge,https://images.unsplash.com/photo-1587474260584-136574528ed5?w=800&q=80
KONKAN111,Ganpatipule Sunrise Photography Walk,Ganpatipule,Ratnagiri,Maharashtra,Konkan,17.1444,73.2666,Photography,Guided photo walk,"An early-morning guided walk along Ganpatipule's coastline timed for sunrise light over the temple, fishing boats and casuarina groves.",photography;sunrise;guided walk;beach,750.0,1.5,"Photography,Nature",1,10.0,4.0,0,Sunrise,Outdoor,False,True,False,General Konkan tourism knowledge,https://images.unsplash.com/photo-1516035069371-29a1b244cc32?w=800&q=80
KONKAN112,Ratnagiri to Ganpatipule Coastal Cycling Route,Ratnagiri,Ratnagiri,Maharashtra,Konkan,16.9902,73.312,Family Activity,Cycling,"A scenic coastal cycling route connecting Ratnagiri city to Ganpatipule, passing fishing villages, mango orchards and sea-facing stretches, suited to fitness-minded travellers.",cycling;coastal route;adventure;fitness,350.0,4.0,"Adventure,Fitness,Nature",1,10.0,4.0,0,Early morning,Outdoor,False,True,True,General Konkan tourism knowledge,https://images.unsplash.com/photo-1507525428034-b723cf961d3e?w=800&q=80
KONKAN113,Chiplun to Marleshwar Trekking Trail,Chiplun,Ratnagiri,Maharashtra,Konkan,17.5333,73.5167,Trekking,Forest trek,"A forested trekking trail in the Sahyadri foothills leading up towards Marleshwar temple and waterfall, popular with weekend trekking groups from Mumbai and Pune.",trekking;western ghats;waterfall;adventure,0.0,4.0,"Trekking,Adventure,Nature",2,15.0,4.0,0,"Oct-Feb (dry trekking), Jun-Sep (waterfall views)",Outdoor,False,True,True,General Konkan tourism knowledge,https://images.unsplash.com/photo-1551632811-561732d1e306?w=800&q=80
KONKAN114,Malvan Kayaking on Karli River,Malvan,Sindhudurg,Maharashtra,Konkan,16.0667,73.4667,Water Sports,Kayaking,"Guided kayaking sessions on the calm, mangrove-fringed stretches of the Karli river near Malvan/Tarkarli, suited to beginners.",kayaking;river;beginner friendly;nature,750.0,1.25,"Adventure,Nature,Family",2,10.0,4.0,0,Morning,Outdoor,True,True,False,General Konkan tourism knowledge,https://images.unsplash.com/photo-1544551763-46a013bb70d5?w=800&q=80
KONKAN115,Guhagar Fishing Village Morning Walk,Guhagar,Ratnagiri,Maharashtra,Konkan,17.4833,73.1833,Fishing,Village experience,A guided early-morning walk through a small fishing hamlet near Guhagar to watch boats return with the day's catch and nets being mended on the shore.,fishing;village life;local culture;photography,0.0,1.5,"Local life,Photography,Culture",1,10.0,4.0,0,Early morning,Outdoor,False,True,True,General Konkan tourism knowledge,https://images.unsplash.com/photo-1507525428034-b723cf961d3e?w=800&q=80
KONKAN116,Chiplun Ganesh Chaturthi Homecoming Experience,Chiplun,Ratnagiri,Maharashtra,Konkan,17.5333,73.5167,Culture,Festival experience,"Experience the deeply-rooted Konkan tradition of Ganeshotsav, when families return to ancestral village homes and communities celebrate with elaborate decorations, folk performances and communal meals.",festival;ganesh chaturthi;tradition;culture,0.0,84.0,"Culture,Local life,Family",1,30.0,4.0,0,Aug-Sep (as per Hindu calendar),Outdoor/Indoor,False,True,False,General Konkan tourism knowledge,https://images.unsplash.com/photo-1452860606245-08befc0ff44b?w=800&q=80
KONKAN117,Dapoli Coastal Sunset Photography Point (Karde-Ladghar stretch),Dapoli,Ratnagiri,Maharashtra,Konkan,17.7573,73.178,Photography,Coastal viewpoint,A stretch of low headland between Karde and Ladghar beaches in Dapoli known among photographers for uninterrupted sea-horizon sunsets.,photography;sunset;coastal;hidden gem,0.0,1.0,"Photography,Nature",1,15.0,4.0,0,Sunset,Outdoor,False,True,True,General Konkan tourism knowledge,https://images.unsplash.com/photo-1507525428034-b723cf961d3e?w=800&q=80
KONKAN118,Devgad Fishing Harbour & Boat Building Yard,Devgad,Sindhudurg,Maharashtra,Konkan,16.3833,73.3833,Fishing,Working harbour,"A working harbour at Devgad where traditional wooden fishing boats are still built and repaired by hand, offering a glimpse into Konkan's boat-building craft.",boat building;fishing;craft;local life,0.0,1.5,"Culture,Local life,Photography",1,10.0,4.0,0,Morning,Outdoor,False,True,True,General Konkan tourism knowledge,https://images.unsplash.com/photo-1507525428034-b723cf961d3e?w=800&q=80
KONKAN119,Sindhudurg Fort Night Photography (Full Moon),Malvan,Sindhudurg,Maharashtra,Konkan,16.0667,73.4667,Photography,Night photography,"A special full-moon evening boat crossing and visit to Sindhudurg Fort, when it is occasionally opened for night viewing, offering a rare photography opportunity over the fort ramparts and sea.",photography;fort;full moon;hidden gem,150.0,2.5,"Photography,History,Hidden gem",2,15.0,4.0,0,"Full moon nights (seasonal, check locally)",Outdoor,True,True,True,General Konkan tourism knowledge,https://images.unsplash.com/photo-1599661046289-e31897846e41?w=800&q=80
KONKAN120,Kunkeshwar Village & Cashew Farms Walk,Kunkeshwar,Sindhudurg,Maharashtra,Konkan,16.2167,73.3667,Agriculture,Village + farm walk,"A combined walk through Kunkeshwar village and its surrounding cashew farms, pairing temple visits with a look at rural Sindhudurg agriculture.",village experience;cashew;agri-tourism;culture,0.0,1.5,"Agri-tourism,Culture,Local life",1,15.0,4.0,0,Morning,Outdoor,False,True,True,General Konkan tourism knowledge,https://images.unsplash.com/photo-1452860606245-08befc0ff44b?w=800&q=80
KONKAN121,Ratnagiri Hapus Mango Festival,Ratnagiri,Ratnagiri,Maharashtra,Konkan,16.9902,73.312,Local Cuisine,Seasonal food festival,"An annual mango festival held in Ratnagiri celebrating the Alphonso (Hapus) mango harvest, with tastings, competitions and stalls from local growers.",mango festival;alphonso;local cuisine;event,0.0,3.0,"Foodies,Family,Culture",1,100.0,4.0,0,Apr-May,Outdoor,False,True,False,General Konkan tourism knowledge,https://images.unsplash.com/photo-1504674900247-0877df9cc836?w=800&q=80
KONKAN122,Malvan Diving Photography Session,Malvan,Sindhudurg,Maharashtra,Konkan,16.0667,73.4667,Photography,Underwater photography,An add-on to a scuba or snorkeling trip near Malvan/Tarkarli where operators provide underwater photography of divers among the coral and fish.,underwater photography;scuba;souvenir;adventure,1000.0,0.75,"Photography,Adventure",1,6.0,4.0,0,Oct-May,Outdoor,True,True,False,General Konkan tourism knowledge,https://images.unsplash.com/photo-1516035069371-29a1b244cc32?w=800&q=80
KONKAN123,Chiplun Vashishti River Fishing Experience,Chiplun,Ratnagiri,Maharashtra,Konkan,17.5333,73.5167,Fishing,River fishing,"A relaxed fishing outing on the Vashishti river near Chiplun with a local boatman, using traditional line-and-hook methods in calm backwater stretches.",fishing;river;local life;relaxation,850.0,2.5,"Local life,Adventure,Relaxation",1,6.0,4.0,0,Early morning or late afternoon,Outdoor,True,True,True,General Konkan tourism knowledge,https://images.unsplash.com/photo-1507525428034-b723cf961d3e?w=800&q=80
KONKAN124,Devgad Coastal Trekking Trail,Devgad,Sindhudurg,Maharashtra,Konkan,16.3833,73.3833,Trekking,Coastal trek,"A trail along Devgad's rugged headlands connecting Vijaydurg Fort views with quiet coves, favoured by trekkers seeking a mix of history and coastal scenery.",trekking;coastal;fort;nature,0.0,3.0,"Trekking,Photography,Nature",2,15.0,4.0,0,Oct-Feb,Outdoor,False,True,True,General Konkan tourism knowledge,https://images.unsplash.com/photo-1551632811-561732d1e306?w=800&q=80
KONKAN125,Sawantwadi Chess Set Carving Demonstration,Sawantwadi,Sindhudurg,Maharashtra,Konkan,15.9167,73.8167,Handicraft,Artisan demonstration,"A close-up demonstration at the Sawantwadi Palace ateliers of artisans hand-carving traditional wooden chess sets, part of the town's living craft tradition.",handicraft;chess;wood carving;heritage,150.0,1.0,"Culture,Handicraft,Photography",1,10.0,4.0,0,Daytime,Indoor,False,True,True,Outlook Traveller (Guide to Sawantwadi),https://images.unsplash.com/photo-1460661419201-fd4cecdf8a8b?w=800&q=80
KONKAN126,Guhagar Alphonso & Kokum Orchard Trail,Guhagar,Ratnagiri,Maharashtra,Konkan,17.4833,73.1833,Agriculture,Orchard trail,"A rural trail through Guhagar's mixed orchards of mango and kokum (used for sol kadhi and Malvani cuisine), with a stop to see traditional kokum drying.",kokum;mango;agri-tourism;local cuisine,300.0,2.0,"Agri-tourism,Foodies,Nature",2,12.0,4.0,0,Feb-May,Outdoor,True,True,True,General Konkan tourism knowledge,https://images.unsplash.com/photo-1452860606245-08befc0ff44b?w=800&q=80
KONKAN127,Tarkarli Beach Volleyball & Family Beach Games,Tarkarli,Sindhudurg,Maharashtra,Konkan,16.0333,73.4667,Family Activity,Beach games,"Casual beach volleyball and group games set up on the wide sands of Tarkarli beach, a simple family-friendly add-on to a beach day.",family activity;beach games;kids;fun,0.0,1.5,"Family,Kids,Fun",4,20.0,4.0,0,Morning or evening,Outdoor,False,False,False,General Konkan tourism knowledge,https://images.unsplash.com/photo-1507525428034-b723cf961d3e?w=800&q=80
KONKAN128,Ratnagiri District Alphonso Grading & Packing House Tour,Ratnagiri,Ratnagiri,Maharashtra,Konkan,16.9902,73.312,Agriculture,Agri-processing tour,"A behind-the-scenes look at how Alphonso mangoes are sorted, ripened and packed for export at a Ratnagiri packing facility, useful for understanding the region's signature industry.",mango;agri-processing;education;agri-tourism,0.0,1.5,"Education,Agri-tourism,Foodies",2,15.0,4.0,0,Apr-May (peak packing season),Indoor,True,True,True,General Konkan tourism knowledge,https://images.unsplash.com/photo-1452860606245-08befc0ff44b?w=800&q=80
KONKAN129,Devbagh Beach Camping Experience,Tarkarli,Sindhudurg,Maharashtra,Konkan,16.0333,73.4667,Family Activity,Beach camping,"Overnight tented camping on or near Devbagh beach at Tarkarli, combining a bonfire evening with the estuary's quiet sunrise the next morning.",camping;bonfire;beach;adventure,1750.0,14.0,"Adventure,Family,Nature",2,20.0,4.0,0,Oct-May,Outdoor,True,True,False,General Konkan tourism knowledge,https://images.unsplash.com/photo-1507525428034-b723cf961d3e?w=800&q=80
KONKAN130,Malvan Bumper/Banana Boat Water Sports Combo,Malvan,Sindhudurg,Maharashtra,Konkan,16.0667,73.4667,Water Sports,Water sports combo,"A combo package of banana-boat rides, bumper rides and jet-skiing offered by beach operators near Malvan/Tarkarli, popular with groups and families.",water sports;banana boat;jet ski;family fun,550.0,1.5,"Family,Adventure,Fun",2,10.0,4.0,0,Oct-May,Outdoor,True,False,False,Insider.in (Malvan Tarkarli trip listing),https://images.unsplash.com/photo-1544551763-46a013bb70d5?w=800&q=80
KONKAN131,Amboli Ghat Scenic Drive,Amboli,Sindhudurg,Maharashtra,Konkan,15.95,74.0,Nature,Scenic drive,"A winding ghat drive up from Sawantwadi to Amboli through dense monsoon forest, considered one of the most scenic road stretches connecting the Konkan coast to the Sahyadri plateau.",scenic drive;western ghats;nature;photography,0.0,1.5,"Nature,Photography,Adventure",1,6.0,4.0,0,Jun-Sep for mist and waterfalls; Oct-Feb for clear views,Outdoor,False,True,False,General Konkan tourism knowledge,https://images.unsplash.com/photo-1506744038136-46273834b3fb?w=800&q=80
NAVI-001,Pandavkada Falls Trek,Kharghar,Raigad,Maharashtra,Panvel,19.05668,73.06303,Nature,Waterfall,A 107-metre plunge waterfall in the Kharghar hills reached via a short forested trek from the Kharghar-Taloja road; a monsoon favourite for locals though officially flagged as a risky spot by CIDCO.,waterfall;trekking;monsoon;photography;nature,0.0,2.5,trekkers;photographers;nature lovers,2,15.0,4.2,280,Early morning,Outdoor,False,True,False,Wikipedia / I Love Navi Mumbai,https://images.unsplash.com/photo-1551632811-561732d1e306?w=800&q=80
NAVI-002,Central Park Kharghar,Kharghar,Raigad,Maharashtra,Panvel,19.045,73.068,Nature,Urban Park,"One of the largest developed urban parks in the country (119 hectares), spread across sectors 23-25 with walking trails, sculpture gardens, a musical fountain and open lawns opposite ISKCON Kharghar.",park;walking;family;sculpture-garden;free-entry,0.0,1.5,families;morning walkers;photographers,1,20.0,4.3,0,6:30-9:30 AM or 5-8 PM,Outdoor,False,True,False,I Love Navi Mumbai / Wikipedia,https://images.unsplash.com/photo-1506744038136-46273834b3fb?w=800&q=80
NAVI-003,ISKCON Sri Sri Radha Madan Mohan Temple Kharghar,Kharghar,Raigad,Maharashtra,Panvel,19.047,73.067,Culture,Temple,"An 8-acre Krishna temple complex at the foothills of the Sahyadris, known as the 'Glory of Maharashtra' project, with a Vedic cultural centre and Govinda's restaurant on site.",temple;spiritual;architecture;krishna;culture,0.0,1.5,devotees;architecture lovers;families,1,25.0,4.0,0,Morning aarti / evening,Indoor/Outdoor,False,True,False,ISKCON Navi Mumbai official site,https://images.unsplash.com/photo-1609766857041-ed402ea8069a?w=800&q=80
NAVI-004,Kharghar Hills Sunrise Point,Kharghar,Raigad,Maharashtra,Panvel,19.055,73.055,Nature,Viewpoint,A hilltop trekking and viewpoint spot in the Kharghar hills offering panoramic sunrise views over the city; popular with early-morning hikers and cyclists.,hiking;sunrise;viewpoint;cycling;photography,0.0,2.0,hikers;early risers;photographers,1,10.0,4.2,280,6:00-7:30 AM,Outdoor,False,True,False,LBB Mumbai / I Love Navi Mumbai,https://images.unsplash.com/photo-1551632811-561732d1e306?w=800&q=80
NAVI-005,Owe Dam,Kharghar,Raigad,Maharashtra,Panvel,19.048,73.075,Nature,Lake,"A quiet dam and water body on the trail beyond Pandavkada, offering a tranquil detour for nature lovers and casual trekkers.",dam;nature;trekking;quiet-spot,0.0,1.5,nature lovers;casual trekkers,2,10.0,4.0,0,Morning,Outdoor,False,True,True,I Love Navi Mumbai,https://images.unsplash.com/photo-1506744038136-46273834b3fb?w=800&q=80
NAVI-006,Kharghar Valley Golf Course,Kharghar,Raigad,Maharashtra,Panvel,19.043,73.069,Adventure,Golf,"An 18-hole CIDCO-developed golf course set against the Sahyadri hills backdrop opposite Central Park, with limited public access and lessons for beginners.",golf;sports;scenic;beginners,1500.0,3.0,golf enthusiasts;beginners;corporate groups,1,4.0,4.0,0,Early morning,Outdoor,True,False,False,I Love Navi Mumbai / Expedia,https://images.unsplash.com/photo-1533130061792-64b345e4a833?w=800&q=80
NAVI-007,Utsav Chowk Street Food Hub,Kharghar,Raigad,Maharashtra,Panvel,19.04,73.062,Food,Street Food,"A traffic circle in Kharghar famous for its Greek-style landmark architecture and one of Navi Mumbai's widest street-food spreads, especially known for momos.",street-food;momos;local;evening-hangout,150.0,1.5,foodies;students;evening crowds,1,10.0,4.0,0,"Evening, 6-11 PM",Outdoor,False,True,False,Navi Mumbai Street Food Guide / Thrillophilia,https://images.unsplash.com/photo-1589301760014-d929f3979dbc?w=800&q=80
NAVI-008,Little World Mall Kharghar,Kharghar,Raigad,Maharashtra,Panvel,19.038,73.064,Shopping,Mall,"A shopping and entertainment mall near Central Park Kharghar with an INOX cinema, food court and retail stores, about 2.5 km from the park.",mall;shopping;cinema;food-court,0.0,2.0,families;shoppers;movie-goers,1,15.0,4.0,0,Afternoon-evening,Indoor,False,False,False,I Love Navi Mumbai,https://images.unsplash.com/photo-1533900298318-6b8da08a523e?w=800&q=80
NAVI-009,Pottery Workshop Kharghar Sector 12,Kharghar,Raigad,Maharashtra,Panvel,19.033,73.062,Workshops,Pottery,"Hands-on pottery and clay-molding classes run by local studios in Kharghar Sector 12, offering therapeutic, beginner-friendly craft sessions.",pottery;craft;workshop;hands-on;creative,800.0,2.0,art lovers;beginners;couples,1,8.0,4.0,0,Weekend afternoons,Indoor,True,True,True,Justdial,https://images.unsplash.com/photo-1507525428034-b723cf961d3e?w=800&q=80
NAVI-010,Ghati Misal Kharghar,Kharghar,Raigad,Maharashtra,Panvel,19.036,73.063,Food,Maharashtrian,"A budget local eatery in Kharghar known for its authentic, freshly made spicy misal pav in a bustling street-food atmosphere.",misal-pav;maharashtrian;budget-eats;local-food,100.0,1.0,food lovers;budget travellers,1,6.0,4.0,0,Breakfast/lunch,Indoor/Outdoor,False,True,True,Magicpin,https://images.unsplash.com/photo-1504674900247-0877df9cc836?w=800&q=80
NAVI-011,Kharghar Three Monkey Point,Kharghar,Raigad,Maharashtra,Panvel,19.056,73.06,Nature,Viewpoint,"A lesser-known hillside viewpoint near Kharghar Hills, popular among local trekkers for quiet valley views away from the more crowded trails.",hidden-gem;viewpoint;trekking;quiet,0.0,2.0,trekkers;photographers;solitude seekers,1,8.0,4.0,0,Early morning,Outdoor,False,True,True,LBB Mumbai,https://images.unsplash.com/photo-1506744038136-46273834b3fb?w=800&q=80
NAVI-012,ResQRoom Escape Games Kharghar,Kharghar,Raigad,Maharashtra,Panvel,19.041,73.0655,Adventure,Escape Room,"An indoor escape-room venue in Kharghar offering themed puzzle-solving experiences for friends, families and corporate groups.",escape-room;puzzle;indoor;team-activity,600.0,1.5,friends;families;corporate teams,2,8.0,4.0,0,Afternoon-evening,Indoor,True,False,False,Tripadvisor,https://images.unsplash.com/photo-1533130061792-64b345e4a833?w=800&q=80
NAVI-013,Village 12-20 Restaurant,Kharghar,Raigad,Maharashtra,Panvel,19.0355,73.0645,Food,Vegetarian Restaurant,"One of Kharghar's best-known pure-vegetarian restaurants, popular for its khakhra-based starters and busy weekend crowds.",vegetarian;dining;local-favourite;family-dining,600.0,1.5,vegetarian diners;families,2,10.0,4.0,0,Dinner,Indoor,False,True,False,Wanderlog / MakeMyTrip,https://images.unsplash.com/photo-1504674900247-0877df9cc836?w=800&q=80
NAVI-014,Cafe Monza Kharghar,Kharghar,Raigad,Maharashtra,Panvel,19.039,73.0635,Food,Cafe,"A laid-back highway-side cafe near Little World Mall serving Italian, American and Mexican fast food, known for milkshakes and calm brunch ambience.",cafe;brunch;milkshake;casual-dining,700.0,1.5,couples;students;brunch-goers,1,6.0,4.0,0,Breakfast/brunch,Indoor,False,False,False,Wanderlog / MakeMyTrip,https://images.unsplash.com/photo-1554118811-1e0d58224f24?w=800&q=80
NAVI-015,APMC Market Vashi,Vashi,Thane,Maharashtra,Panvel,19.0728,73.0027,Markets,Wholesale Market,"One of the largest wholesale markets in Asia for fruits, vegetables, spices, dry fruits and grains, spread across dedicated sections in Sector 19, Vashi/Turbhe.",market;wholesale;spices;dry-fruits;local-trade,0.0,2.0,bargain shoppers;food enthusiasts;photographers,1,10.0,4.0,0,"Early morning, 5-9 AM",Outdoor,False,True,False,Wikipedia / I Love Navi Mumbai,https://images.unsplash.com/photo-1533900298318-6b8da08a523e?w=800&q=80
NAVI-016,Mini Seashore Vashi,Vashi,Thane,Maharashtra,Panvel,19.081,72.997,Nature,Waterfront,"A small artificial waterfront promenade in Vashi popular for evening walks, sea breeze and casual picnics along Thane Creek.",waterfront;evening-walk;sunset;casual,0.0,1.0,couples;evening walkers;families,1,10.0,4.0,0,"Evening, sunset",Outdoor,False,True,False,Ixigo / Beyond Yatra,https://images.unsplash.com/photo-1506744038136-46273834b3fb?w=800&q=80
NAVI-017,ISKCON Temple Vashi,Vashi,Thane,Maharashtra,Panvel,19.076,73.001,Culture,Temple,"A Krishna temple in Vashi known for its architecture and peaceful atmosphere, offering devotional programs and darshan.",temple;spiritual;architecture,0.0,1.0,devotees;families,1,20.0,4.0,0,Morning/evening aarti,Indoor,False,True,False,Ixigo,https://images.unsplash.com/photo-1609766857041-ed402ea8069a?w=800&q=80
NAVI-018,Sector 17 Street Food Strip Vashi,Vashi,Thane,Maharashtra,Panvel,19.0765,72.998,Food,Street Food,"Vashi's most visited street food destination, famous for its Franky stall serving veg and non-veg rolled sandwiches alongside vada pav, pav bhaji and pani puri.",street-food;franky;vada-pav;local-favourite,120.0,1.0,foodies;students;evening crowds,1,8.0,4.0,0,Lunch and evening,Outdoor,False,True,False,Navi Mumbai Hub / Beyond Yatra,https://images.unsplash.com/photo-1589301760014-d929f3979dbc?w=800&q=80
NAVI-019,Inorbit Mall Vashi,Vashi,Thane,Maharashtra,Panvel,19.0699,72.9973,Shopping,Mall,"A major shopping and entertainment mall in Vashi with retail brands, a food court and cinema, popular hangout for Navi Mumbai residents.",mall;shopping;cinema;entertainment,0.0,3.0,shoppers;families;movie-goers,1,15.0,4.2,482,Afternoon-evening,Indoor,False,False,False,Tripadvisor,https://images.unsplash.com/photo-1533900298318-6b8da08a523e?w=800&q=80
NAVI-020,Vashi Plaza Street Shopping Market,Vashi,Thane,Maharashtra,Panvel,19.0765,72.998,Shopping,Street Shopping,"A Sector 17 street market hotspot for affordable clothing, accessories and electronics, popular among younger shoppers.",street-shopping;budget-fashion;local-market,0.0,1.5,budget shoppers;youngsters,1,8.0,4.0,0,Afternoon-evening,Outdoor,False,True,False,TripXL,https://images.unsplash.com/photo-1533900298318-6b8da08a523e?w=800&q=80
NAVI-021,Raghuleela Mall Vashi,Vashi,Thane,Maharashtra,Panvel,19.067,73.001,Shopping,Mall,"A long-standing shopping mall in Vashi offering fashion, electronics and a food court, one of the area's three main malls.",mall;shopping;retail,0.0,2.0,shoppers;families,1,15.0,4.0,0,Afternoon-evening,Indoor,False,False,False,Wikipedia,https://images.unsplash.com/photo-1533900298318-6b8da08a523e?w=800&q=80
NAVI-022,Nightlife at Social Vashi,Vashi,Thane,Maharashtra,Panvel,19.07,73.0,Nightlife,Pub/Lounge,"Part of Vashi's dense pub-and-lounge cluster (alongside Lord of the Drinks and Hoppipola), a casual bar known for its food-and-drinks menu and weekend crowd.",nightlife;pub;drinks;weekend,1200.0,2.5,young professionals;groups;nightlife seekers,2,10.0,4.0,0,"Night, weekends",Indoor,True,False,False,Navi Mumbai Nightlife Guide,https://images.unsplash.com/photo-1514525253161-7a46d19cd819?w=800&q=80
NAVI-023,Sunrise Sunset Point Vashi,Vashi,Thane,Maharashtra,Panvel,19.068,73.002,Nature,Viewpoint,A small Sector 8 viewpoint in Vashi favoured by locals for catching sunrise and sunset over the creek.,sunset;sunrise;viewpoint;photography;local-spot,0.0,1.0,photographers;couples;locals,1,6.0,4.0,0,Sunrise/sunset,Outdoor,False,True,True,Mumbai77 Bird Watching Guide,https://images.unsplash.com/photo-1506744038136-46273834b3fb?w=800&q=80
NAVI-024,Rock Garden Nerul,Nerul,Raigad,Maharashtra,Panvel,19.0336,73.0169,Nature,Sculpture Garden,"A 26-acre park with sculptures crafted from recycled scrap metal and ceramics amid rock formations, walking trails and aquatic features; a favourite weekend spot for families and photographers.",sculpture;park;photography;recycled-art;family,5.0,1.5,families;art lovers;photographers,1,15.0,3.9,80,Evening,Outdoor,False,True,False,SceneLoc8 / Tripadvisor,https://images.unsplash.com/photo-1506744038136-46273834b3fb?w=800&q=80
NAVI-025,Wonders Park Nerul,Nerul,Raigad,Maharashtra,Panvel,19.035,73.019,Family,Theme Park,"An amusement park featuring artfully built replicas of the Seven Wonders of the World, along with rides and an amphitheatre, popular for all age groups.",theme-park;replicas;family;rides,150.0,2.5,families;children;tourists,1,20.0,3.9,311,Afternoon-evening,Outdoor,True,False,False,Holidify / Expedia,https://images.unsplash.com/photo-1507525428034-b723cf961d3e?w=800&q=80
NAVI-026,DY Patil Sports Stadium,Nerul,Raigad,Maharashtra,Panvel,19.0455,73.0296,Adventure,Sports Venue,"A 45,000-seater multi-purpose stadium hosting national and international cricket, football matches and major concerts; open for facility tours on non-event days.",cricket;football;concerts;sports-tourism,300.0,3.0,sports fans;concert-goers;groups,1,30.0,4.2,380,Match/event days,Outdoor,True,False,False,Tripadvisor,https://images.unsplash.com/photo-1533130061792-64b345e4a833?w=800&q=80
NAVI-027,Nerul Balaji Temple,Nerul,Raigad,Maharashtra,Panvel,19.0333,73.0187,Culture,Temple,"A temple modelled on the Tirupati Balaji shrine, known for its flamboyant Hindu rituals and steady flow of devotees from across the region.",temple;devotion;tirupati-replica;spiritual,0.0,1.5,devotees;families;heritage seekers,1,25.0,4.5,383,Morning/evening aarti,Indoor,False,True,False,Tripadvisor / Expedia,https://images.unsplash.com/photo-1609766857041-ed402ea8069a?w=800&q=80
NAVI-028,Nerul Lake,Nerul,Raigad,Maharashtra,Panvel,19.028,73.016,Nature,Lake,"A calm lakeside spot in Nerul popular for evening walks and quiet conversation, with access primarily on the Nerul side rather than Palm Beach Road.",lake;evening-walk;quiet;local-spot,0.0,1.0,evening walkers;couples;locals,1,8.0,4.0,0,Evening,Outdoor,False,True,True,Tripadvisor,https://images.unsplash.com/photo-1506744038136-46273834b3fb?w=800&q=80
NAVI-029,Jewel of Navi Mumbai (JNM) Garden,Nerul,Raigad,Maharashtra,Panvel,19.03,73.023,Family,Amusement Park,"A 50-acre green space along Palm Beach Road with a man-made waterfall, fountains, mini golf and kids' play areas, plus a water park and snow-world attraction.",amusement-park;family;waterfall;snow-world;mini-golf,250.0,3.0,families;children,1,20.0,4.0,55,Afternoon-evening,Outdoor/Indoor,True,False,False,NoBroker / Tripadvisor,https://images.unsplash.com/photo-1507525428034-b723cf961d3e?w=800&q=80
NAVI-030,Belapur Golf Course,Nerul,Raigad,Maharashtra,Panvel,19.023,73.028,Adventure,Golf,"An 18-hole golf course set against the Sahyadri hills near Nerul/Belapur, with a driving range and clubhouse for beginner lessons.",golf;sports;scenic;lessons,1500.0,3.0,golf enthusiasts;beginners,1,4.0,4.0,0,Early morning,Outdoor,True,False,False,NoBroker,https://images.unsplash.com/photo-1533130061792-64b345e4a833?w=800&q=80
NAVI-031,Little Flower Church Nerul,Nerul,Raigad,Maharashtra,Panvel,19.034,73.016,Culture,Heritage Church,"A well-known Catholic church in Nerul, a quiet heritage stop and active place of worship for the local Christian community.",church;heritage;spiritual;architecture,0.0,1.0,devotees;heritage seekers,1,20.0,4.0,0,Sunday mass / daily prayer,Indoor,False,True,False,Tripadvisor,https://images.unsplash.com/photo-1587474260584-136574528ed5?w=800&q=80
NAVI-032,Belapur Fort,CBD Belapur,Raigad,Maharashtra,Panvel,19.0159,73.035,Culture,Heritage Fort,"A largely ruined coastal fort built by the Siddis of Janjira and later held by the Portuguese, Marathas and British, offering panoramic views of Belapur from its hilltop ramparts.",fort;heritage;history;viewpoint,0.0,1.5,history buffs;photographers;local trekkers,1,15.0,4.0,0,Morning/evening,Outdoor,False,True,False,Wikipedia / YoMetro,https://images.unsplash.com/photo-1599661046289-e31897846e41?w=800&q=80
NAVI-033,Parsik Hill,CBD Belapur,Raigad,Maharashtra,Panvel,19.023,73.043,Nature,Hill Viewpoint,"A scenic hill near CBD Belapur popular for morning walks, jogging and hiking trails, with panoramic views over Belapur and the creek.",hiking;viewpoint;morning-walk;nature,0.0,2.0,hikers;morning walkers;photographers,1,10.0,4.1,43,Early morning,Outdoor,False,True,False,Beyond Yatra / Tripadvisor,https://images.unsplash.com/photo-1551632811-561732d1e306?w=800&q=80
NAVI-034,Bhagavat Dham Temple Parsik Hills,CBD Belapur,Raigad,Maharashtra,Panvel,19.023,73.043,Culture,Temple,"A Radha Krishna temple on Parsik Hills known for its devotional evening aarti with singing, bells and incense drawing devotees from across Mumbai.",temple;aarti;spiritual;hilltop,0.0,1.5,devotees;spiritual seekers,1,25.0,4.0,0,Evening aarti,Indoor/Outdoor,False,True,True,MyGate Belapur Guide,https://images.unsplash.com/photo-1609766857041-ed402ea8069a?w=800&q=80
NAVI-035,Green Valley Park Parsik Hills,CBD Belapur,Raigad,Maharashtra,Panvel,19.024,73.045,Nature,Park,"A 50-hectare wilderness zone within the Parsik Hills canopy in CBD Belapur, offering forested walking trails close to the urban core.",forest;walking;green-space;local-park,0.0,1.5,nature lovers;walkers,1,15.0,4.0,0,Morning/evening,Outdoor,False,True,True,Wikipedia (CBD Belapur),https://images.unsplash.com/photo-1551632811-561732d1e306?w=800&q=80
NAVI-036,Belapur Jetty Water Sports,CBD Belapur,Raigad,Maharashtra,Panvel,19.01,73.033,Adventure,Water Sports,"A jetty near CBD Belapur offering jet skiing, banana boat and speed boat rides on the creek for thrill-seekers.",water-sports;jet-ski;speed-boat;adventure,800.0,1.5,adventure seekers;groups;families with teens,2,10.0,4.0,0,Morning-afternoon,Outdoor,True,False,False,Beyond Yatra,https://images.unsplash.com/photo-1544551763-46a013bb70d5?w=800&q=80
NAVI-037,The Bar Stock Exchange CBD Belapur,CBD Belapur,Raigad,Maharashtra,Panvel,19.0165,73.0355,Nightlife,Bar,"A themed bar in CBD Belapur near Belapur Fort with a stock-exchange-inspired drinks-pricing concept, popular for casual evening outings.",bar;nightlife;themed-bar;drinks,1000.0,2.0,young professionals;groups,2,10.0,4.0,2,Evening,Indoor,False,False,False,Tripadvisor,https://images.unsplash.com/photo-1514525253161-7a46d19cd819?w=800&q=80
NAVI-038,Nexus Seawoods Grand Central Mall,Seawoods,Raigad,Maharashtra,Panvel,19.02157,73.01829,Shopping,Mall,"A 1-million-sq-ft transit-oriented mall directly connected to Seawoods railway station with 500+ brands, a Cinepolis multiplex, Namco and Snow World entertainment zones.",mall;shopping;cinema;entertainment;transit-oriented,0.0,3.0,shoppers;families;movie-goers,1,20.0,4.5,187,Afternoon-evening,Indoor,False,False,False,Wikipedia / SCAI,https://images.unsplash.com/photo-1533900298318-6b8da08a523e?w=800&q=80
NAVI-039,Seawoods Lake,Seawoods,Raigad,Maharashtra,Panvel,19.013,73.01,Nature,Lake,"A lakefront stretch in Seawoods popular for early-morning and evening strolls, offering a quieter counterpart to the area's malls.",lake;morning-walk;evening-walk;quiet,0.0,1.0,morning walkers;evening strollers,1,10.0,4.0,0,Morning/evening,Outdoor,False,True,False,Expedia Navi Mumbai Guide,https://images.unsplash.com/photo-1506744038136-46273834b3fb?w=800&q=80
NAVI-040,TS Chanakya Karave Wetlands Birding,Seawoods,Raigad,Maharashtra,Panvel,19.01,73.025,Bird Watching,Wetland,"A coastal wetland behind the Training Ship Chanakya campus on Palm Beach Road, hosting massive winter-to-early-summer flocks of flamingos plus storks, herons and waders amid mangroves and mudflats.",birdwatching;flamingos;wetland;mangroves;photography,1500.0,3.0,birders;photographers;nature groups,2,15.0,4.0,0,"Early morning, 7-9 AM",Outdoor,True,True,True,Jungle Buddies / Ataavi,https://images.unsplash.com/photo-1507525428034-b723cf961d3e?w=800&q=80
NAVI-041,Seawoods Flamingo Point,Seawoods,Raigad,Maharashtra,Panvel,19.008,73.013,Bird Watching,Nature Reserve,"A creek-side flamingo viewing spot near Seawoods, part of the wider Thane Creek Flamingo Sanctuary ecosystem, offering close sightings of migratory birds.",flamingos;birdwatching;nature;photography,0.0,1.5,birders;photographers;families,1,10.0,4.3,4,Morning,Outdoor,False,True,True,Tripadvisor,https://images.unsplash.com/photo-1506744038136-46273834b3fb?w=800&q=80
NAVI-042,Airoli Coastal & Marine Biodiversity Centre,Airoli,Thane,Maharashtra,Panvel,19.158,72.998,Bird Watching,Flamingo Sanctuary,"A mangrove nature trail and flamingo sanctuary on Thane Creek with a raised bamboo boardwalk, two air-conditioned marine biodiversity museums and boat excursions for close flamingo sightings.",flamingos;mangroves;museum;boat-safari;nature-trail,210.0,2.0,birders;families;nature lovers,1,15.0,4.0,0,"Morning, before sunset for views",Outdoor/Indoor,True,True,False,Best of India Travels / Tripadvisor,https://images.unsplash.com/photo-1507525428034-b723cf961d3e?w=800&q=80
NAVI-043,Airoli Knowledge Park,Airoli,Thane,Maharashtra,Panvel,19.156,73.001,Culture,Hangout Spot,"An IT hub in Airoli that has grown into a popular evening hangout with restaurants and jogging tracks, well-connected from across the city.",hangout;jogging;restaurants;evening-spot,0.0,1.5,young professionals;joggers;casual diners,1,10.0,4.0,0,Evening,Outdoor,False,False,False,Thrillophilia,https://images.unsplash.com/photo-1452860606245-08befc0ff44b?w=800&q=80
NAVI-044,Rabale Forest Birding Trail,Airoli,Thane,Maharashtra,Panvel,19.135,73.005,Bird Watching,Forest Trail,"A lesser-known forested trail near Rabale/Mahape stocked by the Reliance group's afforestation, good for forest and scrubland birds plus raptors after sunrise.",birdwatching;forest;raptors;hidden-gem,0.0,2.5,birders;solitude seekers,1,8.0,4.0,0,Early morning,Outdoor,False,True,True,Birding in Bombay blog,https://images.unsplash.com/photo-1507525428034-b723cf961d3e?w=800&q=80
NAVI-045,Gavlidevi Waterfall and Birding Mahape,Ghansoli,Thane,Maharashtra,Panvel,19.13,73.015,Nature,Waterfall,"A little-visited seasonal waterfall and birding spot near Mahape/Ghansoli, known locally as Gavlidevi, tucked away from the main tourist circuit.",hidden-gem;waterfall;birdwatching;local-spot,0.0,2.0,nature lovers;birders;local trekkers,2,8.0,4.0,0,Monsoon mornings,Outdoor,False,True,True,Mumbai77 Bird Watching Guide,https://images.unsplash.com/photo-1432405972618-c60b0225b8f9?w=800&q=80
NAVI-046,Koparkhairane Birding Trail,Koparkhairane,Thane,Maharashtra,Panvel,19.105,73.01,Bird Watching,Local Trail,"A locally known birding route around Koparkhairane, documented by Navi Mumbai birding groups as part of the wider creek-and-mangrove birding circuit.",birdwatching;local-trail;hidden-gem,0.0,2.0,birders;casual nature walkers,1,8.0,4.0,0,Early morning,Outdoor,False,True,True,Birding in Bombay blog,https://images.unsplash.com/photo-1507525428034-b723cf961d3e?w=800&q=80
NAVI-047,Rock Garden Sanpada,Sanpada,Thane,Maharashtra,Panvel,19.067,73.011,Nature,Park,"An ecotourism-style sculpture and rock-formation park in Sanpada with landscaped trails, popular for morning and evening walks and nearby cycling trails.",park;sculptures;walking;cycling,0.0,1.5,families;morning walkers;art lovers,1,15.0,4.0,0,Morning/evening,Outdoor,False,True,False,Expedia / NoBroker,https://images.unsplash.com/photo-1506744038136-46273834b3fb?w=800&q=80
NAVI-048,Sensory Garden (Samvedna Garden) Sanpada,Sanpada,Thane,Maharashtra,Panvel,19.0645,73.014,Nature,Park,"A well-maintained garden near Juinagar station with yoga and gymnastics sections, a children's play area and lush pathways popular for photoshoots.",garden;yoga;family;photography;local-park,0.0,1.0,families;yoga practitioners;photographers,1,10.0,4.0,1,Evening,Outdoor,False,True,True,Wanderlog,https://images.unsplash.com/photo-1506744038136-46273834b3fb?w=800&q=80
NAVI-049,Ellora Fiesta Juinagar,Juinagar,Thane,Maharashtra,Panvel,19.064,73.0135,Food,Restaurant,"A local dining spot near Juinagar station offering multi-cuisine fare, a short walk from the station and a popular choice for area residents.",dining;multi-cuisine;local-favourite,600.0,1.5,local diners;families,1,8.0,4.0,0,Lunch/dinner,Indoor,False,True,False,Tripadvisor,https://images.unsplash.com/photo-1504674900247-0877df9cc836?w=800&q=80
NAVI-050,Shree Shaneeshwara Temple,Nerul,Raigad,Maharashtra,Panvel,19.034,73.018,Culture,Temple,"A well-regarded neighbourhood temple in Nerul East dedicated to Lord Shani, drawing steady local devotion on Saturdays.",temple;shani;spiritual;local,0.0,1.0,devotees;locals,1,20.0,4.4,24,Saturday evenings,Indoor,False,True,False,Tripadvisor,https://images.unsplash.com/photo-1609766857041-ed402ea8069a?w=800&q=80
NAVI-051,Karnala Bird Sanctuary and Fort Trek,Panvel,Raigad,Maharashtra,Panvel,18.8833,73.1075,Nature,Bird Sanctuary,A 12.11 sq km sanctuary on the Mumbai-Goa Highway with over 140 recorded bird species and a moderate 2.7 km forest trek to the historic Karnala Fort with its distinctive volcanic pinnacle.,birdwatching;trekking;fort;forest;day-trip,50.0,4.0,trekkers;birders;history enthusiasts;families,1,20.0,4.0,0,"Early morning, 7-9 AM",Outdoor,False,True,False,Karnala Bird Sanctuary official / I Love Navi Mumbai,https://images.unsplash.com/photo-1599661046289-e31897846e41?w=800&q=80
NAVI-052,Karnala Fort Pandu Tower Climb,Panvel,Raigad,Maharashtra,Panvel,18.885,73.108,Adventure,Fort Trek,"The final climb to Karnala Fort's summit reveals a 125-foot basalt pillar known as Pandu's Tower and panoramic Sahyadri views, a rewarding beginner-to-moderate adventure trek.",trekking;fort;adventure;panoramic-views,50.0,2.0,trekkers;adventure seekers;photographers,1,15.0,4.0,0,Morning,Outdoor,False,True,False,Treks and Trails India,https://images.unsplash.com/photo-1599661046289-e31897846e41?w=800&q=80
NAVI-053,Sagar Vihar Waterfront Park,Kharghar,Raigad,Maharashtra,Panvel,19.025,73.05,Nature,Waterfront Park,"A waterfront green space in Navi Mumbai offering walking paths along the creek, a quieter nature escape recommended by city travel guides.",waterfront;walking;nature;quiet-spot,0.0,1.5,walkers;nature lovers,1,10.0,4.0,0,Morning/evening,Outdoor,False,True,True,Expedia Navi Mumbai Guide,https://images.unsplash.com/photo-1506744038136-46273834b3fb?w=800&q=80
NAVI-054,Biryani Guru Kharghar,Kharghar,Raigad,Maharashtra,Panvel,19.037,73.0625,Food,Biryani,A popular Sector 12 Kharghar biryani spot frequently recommended as a post-trek lunch stop after visiting Pandavkada Falls.,biryani;local-favourite;post-trek-meal,350.0,1.0,biryani lovers;post-trek diners,1,8.0,4.0,0,Lunch/dinner,Indoor,False,True,False,TravelPhilia,https://images.unsplash.com/photo-1504674900247-0877df9cc836?w=800&q=80
NAVI-055,Bhagat Tarachand Little World Mall,Kharghar,Raigad,Maharashtra,Panvel,19.038,73.064,Food,North Indian,"A well-known North Indian vegetarian restaurant chain outlet inside Little World Mall, a popular lunch stop for shoppers and moviegoers.",north-indian;vegetarian;mall-dining,500.0,1.5,families;shoppers,2,10.0,4.0,0,Lunch/dinner,Indoor,False,False,False,TravelPhilia,https://images.unsplash.com/photo-1504674900247-0877df9cc836?w=800&q=80
NAVI-056,Vashi Station Vada Pav Stalls,Vashi,Thane,Maharashtra,Panvel,19.077,72.9955,Food,Street Food,"Historic vada pav stalls right by Vashi railway station, considered among Navi Mumbai's most iconic and long-running street food landmarks.",vada-pav;street-food;iconic;budget,30.0,0.5,commuters;budget foodies,1,4.0,4.0,0,Morning-evening,Outdoor,False,True,False,Navi Mumbai Street Food Guide,https://images.unsplash.com/photo-1589301760014-d929f3979dbc?w=800&q=80
NAVI-057,Janta Market Vashi Sector 9,Vashi,Thane,Maharashtra,Panvel,19.073,73.0,Markets,Neighbourhood Market,"Vashi's original neighbourhood market in Sector 9, a no-frills local market for vegetables, daily essentials and produce at honest pricing.",market;local;daily-essentials;old-vashi,0.0,1.0,locals;budget shoppers,1,6.0,4.0,0,Morning,Outdoor,False,True,True,Navi Mumbai Hub,https://images.unsplash.com/photo-1533900298318-6b8da08a523e?w=800&q=80
NAVI-058,Kharghar Golf Course View Walk,Kharghar,Raigad,Maharashtra,Panvel,19.0435,73.0685,Nature,Viewpoint,"A scenic walking stretch alongside the Kharghar golf course opposite Central Park, offering green, open views for casual evening strolls.",walking;scenic;evening-stroll;green-space,0.0,1.0,evening walkers;couples,1,8.0,4.0,0,Evening,Outdoor,False,True,True,I Love Navi Mumbai,https://images.unsplash.com/photo-1506744038136-46273834b3fb?w=800&q=80
NAVI-059,Kharghar Shiv Mandir,Kharghar,Raigad,Maharashtra,Panvel,19.048,73.08,Culture,Temple,"A sacred Shiva temple at the foothills of Kharghar hills near Taloja Central Jail, a quieter alternative pilgrimage stop to ISKCON.",temple;shiva;spiritual;quiet,0.0,1.0,devotees;pilgrims,1,15.0,4.0,0,Morning/evening,Indoor,False,True,True,I Love Navi Mumbai,https://images.unsplash.com/photo-1609766857041-ed402ea8069a?w=800&q=80
NAVI-060,Vastu Vihar Birding Kharghar,Kharghar,Raigad,Maharashtra,Panvel,19.05,73.01,Bird Watching,Local Trail,"A Sector 16 Kharghar spot documented as a local birding site, with waders and resident species visible through the season.",birdwatching;local-spot;hidden-gem,0.0,1.5,birders;casual walkers,1,6.0,4.0,0,Early morning,Outdoor,False,True,True,Mumbai77 Bird Watching Guide,https://images.unsplash.com/photo-1507525428034-b723cf961d3e?w=800&q=80
NAVI-061,CBD Valley Forest Birding,CBD Belapur,Raigad,Maharashtra,Panvel,19.01,73.04,Bird Watching,Forest Trail,A Sector 9 forest patch in CBD Belapur documented as a local birding site with a mix of scrub and forest species.,birdwatching;forest;hidden-gem;local-spot,0.0,2.0,birders;nature lovers,1,8.0,4.0,0,Early morning,Outdoor,False,True,True,Mumbai77 Bird Watching Guide,https://images.unsplash.com/photo-1507525428034-b723cf961d3e?w=800&q=80
NAVI-062,DPS Lake Nerul Birding,Nerul,Raigad,Maharashtra,Panvel,19.025,73.035,Bird Watching,Lake,A lake near the NMMC office in Nerul (Sector 52/58 area) where migratory waders arrive around October and stay until May.,birdwatching;lake;migratory-birds;seasonal,0.0,1.5,birders;photographers,1,8.0,4.0,0,Early morning,Outdoor,False,True,True,Mumbai77 Bird Watching Guide,https://images.unsplash.com/photo-1507525428034-b723cf961d3e?w=800&q=80
NAVI-063,Raasta Seawoods Grand Central,Seawoods,Raigad,Maharashtra,Panvel,19.0215,73.0183,Nightlife,Lounge,"A Caribbean-inspired lounge inside Nexus Seawoods with reggae music, an extensive cocktail menu and weekend DJ sets from 9 PM.",nightlife;lounge;cocktails;dj-nights,700.0,2.5,young professionals;groups;nightlife seekers,2,10.0,4.0,0,"Night, weekends",Indoor,True,False,False,Navi Mumbai Nightlife Guide,https://images.unsplash.com/photo-1514525253161-7a46d19cd819?w=800&q=80
NAVI-064,Skye Lounge Palm Beach Road,Nerul,Raigad,Maharashtra,Panvel,19.03,73.02,Nightlife,Rooftop Bar,"One of the few true rooftop bars in Navi Mumbai, offering creek and skyline views along Palm Beach Road with a mixologist-curated cocktail menu.",rooftop-bar;nightlife;views;cocktails,800.0,2.5,couples;special occasions;nightlife seekers,2,8.0,4.0,0,Night,Outdoor/Indoor,True,False,False,Navi Mumbai Nightlife Guide,https://images.unsplash.com/photo-1507525428034-b723cf961d3e?w=800&q=80
NAVI-065,Estella Kharghar,Kharghar,Raigad,Maharashtra,Panvel,19.04,73.065,Nightlife,Restobar,"A newer addition to Kharghar's dining and nightlife scene, offering a restobar experience for the area's growing evening crowd.",nightlife;restobar;dining;evening-out,900.0,2.0,young professionals;groups,2,10.0,4.0,0,Evening/night,Indoor,True,False,False,Navi Mumbai Nightlife Guide,https://images.unsplash.com/photo-1514525253161-7a46d19cd819?w=800&q=80
NAVI-066,APMC Dates and Dry Fruits Wholesale Section,Vashi,Thane,Maharashtra,Panvel,19.0728,73.0027,Markets,Specialty Market,"A dedicated dates-wholesale section within APMC Vashi offering varieties like Ajwa, Medjool, Sukkari and Zahidi at bulk and retail prices.",dates;dry-fruits;wholesale;specialty-shopping,0.0,1.0,bulk shoppers;foodies,1,6.0,4.0,0,Daytime,Outdoor,False,True,True,I Love Navi Mumbai,https://images.unsplash.com/photo-1533900298318-6b8da08a523e?w=800&q=80
NAVI-067,ISKCON Kharghar Vedic Cultural Classes,Kharghar,Raigad,Maharashtra,Panvel,19.047,73.067,Workshops,Cultural/Spiritual,Morning scriptural classes on the Srimad Bhagavad Gita and other Vedic texts held at the Glory of Maharashtra Culture Center within ISKCON Kharghar.,workshop;spiritual;bhagavad-gita;learning,0.0,1.5,spiritual seekers;students,1,30.0,4.0,0,Morning,Indoor,True,True,True,ISKCON Navi Mumbai official site,https://images.unsplash.com/photo-1609766857041-ed402ea8069a?w=800&q=80
NAVI-068,Suryawanshi Restaurant Malvani Thali,Nerul,Raigad,Maharashtra,Panvel,19.034,73.021,Food,Konkani/Malvani,"A hidden-gem restaurant inside a Nerul mall food court serving authentic Malvani and Kolhapuri cuisine including crab sukka, kharda chicken and misal pav.",malvani;konkani;seafood;hidden-gem;thali,700.0,1.5,seafood lovers;Maharashtrian food enthusiasts,1,8.0,4.5,0,Lunch/dinner,Indoor,False,True,True,Wanderlog,https://images.unsplash.com/photo-1504674900247-0877df9cc836?w=800&q=80
NAVI-069,Gamerz Pride Kharghar,Kharghar,Raigad,Maharashtra,Panvel,19.045,73.066,Family,Gaming Arcade,"A family gaming and entertainment arcade near Central Park Kharghar, offering arcade games and indoor activities for children and groups.",arcade;family;indoor-games;children,400.0,1.5,families;children;groups,1,10.0,4.0,0,Afternoon-evening,Indoor,False,False,False,Tripadvisor,https://images.unsplash.com/photo-1507525428034-b723cf961d3e?w=800&q=80
NAVI-070,Spa Castle Kharghar,Kharghar,Raigad,Maharashtra,Panvel,19.044,73.0665,Family,Wellness/Spa,"A wellness and spa centre near Central Park Kharghar offering relaxation therapies, a popular stop for couples and groups after outdoor activity.",spa;wellness;relaxation;couples,1500.0,2.0,couples;wellness seekers,1,6.0,4.0,0,Afternoon-evening,Indoor,True,False,False,Tripadvisor,https://images.unsplash.com/photo-1507525428034-b723cf961d3e?w=800&q=80
NAVI-071,Mahape Forest Raptor Trail,Ghansoli,Thane,Maharashtra,Panvel,19.125,73.0,Bird Watching,Forest Trail,"A Reliance-afforested trail near Mahape known among local birders for forest, scrubland species and raptor sightings once the sun heats the surrounding areas.",birdwatching;raptors;forest;hidden-gem,0.0,2.5,birders;photographers,1,8.0,4.0,0,Mid-morning,Outdoor,False,True,True,Birding in Bombay blog,https://images.unsplash.com/photo-1507525428034-b723cf961d3e?w=800&q=80
NAVI-072,Utsav Chowk Momo Stalls,Kharghar,Raigad,Maharashtra,Panvel,19.04,73.062,Food,Street Food,"The momo capital of Navi Mumbai's street food scene, a cluster of stalls at Utsav Chowk serving steamed and fried momos late into the night.",momos;street-food;night-food;local-favourite,100.0,1.0,foodies;students;night owls,1,10.0,4.0,0,Evening-night,Outdoor,False,True,False,Thrillophilia,https://images.unsplash.com/photo-1589301760014-d929f3979dbc?w=800&q=80
NAVI-073,Reliance Corporate Park Ghansoli Walk,Ghansoli,Thane,Maharashtra,Panvel,19.12,73.0,Culture,Landmark,"A landmark modern business campus in Ghansoli, recognised by travel guides as a significant area of interest and photography subject for its architecture.",architecture;landmark;photography;modern-campus,0.0,1.0,photographers;architecture enthusiasts,1,6.0,4.0,0,Daytime,Outdoor,False,False,False,Expedia Navi Mumbai Guide,https://images.unsplash.com/photo-1452860606245-08befc0ff44b?w=800&q=80
NAVI-074,Koparkhairane Local Market,Koparkhairane,Thane,Maharashtra,Panvel,19.1058,73.0107,Markets,Neighbourhood Market,"A neighbourhood shopping market in Koparkhairane serving daily essentials, clothing and local eateries for area residents.",market;local;daily-essentials,0.0,1.0,locals;budget shoppers,1,8.0,4.0,0,Morning-evening,Outdoor,False,True,True,SCAI Nexus Seawoods Catchment Report,https://images.unsplash.com/photo-1533900298318-6b8da08a523e?w=800&q=80
NAVI-075,Nerul Golf Course Driving Range,Nerul,Raigad,Maharashtra,Panvel,19.025,73.03,Adventure,Golf,A driving range attached to the Nerul-area golf course offering beginner-friendly practice sessions against a Sahyadri hills backdrop.,golf;driving-range;beginners;practice,600.0,1.5,golf beginners;practice sessions,1,4.0,4.0,0,Morning-afternoon,Outdoor,True,False,False,NoBroker,https://images.unsplash.com/photo-1533130061792-64b345e4a833?w=800&q=80
NAVI-076,Kharghar Forest Nature Walk,Kharghar,Raigad,Maharashtra,Panvel,19.05,73.065,Nature,Forest Trail,"A forested stretch of the Kharghar hills beyond the main Pandavkada trail, offering quieter nature walks through natural sights described in city travel guides.",forest;nature-walk;quiet;hidden-gem,0.0,2.0,nature lovers;hikers,1,8.0,4.0,0,Morning,Outdoor,False,True,True,Expedia Navi Mumbai Guide,https://images.unsplash.com/photo-1506744038136-46273834b3fb?w=800&q=80
NAVI-077,Vashi CIDCO Exhibition Centre,Vashi,Thane,Maharashtra,Panvel,19.07,73.005,Culture,Exhibition Centre,"A trade and exhibition venue in Vashi hosting periodic industry exhibitions and events, offering visitors a look at new products and industries.",exhibition;trade-show;events;culture,0.0,2.0,exhibition visitors;professionals,1,20.0,4.0,0,Event days,Indoor,True,False,False,Ixigo,https://images.unsplash.com/photo-1452860606245-08befc0ff44b?w=800&q=80
NAVI-078,Reliance Foundation Hospital Area Sensory Walk,Sanpada,Thane,Maharashtra,Panvel,19.065,73.01,Nature,Local Park,"A quiet local green stretch near Sanpada's residential sectors, appreciated by residents for short morning walks close to home.",local-park;morning-walk;quiet-spot,0.0,1.0,local walkers;residents,1,6.0,4.0,0,Morning,Outdoor,False,True,True,Justdial Sanpada Parks Listing,https://images.unsplash.com/photo-1506744038136-46273834b3fb?w=800&q=80
PANVEL-001,Karnala Fort Trek,Karnala (Panvel),Raigad,Maharashtra,Panvel,18.88167,73.11806,Adventure,Trekking,Beginner-friendly climb through Karnala Bird Sanctuary to a two-tier hill fort with a ruined 125-ft basalt watchtower and panoramic Sahyadri views,trekking|fort|sahyadri|beginner-friendly|day-trip,30.0,4.5,Family,1,10.0,4.0,0,7:00 AM - 10:00 AM,Outdoor,False,False,False,Holidify,https://images.unsplash.com/photo-1599661046289-e31897846e41?w=800&q=80
PANVEL-002,Karnala Bird Sanctuary Birdwatching,Karnala (Panvel),Raigad,Maharashtra,Panvel,18.88167,73.11806,Wildlife,Birdwatching,"Protected forest sanctuary around Karnala Fort hosting over 150 resident and migratory bird species including racket-tailed drongo, magpie robin and Malabar whistling thrush",birdwatching|wildlife|nature|migratory-birds,30.0,2.5,Family,1,10.0,4.0,0,7:00 AM - 9:00 AM,Outdoor,False,False,False,7thTraveler,https://images.unsplash.com/photo-1534567153574-2b12153a87f0?w=800&q=80
PANVEL-003,Bhavani Temple at Karnala Fort Base,Karnala (Panvel),Raigad,Maharashtra,Panvel,,,Spiritual,Temple,"Small ancient Bhavani Temple located at the base of Karnala Fort, a stop-off point for trekkers before the ascent",temple|spiritual|fort-base,0.0,0.5,Family,1,10.0,4.0,0,Morning,Outdoor,False,True,True,Holidify,https://images.unsplash.com/photo-1599661046289-e31897846e41?w=800&q=80
PANVEL-004,Karnala Guided Trek and Camping,Karnala (Panvel),Raigad,Maharashtra,Panvel,18.88167,73.11806,Adventure,Camping,"Organised group trek to Karnala Fort with camping/overnight options run by local adventure groups, includes transfer from Panvel station",camping|guided-trek|group-event,700.0,8.0,Friends,5,30.0,4.0,0,Morning start (9 AM),Outdoor,True,False,False,Mumbai Pune Adventures,https://images.unsplash.com/photo-1551632811-561732d1e306?w=800&q=80
PANVEL-005,Kalavantin Durg Pinnacle Climb,Thakurwadi (Panvel),Raigad,Maharashtra,Panvel,18.98283,73.21544,Adventure,Trekking,"Challenging climb up a 500m rock pinnacle on the edge of the Prabalgad plateau via steep hand-cut rock stairs with no railings, rewarding climbers with 360-degree Sahyadri views",trekking|pinnacle|adventure|difficult|photography,0,6.0,Friends,2,10.0,4.0,0,5:00 AM - 8:00 AM start,Outdoor,False,False,False,IndiaHikes,https://images.unsplash.com/photo-1551632811-561732d1e306?w=800&q=80
PANVEL-006,Prabalgad Fort Trek,Thakurwadi (Panvel),Raigad,Maharashtra,Panvel,18.9734,73.2243,Adventure,Trekking,"Trek to a plateau-top hill fort adjoining Kalavantin Durg, offering wide grassy plateau views of Panvel and surrounding ranges, less exposed than Kalavantin",trekking|fort|plateau|sahyadri,0,5.0,Family,1,10.0,4.0,0,Early morning,Outdoor,False,False,False,Wikipedia,https://images.unsplash.com/photo-1599661046289-e31897846e41?w=800&q=80
PANVEL-007,Camping at Prabalmachi Plateau,Prabalmachi (Panvel),Raigad,Maharashtra,Panvel,18.9828,73.2154,Adventure,Camping,"Overnight camping on the grassy Prabalmachi plateau between Kalavantin Durg and Prabalgad, with villager-run food and tent stalls; known for fireflies in pre-monsoon season",camping|plateau|fireflies|stargazing,0,15.0,Friends,2,10.0,4.0,0,Evening to next morning,Outdoor,True,True,True,Treks and Trails India,https://images.unsplash.com/photo-1533130061792-64b345e4a833?w=800&q=80
PANVEL-008,Thakurwadi Village Experience,Thakurwadi (Panvel),Raigad,Maharashtra,Panvel,,,Local_Experience,Village Experience,"Base village for the Kalavantin Durg and Prabalgad treks where local families offer home-cooked meals, tea stalls and basic homestay-style accommodation to trekkers",village|local-food|homestay|trek-base,0,1.0,Friends,1,10.0,4.0,0,Anytime,Outdoor,False,True,True,Western Ghats Treks Blog,https://images.unsplash.com/photo-1507525428034-b723cf961d3e?w=800&q=80
PANVEL-009,Irshalgad Fort Trek,Chowk (Panvel),Raigad,Maharashtra,Panvel,18.933568,73.232031,Adventure,Trekking,"Moderate-to-difficult trek near Chowk to a boat-shaped fortress hill between Matheran and Panvel, famous for its Nedhe rock hole overlooking Morbe Dam",trekking|fort|nedhe|morbe-dam-view,0,7.0,Friends,2,10.0,4.0,0,Early morning,Outdoor,False,False,False,IndiaHikes,https://images.unsplash.com/photo-1599661046289-e31897846e41?w=800&q=80
PANVEL-010,Panvel Famous Vadapav Tasting,Old Panvel,Raigad,Maharashtra,Panvel,,,Food,Street Food,"Iconic decades-old street-food stall on MG Road, Old Panvel serving crispy vada pav, samosas and bhajis with a distinctive spicy chutney, a stop for anyone travelling towards Alibag or Khopoli",street-food|vada-pav|local-favorite,100.0,0.5,Friends,1,10.0,4.3,2404,Morning to evening (9 AM-8 PM),Outdoor,False,True,False,Restaurant Guru,https://images.unsplash.com/photo-1589301760014-d929f3979dbc?w=800&q=80
PANVEL-011,Shri Datta Snacks Misal & Local Breakfast,Panvel,Raigad,Maharashtra,Panvel,,,Food,Maharashtrian Snacks,"Long-running snack joint at the junction of NH4/NH17/NH4B in Panvel known for misal pav, batata vada, sabudana khichdi, pohe and kharvas",misal-pav|maharashtrian-food|breakfast,0,0.5,Family,1,10.0,4.0,699,Morning,Indoor,False,True,False,Foursquare,https://images.unsplash.com/photo-1504674900247-0877df9cc836?w=800&q=80
PANVEL-012,Old Panvel Heritage Wada Walk,Old Panvel,Raigad,Maharashtra,Panvel,,,Heritage,Heritage Walk,"Self-guided heritage walk through Sadashiv Peth, Tilak Road, Kapad Gali and Bazaar Peth exploring old wadas (courtyard houses) such as the historic Bapat Wada, built by some of Panvel's first settlers in 1720",heritage|wada|old-town|architecture,0.0,2.0,Solo,1,10.0,4.0,0,Morning,Outdoor,False,True,True,Heritage Chronicles Blog,https://images.unsplash.com/photo-1587474260584-136574528ed5?w=800&q=80
PANVEL-013,Shivganga Waterpark and Resort,Somatane (Panvel),Raigad,Maharashtra,Panvel,,,Entertainment,Water Park,"Family water park and resort near a Shiv temple in Somatane featuring wave pool, tube slides, rain dance, indoor arcade games and a garden with grass sculptures",waterpark|family-outing|resort|rides,1180.0,6.0,Family,1,10.0,4.0,0,9:00 AM - 5:00 PM,Both,True,False,False,Mumbai Tourism,https://images.unsplash.com/photo-1507525428034-b723cf961d3e?w=800&q=80
PANVEL-014,Riverstone Agro Farm Stay and Tour,Dodhani (Panvel),Raigad,Maharashtra,Panvel,,,Local_Experience,Agritourism,"Agro-tourism farm in Dodhani village bordered by Dehrang Dam offering guided farm tours, fruit orchards, home-cooked meals and views of the Matheran hills",agritourism|farm-stay|nature|dam-view,0,6.0,Family,2,10.0,4.0,0,Winter mornings,Both,True,True,True,Tripadvisor,https://images.unsplash.com/photo-1507525428034-b723cf961d3e?w=800&q=80
PANVEL-015,Madhuban Agro Tourism Farm Experience,Panvel,Raigad,Maharashtra,Panvel,,,Local_Experience,Agritourism,"Working dairy and organic farm near Panvel offering farm-fresh milk, seasonal fruit, deshi chicken/goat meals and views of the Gadhi river and Dehrang Dam en route",agritourism|dairy-farm|organic-food|rural-life,0,5.0,Family,4,30.0,4.0,0,Daytime,Both,True,True,True,IndiaMART,https://images.unsplash.com/photo-1507525428034-b723cf961d3e?w=800&q=80
PANVEL-016,Morbe Dam Picnic and Photography,Khalapur (Panvel),Raigad,Maharashtra,Panvel,,,Nature,Dam/Lake,"Large gravity dam on the Dhavari river supplying water to Navi Mumbai, surrounded by hills; a quiet spot for picnics, photography and short lakeside walks, especially scenic post-monsoon",dam|lake|picnic|photography|quiet-getaway,0.0,3.0,Couple,1,10.0,4.0,12,Morning to afternoon,Outdoor,False,False,True,Tripadvisor,https://images.unsplash.com/photo-1506744038136-46273834b3fb?w=800&q=80
PANVEL-017,"Adlabs Imagicaa Theme, Water and Snow Park",Khopoli,Raigad,Maharashtra,Panvel,,,Entertainment,Amusement Park,"India's largest all-weather entertainment destination near Khopoli combining a theme park, water park and India's largest snow park, easily reached from Panvel via NH48",theme-park|water-park|snow-park|family-fun,1299.0,8.0,Family,1,10.0,4.0,0,10:00 AM onward,Both,True,False,False,Holidify,https://images.unsplash.com/photo-1507525428034-b723cf961d3e?w=800&q=80
PANVEL-018,Pandavkada Falls Viewing and Short Hike,Kharghar,Raigad,Maharashtra,Panvel,,,Nature,Waterfall,"107-metre plunge waterfall on the fringe of the Kharghar hills, spectacular in monsoon; access is periodically restricted by authorities due to past drowning accidents, so viewing from safe distance is advised",waterfall|monsoon|nature|caution-advised,0,2.0,Friends,1,10.0,4.0,0,9:00 AM - 1:00 PM weekdays,Outdoor,False,False,False,ilovenavimumbai.com,https://images.unsplash.com/photo-1506744038136-46273834b3fb?w=800&q=80
PANVEL-019,Central Park Kharghar Morning Walk and Picnic,Kharghar,Raigad,Maharashtra,Panvel,,,Family,Urban Park,"One of the largest urban parks in the region (~119 hectares) with a jogging track, artificial lake with ducks, musical and dance sculptures, and open lawns popular for picnics",park|picnic|jogging|lake|family-outing,0.0,2.0,Family,1,10.0,4.0,0,6:00-9:00 AM or 5:00-8:00 PM,Outdoor,False,False,False,ilovenavimumbai.com,https://images.unsplash.com/photo-1507525428034-b723cf961d3e?w=800&q=80
PANVEL-020,Kharghar Valley Golf Course Round,Kharghar,Raigad,Maharashtra,Panvel,,,Sports,Golf,"CIDCO-developed 18-hole public-access golf course opposite Central Park with a driving range, clubhouse, swimming pool and health club, set against the Kharghar hills",golf|sports|clubhouse|scenic,2500.0,4.0,Business,1,4.0,4.0,0,Early morning,Outdoor,True,False,False,ilovenavimumbai.com,https://images.unsplash.com/photo-1507525428034-b723cf961d3e?w=800&q=80
PANVEL-021,Kharghar Hills Sunrise Trek,Kharghar,Raigad,Maharashtra,Panvel,,,Adventure,Hiking,Urban ridge trek behind the Kharghar golf course leading to a plateau at ~200m with views of the Sahyadris to the east and Arabian Sea to the west; motorised vehicles are banned on the trail,hiking|sunrise|urban-trek|viewpoint,0.0,2.0,Friends,1,10.0,4.0,117,6:00 AM - 8:00 AM,Outdoor,False,False,False,Tripadvisor,https://images.unsplash.com/photo-1551632811-561732d1e306?w=800&q=80
PANVEL-022,Kharghar Hills Sunset Point Photography,Kharghar,Raigad,Maharashtra,Panvel,,,Photography,Viewpoint,"Elevated viewpoint along the Kharghar hills ridge, accessed via the road past the golf course, offering panoramic sunset views over the city skyline and Owe Dam",photography|sunset|viewpoint|skyline,0.0,1.5,Couple,1,10.0,4.0,0,5:30 PM - 7:00 PM,Outdoor,False,False,True,Shreeji Ventures Blog,https://images.unsplash.com/photo-1551632811-561732d1e306?w=800&q=80
PANVEL-023,ISKCON Kharghar Temple Darshan,Kharghar,Raigad,Maharashtra,Panvel,,,Spiritual,Temple,"Sri Sri Radha Madan Mohanji ISKCON temple complex spread over 8 acres at the foothills of the Sahyadris opposite the golf course, with a Vedic cultural and education centre and daily aarti",temple|iskcon|spiritual|krishna,0.0,1.5,Family,1,10.0,4.0,0,"4:30 AM-1:00 PM, 4:00-9:00 PM",Both,False,False,False,ISKCON Navi Mumbai,https://images.unsplash.com/photo-1609766857041-ed402ea8069a?w=800&q=80
PANVEL-024,Owe Dam Kharghar Viewpoint,Kharghar,Raigad,Maharashtra,Panvel,,,Nature,Lake/Reservoir,"Small reservoir amid the Kharghar hills offering a serene, less-crowded alternative viewpoint compared to the main hill trail, popular for evening walks",reservoir|nature|quiet-spot,0.0,1.0,Couple,1,10.0,4.0,0,Evening,Outdoor,False,False,True,GetSetXplore,https://images.unsplash.com/photo-1506744038136-46273834b3fb?w=800&q=80
PANVEL-025,Panje Wetland Flamingo and Bird Watching,Uran,Raigad,Maharashtra,Panvel,,,Wildlife,Wetland Birdwatching,"The last surviving major wetland in Uran (~213 hectares), hosting over 1.4 lakh migratory birds including flamingos each winter; a key birding site in the Mumbai Metropolitan Region",flamingos|wetland|birdwatching|migratory-birds,0.0,2.0,Solo,1,10.0,4.0,0,"Early morning, Nov-Feb",Outdoor,False,False,True,Sanctuary Nature Foundation,https://images.unsplash.com/photo-1534567153574-2b12153a87f0?w=800&q=80
PANVEL-026,Dronagiri Fort Trek,Uran,Raigad,Maharashtra,Panvel,18.86694,72.935917,Heritage,Hill Fort,"Easy, safe hilltop fort trek near Uran with a Portuguese-era chapel (Nossa Senhora da Penha), old water cisterns and a Ganpati carving; views of the ONGC plant below (photography of the plant is prohibited)",fort|heritage|easy-trek|portuguese-era,0.0,2.5,Family,1,10.0,4.0,0,Morning,Outdoor,False,False,True,Wikipedia,https://images.unsplash.com/photo-1599661046289-e31897846e41?w=800&q=80
PANVEL-027,Karanja Beach Visit,Karanja (Uran),Raigad,Maharashtra,Panvel,,,Beach,Coastal Village,"Fishing-village beach on the Karanja peninsula near Uran; a working shore where local fishing communities land their daily catch, offering an authentic (not resort-style) coastal experience",beach|fishing-village|coastal|local-life,0.0,2.0,Family,1,10.0,4.0,0,Morning or evening,Outdoor,False,True,True,Wikipedia (Uran),https://images.unsplash.com/photo-1507525428034-b723cf961d3e?w=800&q=80
PANVEL-028,Kegav Beach Uran,Uran,Raigad,Maharashtra,Panvel,,,Beach,Local Beach,"Quiet, rural local beach in Uran that remains largely isolated from mainstream tourist crowds, one of four beaches around the Uran coastline",beach|secluded|local-beach,0.0,1.5,Couple,1,10.0,4.0,0,Evening,Outdoor,False,True,True,Wikipedia (Uran),https://images.unsplash.com/photo-1507525428034-b723cf961d3e?w=800&q=80
PANVEL-029,Mora Jetty Ferry to Elephanta Caves,Uran,Raigad,Maharashtra,Panvel,,,Heritage,Ferry Heritage Tour,"Lesser-known ferry route to the UNESCO World Heritage Elephanta Caves departing from Mora jetty near Uran, an alternative to the busier Gateway of India ferries",ferry|unesco|caves|heritage|boat-ride,0,4.0,Family,1,10.0,4.0,0,Morning departure (first ferry ~7:15 AM),Outdoor,True,False,True,Moovit,https://images.unsplash.com/photo-1587474260584-136574528ed5?w=800&q=80
PANVEL-030,Karanja-Rewas Ferry Crossing,Karanja (Uran),Raigad,Maharashtra,Panvel,,,Local_Experience,Ferry Ride,"Short passenger ferry crossing between Karanja and Rewas jetties across the Dharamtar creek, a scenic and functional local commuting experience for coastal Raigad villages",ferry|creek-crossing|local-transport|scenic,0,1.0,Solo,1,10.0,4.0,0,Daytime,Outdoor,False,True,True,MSRDC Ferry / Moovit,https://images.unsplash.com/photo-1507525428034-b723cf961d3e?w=800&q=80
PANVEL-031,Kalamboli Steel Market Visit,Kalamboli,Raigad,Maharashtra,Panvel,,,Shopping,Wholesale Market,"One of India's largest iron and steel wholesale markets, giving visitors a glimpse into Navi Mumbai's industrial trading economy alongside its planned-township surroundings",market|steel|industrial|shopping,0.0,1.5,Solo,1,10.0,4.0,0,Weekday mornings,Both,False,True,False,Kupi Travel Guide,https://images.unsplash.com/photo-1533900298318-6b8da08a523e?w=800&q=80
PANVEL-032,Kamothe Mangrove Belt Walk,Kamothe,Raigad,Maharashtra,Panvel,,,Nature,Mangrove Walk,"Western fringe of Kamothe features a wetland area with mangroves bordering the site of the Navi Mumbai International Airport, offering a quiet nature walk close to residential sectors",mangroves|wetland|walking|nature,0.0,1.0,Solo,1,10.0,4.0,0,Morning,Outdoor,False,False,True,Wikipedia (Kamothe),https://images.unsplash.com/photo-1506744038136-46273834b3fb?w=800&q=80
PANVEL-033,Pisarnath Temple Prabalgad,Prabalgad (Panvel),Raigad,Maharashtra,Panvel,,,Spiritual,Temple,"Small hillside temple near Prabalgad village, a quieter alternative stop for visitors exploring the Prabalgad-Kalavantin area beyond the main trekking trail",temple|spiritual|offbeat,0.0,1.0,Solo,1,10.0,4.0,0,Morning,Outdoor,False,True,True,Holidify,https://images.unsplash.com/photo-1609766857041-ed402ea8069a?w=800&q=80
PANVEL-034,Bot Lake Karnala Nature Walk,Karnala (Panvel),Raigad,Maharashtra,Panvel,,,Nature,Lake,Small lake near Karnala Fort that visitors combine with a fort trek and bird sanctuary visit for a relaxed nature stop,lake|nature|quiet-spot,0.0,1.0,Family,1,10.0,4.0,0,Morning,Outdoor,False,False,True,Holidify,https://images.unsplash.com/photo-1506744038136-46273834b3fb?w=800&q=80
PANVEL-035,Karnala Village Temples Circuit,Karnala (Panvel),Raigad,Maharashtra,Panvel,,,Spiritual,Temple Circuit,"A cluster of small local temples near Karnala — Ram Mandir, Gaodevi Mandir, Ganesh Mandir and Datta Mandir — visited by pilgrims and trekkers extending their day at Karnala Fort",temple|pilgrimage|local-devotion,0.0,1.5,Family,1,10.0,4.0,0,Morning,Outdoor,False,True,True,Holidify,https://images.unsplash.com/photo-1609766857041-ed402ea8069a?w=800&q=80
PANVEL-036,Little World Mall and INOX Kharghar,Kharghar,Raigad,Maharashtra,Panvel,,,Shopping,Mall,"Shopping mall roughly 2.5 km from Central Park with a food court, retail stores and an INOX multiplex, a convenient indoor stop for families visiting Kharghar",mall|shopping|cinema|indoor,0,3.0,Family,1,10.0,4.0,0,Afternoon/Evening,Indoor,False,False,False,ilovenavimumbai.com,https://images.unsplash.com/photo-1533900298318-6b8da08a523e?w=800&q=80
PANVEL-037,Central Park Kharghar Boating,Kharghar,Raigad,Maharashtra,Panvel,,,Family,Boating,"Small boating activity on the artificial lake inside Central Park Kharghar, a nominal-fee add-on to a park visit, popular with families and children",boating|lake|family-activity,0,0.5,Kids,1,10.0,4.0,0,Evening,Outdoor,True,False,False,ilovenavimumbai.com,https://images.unsplash.com/photo-1507525428034-b723cf961d3e?w=800&q=80
PANVEL-038,Kharghar Central Park Cycling and Jogging Track,Kharghar,Raigad,Maharashtra,Panvel,,,Sports,Cycling/Jogging,"Long paved jogging and cycling track within Central Park Kharghar, popular with morning and evening walkers, joggers and casual cyclists",cycling|jogging|fitness|outdoor-sport,0.0,1.0,All,1,10.0,4.0,0,6:00-9:00 AM,Outdoor,False,False,False,YoMetro,https://images.unsplash.com/photo-1507525428034-b723cf961d3e?w=800&q=80
PANVEL-039,Central Park Kharghar Open-Ground Sports,Kharghar,Raigad,Maharashtra,Panvel,,,Sports,Ground Sports,"Open lawns within Central Park used by locals for informal cricket, volleyball, football and badminton games",cricket|football|volleyball|badminton|community-sport,0.0,1.5,Friends,4,10.0,4.0,0,Evening,Outdoor,False,True,False,navimumbaihouses.com,https://images.unsplash.com/photo-1507525428034-b723cf961d3e?w=800&q=80
PANVEL-040,Ransai Dam Uran,Uran,Raigad,Maharashtra,Panvel,,,Nature,Dam,"Small dam destination near Dighode village in Uran, a lesser-visited nature spot for a quiet outing away from the main coastal attractions",dam|nature|offbeat,0.0,1.5,Couple,1,10.0,4.0,0,Morning,Outdoor,False,False,True,Wikipedia (Uran),https://images.unsplash.com/photo-1506744038136-46273834b3fb?w=800&q=80
PANVEL-041,Khopate Village Dashami Festival,Uran,Raigad,Maharashtra,Panvel,,,Festival,Local Festival,"Annual Dashami festival celebrated at Khopate village in Uran in honour of Saint Gopalkaka Maharaj, offering visitors a genuine local religious-cultural celebration",festival|local-culture|religious-celebration,0.0,3.0,Family,1,10.0,4.0,0,Festival day (varies by lunar calendar),Outdoor,False,True,True,Wikipedia (Uran),https://images.unsplash.com/photo-1507525428034-b723cf961d3e?w=800&q=80
PANVEL-042,Dronagiri Devi Temple Hilltop Viewpoint,Uran,Raigad,Maharashtra,Panvel,,,Photography,Hilltop Viewpoint,"Dronagiri Devi temple atop Dronagiri hill offering a wide photography viewpoint over Uran, Karanja creek and the JNPT coastline",viewpoint|photography|temple|coastal-view,0.0,2.0,Solo,1,10.0,4.0,0,Sunrise/Sunset,Outdoor,False,False,True,Wikipedia (Uran),https://images.unsplash.com/photo-1609766857041-ed402ea8069a?w=800&q=80
PANVEL-043,"Pottery Workshop, Forest Colony Panvel",Panvel,Raigad,Maharashtra,Panvel,,,Workshop,Pottery,"Local hands-on pottery class in Forest Colony, Panvel where participants learn basic wheel and hand-building clay techniques",pottery|craft|hands-on|workshop,0,2.0,Family,1,15.0,4.3,17,Weekend afternoons,Indoor,True,True,True,Justdial,https://images.unsplash.com/photo-1507525428034-b723cf961d3e?w=800&q=80
PANVEL-044,Kondana Caves Trek,Kondhane (Karjat),Raigad,Maharashtra,Panvel,,,Heritage,Rock-cut Caves,"1st-century BCE Buddhist rock-cut caves near Karjat featuring a stupa, chaitya and vihara, reached via an easy one-hour trek from base village Kondhane",buddhist-caves|heritage|ancient-history|easy-trek,0.0,3.0,Family,1,10.0,4.0,0,Morning,Outdoor,False,False,True,Treks and Trails India,https://images.unsplash.com/photo-1551632811-561732d1e306?w=800&q=80
PANVEL-045,"Ulhas River White-Water Rafting, Karjat",Karjat,Raigad,Maharashtra,Panvel,,,Adventure,River Rafting,"Class II-IV white-water rafting on the Ulhas River near Karjat, a seasonal adventure activity through Sahyadri valleys, typically clubbed with camping",rafting|adventure|river|monsoon-sport,0,2.0,Friends,4,10.0,4.0,0,Daytime,Outdoor,True,False,False,TravelTriangle,https://images.unsplash.com/photo-1533130061792-64b345e4a833?w=800&q=80
PANVEL-046,Peth Fort (Kothaligad) Trek,Karjat,Raigad,Maharashtra,Panvel,,,Adventure,Trekking,"Conical hill fort trek near Karjat with a rock-cut cave and a magnificent view of the Konkan plains, Bhimashankar range and Matheran hills",fort|trekking|viewpoint|history,0.0,5.0,Friends,2,10.0,4.0,0,Morning,Outdoor,False,False,True,GoTravelTrek,https://images.unsplash.com/photo-1599661046289-e31897846e41?w=800&q=80
PANVEL-047,"Ulhas Valley Riverside Camping, Karjat",Karjat,Raigad,Maharashtra,Panvel,,,Adventure,Camping,"Riverside camping set-up along the Ulhas Valley near Karjat with bonfires, stargazing and outdoor games, often combined with a rafting day",camping|riverside|bonfire|stargazing,0,15.0,Friends,4,20.0,4.0,0,Evening to next morning,Outdoor,True,False,False,Treks and Trails India,https://images.unsplash.com/photo-1533130061792-64b345e4a833?w=800&q=80
PANVEL-048,Nanivali Village Approach Walk (Irshalgad),Chowk (Panvel),Raigad,Maharashtra,Panvel,,,Local_Experience,Village Walk,"Comfortable 2.3 km walk from Chowk railway station to Nanivali village, the road-head for the Irshalgad trek, passing through a quiet rural Raigad landscape",village-walk|rural|trek-approach,0.0,1.0,Solo,1,10.0,4.0,0,Morning,Outdoor,False,True,True,Wikipedia (Irshalgad),https://images.unsplash.com/photo-1507525428034-b723cf961d3e?w=800&q=80
PANVEL-049,"N.D. Studios Film Set Tour, Karjat",Karjat,Raigad,Maharashtra,Panvel,,,Entertainment,Film Studio Tour,"Popular film and TV production studio near Karjat offering visitors a look at outdoor sets used for Bollywood shoots, a fun half-day family stop on a Karjat itinerary",film-studio|entertainment|family-outing,0,2.0,Family,1,10.0,4.0,0,Afternoon,Both,True,False,False,Agoda Travel Guide,https://images.unsplash.com/photo-1507525428034-b723cf961d3e?w=800&q=80
PANVEL-050,"Bhivpuri Waterfall Picnic, Karjat",Karjat,Raigad,Maharashtra,Panvel,,,Nature,Waterfall,"Seasonal waterfall near Karjat popular for family picnics during and after the monsoon, with easy access from the Karjat-Murbad road",waterfall|picnic|monsoon|family-outing,0.0,2.0,Family,1,10.0,4.0,0,Daytime,Outdoor,False,False,False,Agoda Travel Guide,https://images.unsplash.com/photo-1432405972618-c60b0225b8f9?w=800&q=80
PANVEL-051,"Pali Bhutivali Dam Backwaters Picnic, Karjat",Karjat,Raigad,Maharashtra,Panvel,,,Nature,Dam Backwaters,"Scenic backwaters (locally called Blackwaters) at Pali Bhutivali Dam near Karjat, a peaceful sunset picnic and photography spot",dam|backwaters|picnic|sunset,0.0,2.0,Couple,1,10.0,4.0,0,Evening,Outdoor,False,False,True,GoTravelTrek,https://images.unsplash.com/photo-1506744038136-46273834b3fb?w=800&q=80
PANVEL-052,"Kaleshwar Temple, Karjat",Karjat,Raigad,Maharashtra,Panvel,,,Spiritual,Temple,"Ancient temple near Karjat considered a holy site by local devotees, often included in Karjat sightseeing itineraries",temple|spiritual|ancient,0.0,1.0,Family,1,10.0,4.0,0,Morning,Outdoor,False,True,True,Agoda Travel Guide,https://images.unsplash.com/photo-1609766857041-ed402ea8069a?w=800&q=80
PANVEL-053,Uran Fish Market and Fresh Catch Experience,Uran,Raigad,Maharashtra,Panvel,,,Food,Fish Market,"Uran's Koliwada fishing hamlets, especially Karanja and Mora, supply a large share of Mumbai's fish; visitors can watch the daily catch being landed and sorted at the local fish market",fish-market|seafood|fishing-village|local-life,0.0,1.5,Solo,1,10.0,4.0,0,Early morning,Outdoor,False,True,True,Wikipedia (Uran),https://images.unsplash.com/photo-1533900298318-6b8da08a523e?w=800&q=80
PANVEL-054,Uran Paddy Field Rural Walk,Uran,Raigad,Maharashtra,Panvel,,,Local_Experience,Rural Walk,"Walks through Uran's rice paddy fields, reflecting the taluka's role in Raigad district's rice production, offering a green, rural contrast to the coastal and industrial parts of Uran",paddy-fields|rural-walk|agriculture|greenery,0.0,1.5,Family,1,10.0,4.0,0,Monsoon mornings,Outdoor,False,True,True,Wikipedia (Uran),https://images.unsplash.com/photo-1507525428034-b723cf961d3e?w=800&q=80
PANVEL-055,Irshalgad Nedhe Rock Formation Photography,Chowk (Panvel),Raigad,Maharashtra,Panvel,18.933568,73.232031,Photography,Rock Formation,"The Nedhe, a natural hole carved into rock by wind and water on Irshalgad, overlooking Morbe Dam, is a well-known photography subject reached partway up the Irshalgad trek",photography|rock-formation|dam-view|nedhe,0,4.0,Friends,1,10.0,4.0,0,Morning,Outdoor,False,False,True,NomadoSauras,https://images.unsplash.com/photo-1516035069371-29a1b244cc32?w=800&q=80
PANVEL-056,Prabalmachi Plateau Sunrise Photography,Prabalmachi (Panvel),Raigad,Maharashtra,Panvel,18.9828,73.2154,Photography,Sunrise Viewpoint,Wide grassy plateau between Kalavantin Durg and Prabalgad offering unobstructed sunrise views over the Panvel valley and surrounding Sahyadri peaks,photography|sunrise|plateau|landscape,0,2.0,Friends,1,10.0,4.0,0,5:30 AM - 7:00 AM,Outdoor,False,False,True,IndiaHikes,https://images.unsplash.com/photo-1516035069371-29a1b244cc32?w=800&q=80
PANVEL-057,Bazaar Peth Old Panvel Local Shopping,Old Panvel,Raigad,Maharashtra,Panvel,,,Shopping,Local Market,"Traditional market street in Old Panvel's Bazaar Peth area lined with grocery, textile, farsan and everyday-goods shops set among the town's older wada architecture",local-market|shopping|old-town,0.0,1.5,Solo,1,10.0,4.0,0,Morning to evening,Outdoor,False,True,False,Heritage Chronicles Blog,https://images.unsplash.com/photo-1533900298318-6b8da08a523e?w=800&q=80
PANVEL-058,Karnala Fort Watchtower Ruins Photography,Karnala (Panvel),Raigad,Maharashtra,Panvel,18.88167,73.11806,Photography,Heritage Ruins,"Ruined 125-ft basalt watchtower atop Karnala Fort, carved with Persian, Marathi and Mughal-era inscriptions, a popular photography subject at the summit",photography|ruins|watchtower|heritage,30.0,1.0,Solo,1,10.0,4.0,0,Golden hour (early morning),Outdoor,False,False,False,Thrillophilia,https://images.unsplash.com/photo-1599661046289-e31897846e41?w=800&q=80
PANVEL-059,Wonders Park Kharghar/Belapur,Kharghar,Raigad,Maharashtra,Panvel,,,Family,Theme Garden,"A themed park near Kharghar/CBD Belapur featuring miniature replicas of world monuments, a casual family sightseeing stop combined with a Central Park or Kharghar Hills visit",theme-park|family|replicas|kids,0,1.5,Kids,1,10.0,4.0,0,Afternoon,Outdoor,False,False,False,Tripadvisor (Central Park Kharghar reviews),https://images.unsplash.com/photo-1507525428034-b723cf961d3e?w=800&q=80
PANVEL-060,iCamp Resort Kharghar Hills Camping,Kharghar,Raigad,Maharashtra,Panvel,,,Adventure,Camping,"Private campsite on Kharghar Hills offering overnight tent stays with meals, one of the few authorised overnight options on the otherwise no-stay hill",camping|hilltop|overnight-stay,0,15.0,Friends,2,10.0,4.0,0,Evening to next morning,Outdoor,True,False,True,GetSetXplore,https://images.unsplash.com/photo-1551632811-561732d1e306?w=800&q=80
PANVEL-061,Kharghar Hills Butterfly and Bird Photography,Kharghar,Raigad,Maharashtra,Panvel,,,Wildlife,Butterfly/Bird Watching,"Kharghar Hills' forested trail is home to numerous butterflies and birds, drawing casual nature photographers alongside regular morning trekkers",butterflies|birdwatching|nature-photography,0.0,1.5,Solo,1,10.0,4.0,0,Morning,Outdoor,False,False,True,Navi Mumbai Houses Blog,https://images.unsplash.com/photo-1551632811-561732d1e306?w=800&q=80
PANVEL-062,Central Park Kharghar Amphitheatre Cultural Events,Kharghar,Raigad,Maharashtra,Panvel,,,Culture,Amphitheatre,"A large open-air amphitheatre within Central Park Kharghar used for cultural programmes, community events and public performances",amphitheatre|cultural-events|performance,0,2.0,Family,1,10.0,4.0,0,Evening (event-dependent),Outdoor,True,True,False,Shreeji Ventures Blog,https://images.unsplash.com/photo-1452860606245-08befc0ff44b?w=800&q=80
PANVEL-063,"Hast Mudra Themed Garden, Central Park Kharghar",Kharghar,Raigad,Maharashtra,Panvel,,,Nature,Themed Botanical Garden,A themed botanical garden section within Central Park Kharghar featuring hand-gesture (hast mudra) inspired landscaping and sculptures,botanical-garden|themed-garden|sculpture,0.0,1.0,Family,1,10.0,4.0,0,Morning or evening,Outdoor,False,False,True,Shreeji Ventures Blog,https://images.unsplash.com/photo-1506744038136-46273834b3fb?w=800&q=80
PANVEL-064,ISKCON Kharghar Janmashtami Festival,Kharghar,Raigad,Maharashtra,Panvel,,,Festival,Religious Festival,"Grand annual Sri Krishna Janmashtami celebration at ISKCON Kharghar with the temple elaborately decorated, plus dance, drama and bhajan performances drawing large crowds",janmashtami|festival|iskcon|krishna,0.0,4.0,Family,1,10.0,4.0,0,Evening,Both,False,False,False,Yatradham Blog,https://images.unsplash.com/photo-1609766857041-ed402ea8069a?w=800&q=80
PANVEL-065,Uran Shipbuilding and Boatyard Observation,Uran,Raigad,Maharashtra,Panvel,,,Local_Experience,Craft Observation,"Small boatyards along the Uran coast where wooden fishing boats are built and repaired, reflecting the town's traditional shipbuilding and port-support economy alongside modern JNPT operations",shipbuilding|boatyard|maritime-craft|local-life,0.0,1.0,Solo,1,10.0,4.0,0,Daytime,Outdoor,False,True,True,Wikipedia (Uran),https://images.unsplash.com/photo-1507525428034-b723cf961d3e?w=800&q=80
PANVEL-066,Shilp Wellness Resort and Spa Retreat,Shedung (Panvel),Raigad,Maharashtra,Panvel,,,Wellness,Spa Retreat,"Luxury wellness retreat in Shedung, Panvel offering Turkish and Moroccan hammam rituals, signature spa therapies, landscaped gardens and pools",spa|wellness|hammam|luxury-retreat,0,3.0,Couple,1,10.0,4.0,0,Afternoon,Indoor,True,False,False,Shilp Wellness,https://images.unsplash.com/photo-1507525428034-b723cf961d3e?w=800&q=80
PANVEL-067,Vadale Lake Panvel,Panvel,Raigad,Maharashtra,Panvel,,,Nature,Lake,"A local lake on the outskirts of Panvel town, a quiet spot for a short nature break near the Shedung/Somatne area, often mentioned alongside nearby resorts",lake|nature|quiet-spot|local-outing,0.0,1.0,Couple,1,10.0,4.0,0,Evening,Outdoor,False,True,True,Hotels.com listing,https://images.unsplash.com/photo-1506744038136-46273834b3fb?w=800&q=80
PANVEL-068,Orion Mall Panvel Shopping and Entertainment,Panvel,Raigad,Maharashtra,Panvel,,,Shopping,Mall,"Shopping mall on the outskirts of Panvel offering retail stores, food court and entertainment options, a convenient indoor stop for families",mall|shopping|entertainment|indoor,0,2.5,Family,1,10.0,4.0,0,Afternoon/Evening,Indoor,False,False,False,Hotels.com listing,https://images.unsplash.com/photo-1533900298318-6b8da08a523e?w=800&q=80
PANVEL-069,"Kondana Bahiri Cave Viewpoint, Karjat",Karjat,Raigad,Maharashtra,Panvel,,,Photography,Cave Viewpoint,"A vantage-point cave near Karjat offering sweeping valley views, popular with trekkers extending a Kondana Caves visit for photography",cave|viewpoint|photography|valley-view,0.0,2.0,Friends,1,10.0,4.0,0,Morning,Outdoor,False,False,True,Agoda Travel Guide,https://images.unsplash.com/photo-1516035069371-29a1b244cc32?w=800&q=80
PANVEL-070,"Horse Riding Adventure, Karjat",Karjat,Raigad,Maharashtra,Panvel,,,Sports,Horse Riding,"Guided horse riding experience run by an equine services operator in the Karjat countryside, a family-friendly adventure activity distinct from the area's trekking options",horse-riding|adventure|family-activity,0,1.0,Family,1,10.0,4.0,0,Morning or evening,Outdoor,True,False,True,GoTravelTrek,https://images.unsplash.com/photo-1533130061792-64b345e4a833?w=800&q=80
PANVEL-071,"Rock Climbing and Rappelling, Kondana",Karjat,Raigad,Maharashtra,Panvel,,,Adventure,Rock Climbing,"Guided rock climbing and rappelling sessions on the rock faces near Kondana Caves outside Karjat, run by local adventure operators",rock-climbing|rappelling|adventure-sport,0,3.0,Friends,4,15.0,4.0,0,Morning,Outdoor,True,False,False,GoTravelTrek,https://images.unsplash.com/photo-1533130061792-64b345e4a833?w=800&q=80
PANVEL-072,Panvel Railway Junction Heritage Photography,Panvel,Raigad,Maharashtra,Panvel,,,Photography,Railway Heritage,"Panvel Junction, a key railway hub connecting the Harbour, Konkan and Central lines, offers railway-enthusiast photography opportunities amid the bustle of one of Navi Mumbai's busiest stations",railway|junction|photography|transport-hub,0.0,0.5,Solo,1,10.0,4.0,0,Daytime,Outdoor,False,True,False,General knowledge / Wikipedia (Panvel),https://images.unsplash.com/photo-1587474260584-136574528ed5?w=800&q=80
PANVEL-073,Karnala to Prabalgad Ridge Photography Trail,Panvel,Raigad,Maharashtra,Panvel,,,Photography,Ridge Trail,"From the summit of Karnala Fort, trekkers get clear sightlines to Prabalgad, Manikgad, Haji Malang, Chanderi, Matheran and other Sahyadri peaks, making it a rewarding multi-fort photography vantage point",photography|ridge-view|multi-fort-panorama,30.0,1.0,Solo,1,10.0,4.0,0,Clear winter mornings,Outdoor,False,False,True,Mumbai Pune Adventures,https://images.unsplash.com/photo-1516035069371-29a1b244cc32?w=800&q=80
PANVEL-074,Prabalmachi Farming Village Experience,Prabalmachi (Panvel),Raigad,Maharashtra,Panvel,18.9828,73.2154,Local_Experience,Farming Village,Small farming community on the Prabalmachi plateau where villagers cultivate the land between Kalavantin Durg and Prabalgad and run seasonal food and tea stalls for trekkers,farming|village-life|plateau-community,0,1.0,Friends,1,10.0,4.0,0,Daytime,Outdoor,False,True,True,Western Ghats Treks Blog,https://images.unsplash.com/photo-1507525428034-b723cf961d3e?w=800&q=80
PANVEL-075,Kharghar to Karnala Cycling Day Trip,Kharghar,Raigad,Maharashtra,Panvel,,,Sports,Long-distance Cycling,"A road-cycling route linking Kharghar to Karnala Bird Sanctuary via Panvel, popular among Navi Mumbai cycling groups for weekend rides combining fitness with a nature destination",cycling|road-ride|fitness|group-activity,0.0,3.0,Friends,2,10.0,4.0,0,Early morning (before 8 AM),Outdoor,False,False,False,"Route inferred from Karnala/Kharghar road distances (7thTraveler, YoMetro)",https://images.unsplash.com/photo-1507525428034-b723cf961d3e?w=800&q=80
PANVEL-076,Kon Village Temple and Church Circuit,Kon (Panvel),Raigad,Maharashtra,Panvel,,,Spiritual,Temple and Church Circuit,"Small waypoint village on the Panvel-Khopoli route with a cluster of local landmarks including a Datta Mandir, a Ram Mandir and a village church, visited by travellers passing through Kon",temple|church|waypoint-village|spiritual,0.0,1.0,Family,1,10.0,4.0,0,Daytime,Outdoor,False,True,True,CabBazar route guide,https://images.unsplash.com/photo-1609766857041-ed402ea8069a?w=800&q=80
PANVEL-077,Patalganga River Rasayani Nature Walk,Rasayani (Panvel),Raigad,Maharashtra,Panvel,,,Nature,River Walk,"Riverside stretch of the Patalganga at Rasayani village along the Panvel-Khopoli corridor, offering a quiet nature stop away from the main highway",river|nature-walk|rural-stop,0.0,1.0,Couple,1,10.0,4.0,0,Morning,Outdoor,False,True,True,CabBazar route guide,https://images.unsplash.com/photo-1506744038136-46273834b3fb?w=800&q=80
PANVEL-078,Rasayani Temples and Gurudwara Circuit,Rasayani (Panvel),Raigad,Maharashtra,Panvel,,,Spiritual,Multi-faith Circuit,"Cluster of small roadside shrines at Rasayani village on the Panvel-Khopoli corridor including a Shiv Temple, a Ram Temple and a Gurudwara Sahib, reflecting the area's mixed local devotional life",temple|gurudwara|multi-faith|roadside-shrine,0.0,1.0,Family,1,10.0,4.0,0,Daytime,Outdoor,False,True,True,CabBazar route guide,https://images.unsplash.com/photo-1609766857041-ed402ea8069a?w=800&q=80
PANVEL-079,"Our Lady of Penha Chapel, Karanja",Karanja (Uran),Raigad,Maharashtra,Panvel,18.86694,72.935917,Heritage,Portuguese-era Chapel,"Well-preserved Portuguese-era chapel inside Dronagiri Fort's inner enclosure near Karanja, dating to the Portuguese occupation of the peninsula between 1534 and 1739",chapel|portuguese-heritage|colonial-history,0.0,0.5,Solo,1,10.0,4.0,0,Morning,Outdoor,False,False,True,Cycling to Uran blog,https://images.unsplash.com/photo-1587474260584-136574528ed5?w=800&q=80
PANVEL-080,"Vetal Mandir Ruins, Dronagiri",Uran,Raigad,Maharashtra,Panvel,18.86694,72.935917,Heritage,Ruined Shrine,"Ruined Vetal Mandir located along the path between Dronagiri Fort's main gate and Karanja village, one of the fort area's lesser-known heritage stops",ruins|shrine|heritage|offbeat,0.0,0.5,Solo,1,10.0,4.0,0,Morning,Outdoor,False,False,True,Wikipedia (Dronagiri Fort),https://images.unsplash.com/photo-1609766857041-ed402ea8069a?w=800&q=80
MMR-001,Yeoor Hills,Thane,Thane,Maharashtra,Mumbai,19.24,72.97,Nature,Hills & Trekking,"Hilly forest region on the eastern edge of Sanjay Gandhi National Park with six tribal villages, popular for trekking, hiking and birdwatching.","trekking,hills,birdwatching,nature,forest",0.0,2.5,"Trekkers, nature lovers, families",1,15.0,4.3,3200,Early morning,Outdoor,False,True,False,Piramal Realty Blog,https://images.unsplash.com/photo-1551632811-561732d1e306?w=800&q=80
MMR-002,Upvan Lake,Thane,Thane,Maharashtra,Mumbai,19.2245,72.9631,Nature,Lake,"Artificial eco-friendly lake built in 1880 by Thane Municipal Corporation, backed by Yeoor Hills; popular for walking, boating and cultural events.","lake,walking,boating,photography,evening",20.0,1.5,"Couples, families, photographers",1,10.0,4.3,8500,Evening,Outdoor,False,True,False,Housing.com,https://images.unsplash.com/photo-1506744038136-46273834b3fb?w=800&q=80
MMR-003,Masunda Lake (Talao Pali),Thane,Thane,Maharashtra,Mumbai,19.1972,72.9714,Nature,Lake,"Central Thane lake known as Talao Pali, surrounded by promenade, food stalls and the famous Ganeshotsav immersion ghats.","lake,local,food,evening,culture",0.0,1.0,"Families, local food lovers",1,10.0,4.2,6200,Evening,Outdoor,False,True,False,Veena World Blog,https://images.unsplash.com/photo-1506744038136-46273834b3fb?w=800&q=80
MMR-004,Thane Creek Flamingo Sanctuary,Thane,Thane,Maharashtra,Mumbai,19.21,72.995,Wildlife,Bird Watching,"Mangrove-lined creek recognised as an Important Bird Area by BNHS, famous for migratory flamingos between November and May.","birdwatching,flamingos,mangroves,wildlife,photography",0.0,2.0,"Birders, photographers",1,12.0,4.4,1900,Nov-May early morning,Outdoor,False,True,True,Piramal Realty Blog,https://images.unsplash.com/photo-1534567153574-2b12153a87f0?w=800&q=80
MMR-005,Ovalekar Wadi Butterfly Garden,Thane,Thane,Maharashtra,Mumbai,19.235,72.955,Nature,Butterfly Garden,"Community-run garden in Owale village housing over 500 species of butterflies, a favourite for wildlife enthusiasts and photographers.","butterflies,nature,photography,garden,family",30.0,1.0,"Families, kids, photographers",1,15.0,4.2,1400,Morning,Outdoor,False,True,True,Veena World Blog,https://images.unsplash.com/photo-1506744038136-46273834b3fb?w=800&q=80
MMR-006,Kopineshwar Mandir,Thane,Thane,Maharashtra,Mumbai,19.1974,72.9701,Temple,Heritage Temple,"Ancient Shiva temple considered the patron shrine of Thane, known for one of Maharashtra's largest Shiv lingas and a grand Nandi at the entrance.","temple,heritage,shiva,religious",0.0,0.5,"Devotees, heritage lovers",1,20.0,4.4,2100,Morning,Mixed,False,True,False,Testingtscl Blog,https://images.unsplash.com/photo-1609766857041-ed402ea8069a?w=800&q=80
MMR-007,Kalibari Temple,Thane,Thane,Maharashtra,Mumbai,19.199,72.978,Temple,Heritage Temple,"Bengali-style temple dedicated to Goddess Kali, a peaceful religious landmark popular with Thane's Bengali community.","temple,religious,heritage,culture",0.0,0.5,"Devotees, culture seekers",1,20.0,4.3,900,Morning,Mixed,False,True,True,Testingtscl Blog,https://images.unsplash.com/photo-1609766857041-ed402ea8069a?w=800&q=80
MMR-008,Tikuji-ni-Wadi,Thane,Thane,Maharashtra,Mumbai,19.245,72.975,Family,Amusement & Water Park,"Popular amusement and water park on Thane-Ghodbunder Road with rides, water slides and resort facilities for a full family day out.","family,waterpark,rides,fun",800.0,5.0,"Families, kids, groups",2,50.0,4.0,7600,Weekday morning,Outdoor,True,False,False,Local Tourism Guide,https://images.unsplash.com/photo-1507525428034-b723cf961d3e?w=800&q=80
MMR-009,Vardhaman Fantasy Park,Thane,Thane,Maharashtra,Mumbai,19.155,73.07,Family,Amusement Park,"Themed amusement park in Shilphata with rides and attractions inspired by global cities, ideal for a family outing.","family,amusement,rides,fun",100.0,4.0,"Families, kids",2,40.0,3.9,1800,Afternoon,Outdoor,False,False,False,Bajaj Finserv Blog,https://images.unsplash.com/photo-1507525428034-b723cf961d3e?w=800&q=80
MMR-010,St. John the Baptist Church,Thane,Thane,Maharashtra,Mumbai,19.198,72.979,Heritage,Church,"One of the oldest churches in the region, dating back roughly five centuries, notable for its old-world architecture.","church,heritage,history,architecture",0.0,0.5,"Heritage lovers, photographers",1,15.0,4.3,650,Morning,Indoor,False,True,True,Testingtscl Blog,https://images.unsplash.com/photo-1587474260584-136574528ed5?w=800&q=80
MMR-011,Mother of Victory Church,Thane,Thane,Maharashtra,Mumbai,19.193,72.972,Heritage,Church,"Church named after Mother Mary, notable for a statue of Mother Mary brought from Wigratzbad, Germany.","church,heritage,religious",0.0,0.5,"Devotees, heritage lovers",1,15.0,4.2,500,Morning,Indoor,False,True,True,Testingtscl Blog,https://images.unsplash.com/photo-1587474260584-136574528ed5?w=800&q=80
MMR-012,Ghodbunder Fort,Thane,Thane,Maharashtra,Mumbai,19.265,72.97,Heritage,Fort,"Portuguese-era coastal fort remnant along Ghodbunder Road on the banks of Thane creek, offering a glimpse of the region's colonial past.","fort,heritage,history,hidden gem",0.0,1.0,"History buffs, explorers",1,10.0,3.9,320,Morning,Outdoor,False,True,True,Local Heritage Records,https://images.unsplash.com/photo-1599661046289-e31897846e41?w=800&q=80
MMR-013,Tansa Lake,Shahapur,Thane,Maharashtra,Mumbai,19.533,73.367,Nature,Lake,"Large water reservoir surrounded by lush greenery around 60 km from Thane, offering trekking and picnic opportunities.","lake,nature,picnic,trekking",0.0,3.0,"Nature lovers, picnickers",2,15.0,4.1,540,Morning,Outdoor,False,True,True,Bajaj Finserv Blog,https://images.unsplash.com/photo-1506744038136-46273834b3fb?w=800&q=80
MMR-014,Tansa Wildlife Sanctuary,Shahapur,Thane,Maharashtra,Mumbai,19.55,73.45,Wildlife,Wildlife Sanctuary,"Sanctuary spread over 320 sq km with rich flora and fauna including leopards and numerous bird species, a haven for wildlife enthusiasts.","wildlife,sanctuary,birdwatching,nature,trekking",50.0,4.0,"Wildlife lovers, birders",2,15.0,4.2,410,Early morning,Outdoor,True,True,True,Housing.com,https://images.unsplash.com/photo-1534567153574-2b12153a87f0?w=800&q=80
MMR-015,Mahuli Fort,Shahapur,Thane,Maharashtra,Mumbai,19.43,73.34,Heritage,Fort & Trekking,"Highest fort in Thane district set amid the Mahuli mountain range, a challenging and rewarding trek for adventure seekers.","fort,trekking,adventure,hidden gem",0.0,6.0,Serious trekkers,3,15.0,4.5,780,Early morning,Outdoor,False,True,True,Testingtscl Blog,https://images.unsplash.com/photo-1599661046289-e31897846e41?w=800&q=80
MMR-016,Korum Mall Food & Shopping,Thane,Thane,Maharashtra,Mumbai,19.199,72.973,Local Experience,Shopping & Food,"One of the largest malls in Maharashtra with multi-cuisine food courts, popular for a casual local family outing.","shopping,food,family,indoor",0.0,3.0,"Families, shoppers",1,10.0,4.2,15200,Evening,Indoor,False,True,False,Testingtscl Blog,https://images.unsplash.com/photo-1504674900247-0877df9cc836?w=800&q=80
MMR-017,Naupada Street Food Walk,Thane,Thane,Maharashtra,Mumbai,19.195,72.97,Food,Street Food,"Bustling local market area known for misal pav, vada pav and Maharashtrian snacks, a genuine slice of Thane's everyday food culture.","food,local,street food,culture",300.0,2.0,"Foodies, local experience seekers",1,8.0,4.3,410,Evening,Outdoor,False,True,True,Local Food Guide,https://images.unsplash.com/photo-1589301760014-d929f3979dbc?w=800&q=80
MMR-018,Jai Vilas Palace,Thane,Thane,Maharashtra,Mumbai,19.19,72.96,Heritage,Historic Bungalow,"Heritage bungalow-style landmark reflecting old Thane's colonial-era architecture, a quieter heritage stop off the usual tourist trail.","heritage,architecture,hidden gem,history",0.0,0.5,Heritage lovers,1,10.0,3.9,180,Morning,Outdoor,False,True,True,Testingtscl Blog,https://images.unsplash.com/photo-1587474260584-136574528ed5?w=800&q=80
MMR-019,Parsik Hill Viewpoint,Kalwa,Thane,Maharashtra,Mumbai,19.18,73.01,Nature,Viewpoint,"Small hillock near Kalwa offering panoramic views over Thane creek and the city skyline, favoured by joggers and photographers.","viewpoint,photography,hills,hidden gem",0.0,1.5,"Photographers, joggers",1,10.0,4.0,260,Sunrise/Sunset,Outdoor,False,True,True,Local Knowledge,https://images.unsplash.com/photo-1551632811-561732d1e306?w=800&q=80
MMR-020,Kalwa Creek Mangrove Walk,Kalwa,Thane,Maharashtra,Mumbai,19.185,73.0,Nature,Mangroves,"Quiet mangrove-fringed stretch of Thane creek near Kalwa, good for a low-key birdwatching and photography walk away from crowds.","mangroves,birdwatching,photography,hidden gem",0.0,1.5,"Birders, photographers",1,8.0,3.9,140,Morning,Outdoor,False,True,True,Local Knowledge,https://images.unsplash.com/photo-1506744038136-46273834b3fb?w=800&q=80
MMR-021,Retibunder Mangrove Point,Thane,Thane,Maharashtra,Mumbai,19.2,73.01,Nature,Mangroves,Lesser-known mangrove patch along Thane creek offering calm views and occasional wading bird sightings.,"mangroves,birdwatching,hidden gem,nature",0.0,1.0,Nature lovers,1,8.0,3.8,90,Morning,Outdoor,False,True,True,Local Knowledge,https://images.unsplash.com/photo-1506744038136-46273834b3fb?w=800&q=80
MMR-022,Wagle Estate Food Street,Thane,Thane,Maharashtra,Mumbai,19.19,72.96,Food,Local Food,Industrial-area neighbourhood known among locals for budget-friendly Maharashtrian and Gujarati thalis and evening snack stalls.,"food,local,street food",250.0,1.5,"Foodies, locals",1,6.0,4.1,320,Evening,Outdoor,False,True,True,Local Food Guide,https://images.unsplash.com/photo-1504674900247-0877df9cc836?w=800&q=80
MMR-023,Bhayander Beach,Mira-Bhayandar,Thane,Maharashtra,Mumbai,19.3,72.85,Beach,Coastal,"Quiet golden-sand beach on the western edge of Bhayandar, popular for sunset walks and casual seafood shacks.","beach,coastal,sunset,family",0.0,2.0,"Families, couples",1,10.0,3.8,1200,Evening,Outdoor,False,True,False,Magicpin Blog,https://images.unsplash.com/photo-1507525428034-b723cf961d3e?w=800&q=80
MMR-024,Uttan Beach,Uttan,Thane,Maharashtra,Mumbai,19.2833,72.7833,Beach,Coastal,Palm-fringed coastal village beach near Mira-Bhayandar known for its calm shoreline and fresh seafood eateries.,"beach,coastal,seafood,local",0.0,2.5,"Families, food lovers",1,10.0,4.0,980,Evening,Outdoor,False,True,True,Magicpin Blog,https://images.unsplash.com/photo-1507525428034-b723cf961d3e?w=800&q=80
MMR-025,Chowk Beach Uttan,Uttan,Thane,Maharashtra,Mumbai,19.29,72.78,Beach,Coastal,Small fishing-village beach near Uttan with a laid-back local vibe and views of the Arabian Sea.,"beach,coastal,local,hidden gem",0.0,2.0,"Couples, photographers",1,8.0,3.9,410,Evening,Outdoor,False,True,True,Local Knowledge,https://images.unsplash.com/photo-1507525428034-b723cf961d3e?w=800&q=80
MMR-026,Silver Beach Uttan,Uttan,Thane,Maharashtra,Mumbai,19.295,72.785,Beach,Coastal,Secluded stretch of sand near Uttan popular with locals for evening picnics away from crowded Mumbai beaches.,"beach,coastal,hidden gem,picnic",0.0,2.0,"Families, picnickers",1,10.0,3.9,360,Evening,Outdoor,False,True,True,Local Knowledge,https://images.unsplash.com/photo-1507525428034-b723cf961d3e?w=800&q=80
MMR-027,Dongri Fort Uttan,Uttan,Thane,Maharashtra,Mumbai,19.305,72.79,Heritage,Fort,"Small coastal fort ruin near Uttan overlooking the sea, an offbeat heritage stop combined with a beach visit.","fort,heritage,hidden gem,coastal",0.0,1.0,"History buffs, explorers",1,8.0,3.7,150,Morning,Outdoor,False,True,True,Local Heritage Records,https://images.unsplash.com/photo-1599661046289-e31897846e41?w=800&q=80
MMR-028,Ram Mandir Bhayandar,Mira-Bhayandar,Thane,Maharashtra,Mumbai,19.3019,72.8517,Temple,Heritage Temple,Well-known neighbourhood temple in Bhayandar and a centre of local festivals and daily worship.,"temple,religious,local,culture",0.0,0.5,"Devotees, locals",1,15.0,4.1,720,Morning,Mixed,False,True,False,Local Knowledge,https://images.unsplash.com/photo-1609766857041-ed402ea8069a?w=800&q=80
MMR-029,ISKCON Mira Road,Mira Road,Thane,Maharashtra,Mumbai,19.2813,72.8697,Temple,Spiritual,"Serene Krishna temple complex offering aarti ceremonies, cultural programmes and a peaceful spiritual break.","temple,spiritual,culture,family",0.0,1.0,"Devotees, families",1,20.0,4.4,2100,Evening,Mixed,False,True,False,Local Knowledge,https://images.unsplash.com/photo-1609766857041-ed402ea8069a?w=800&q=80
MMR-030,Vasai Fort (Bassein Fort),Vasai,Palghar,Maharashtra,Mumbai,19.34,72.81,Heritage,Fort,"Sprawling Portuguese-era sea fort with 4.5 km of stone walls, ruined churches and bastions, once headquarters of the Portuguese in northern India.","fort,heritage,history,photography",25.0,3.0,"History buffs, photographers, families",1,25.0,4.4,9800,Morning,Outdoor,False,True,False,Palghar.gov.in,https://images.unsplash.com/photo-1599661046289-e31897846e41?w=800&q=80
MMR-031,Vasai Creek,Vasai,Palghar,Maharashtra,Mumbai,19.36,72.83,Nature,Creek,"Scenic inlet of the Arabian Sea connected to the mainland by railway bridges, offering picturesque views of surrounding wetlands.","creek,nature,photography,scenic",0.0,1.5,"Photographers, nature lovers",1,10.0,3.9,410,Evening,Outdoor,False,True,True,Housing.com,https://images.unsplash.com/photo-1506744038136-46273834b3fb?w=800&q=80
MMR-032,Arnala Beach,Virar,Palghar,Maharashtra,Mumbai,19.42,72.77,Beach,Coastal,"Coastal fishing village beach with casuarina groves, resorts and boat rides to the nearby island fort.","beach,coastal,family,local",0.0,3.0,"Families, beach lovers",1,15.0,4.0,3400,Morning,Outdoor,False,True,False,Palghar.gov.in,https://images.unsplash.com/photo-1507525428034-b723cf961d3e?w=800&q=80
MMR-033,Arnala Fort,Virar,Palghar,Maharashtra,Mumbai,19.423,72.765,Heritage,Island Fort,"Island fort surrounded by sea water yet housing freshwater wells, reachable by a short boat ride from Arnala jetty.","fort,heritage,boat ride,hidden gem",50.0,2.5,"History buffs, adventure seekers",2,15.0,4.1,1500,Morning,Outdoor,True,True,True,Palghar.gov.in,https://images.unsplash.com/photo-1599661046289-e31897846e41?w=800&q=80
MMR-034,Suruchi Beach Vasai,Vasai,Palghar,Maharashtra,Mumbai,19.345,72.8,Beach,Coastal,"Clean, environment-friendly beach in Vasai Nagar, a quieter alternative to more crowded Mumbai beaches.","beach,coastal,clean,hidden gem",0.0,2.0,"Families, couples",1,10.0,4.0,620,Evening,Outdoor,False,True,True,Palghar.gov.in,https://images.unsplash.com/photo-1507525428034-b723cf961d3e?w=800&q=80
MMR-035,Jivdani Temple Virar,Virar,Palghar,Maharashtra,Mumbai,19.455,72.81,Temple,Hilltop Temple,"Revered temple of Goddess Jivdani atop a hill reached via roughly 1375 steps, especially crowded during Navratri.","temple,trekking,religious,hilltop",0.0,3.0,"Devotees, trekkers",1,20.0,4.5,11200,Morning,Outdoor,False,True,False,Wikipedia,https://images.unsplash.com/photo-1609766857041-ed402ea8069a?w=800&q=80
MMR-036,Nirmal Tirtha Vasai,Vasai,Palghar,Maharashtra,Mumbai,19.37,72.82,Heritage,Spiritual Site,"Hillock spiritual site with a mausoleum and temple of Adyashankaracharya Vidyaranya Swami, offering a 360-degree view of the region.","heritage,spiritual,viewpoint,hidden gem",0.0,1.5,"Pilgrims, heritage lovers",1,10.0,4.0,290,Morning,Outdoor,False,True,True,The Goan,https://images.unsplash.com/photo-1587474260584-136574528ed5?w=800&q=80
MMR-037,Hira Dongari Dutta Temple,Giriz,Palghar,Maharashtra,Mumbai,19.39,72.83,Temple,Hilltop Temple,Charming hillock temple near Giriz village offering a vantage point over the entire Vasai region.,"temple,viewpoint,hidden gem,religious",0.0,1.5,"Devotees, photographers",1,10.0,3.9,180,Morning,Outdoor,False,True,True,The Goan,https://images.unsplash.com/photo-1609766857041-ed402ea8069a?w=800&q=80
MMR-038,Nalasopara Buddha Stupa,Nalasopara,Palghar,Maharashtra,Mumbai,19.4167,72.8,Heritage,Buddhist Site,"Ancient Buddhist stupa site marking historic Sopara, once a major port town mentioned in Emperor Ashoka's edicts.","heritage,buddhist,history,archaeology",0.0,1.0,"History buffs, heritage lovers",1,15.0,3.8,340,Morning,Outdoor,False,True,True,The Goan,https://images.unsplash.com/photo-1587474260584-136574528ed5?w=800&q=80
MMR-039,Yazoo Park Vasai,Vasai,Palghar,Maharashtra,Mumbai,19.38,72.83,Family,Water Park,"Family-friendly theme and water park near Vasai with rides, slides and pools for a full day out.","family,waterpark,fun,rides",700.0,5.0,"Families, kids",2,40.0,3.9,2600,Afternoon,Outdoor,True,False,False,Hotels.com,https://images.unsplash.com/photo-1507525428034-b723cf961d3e?w=800&q=80
MMR-040,Rangaon Beach Vasai,Vasai,Palghar,Maharashtra,Mumbai,19.35,72.79,Beach,Coastal,"Peaceful, less-crowded beach stretch near Vasai popular with locals for evening walks.","beach,coastal,hidden gem,local",0.0,2.0,"Couples, locals",1,10.0,3.8,210,Evening,Outdoor,False,True,True,Local Knowledge,https://images.unsplash.com/photo-1507525428034-b723cf961d3e?w=800&q=80
MMR-041,Kelva Beach,Palghar,Palghar,Maharashtra,Mumbai,19.5667,72.7333,Beach,Coastal,"Pristine 8-km stretch of coastline shaded by casuarina trees, a favourite weekend getaway from Mumbai and Vasai-Virar.","beach,coastal,family,scenic",0.0,3.0,"Families, weekend travellers",1,20.0,4.2,4600,Morning,Outdoor,False,True,False,Palghar.gov.in,https://images.unsplash.com/photo-1507525428034-b723cf961d3e?w=800&q=80
MMR-042,Kelva Fort,Palghar,Palghar,Maharashtra,Mumbai,19.57,72.73,Heritage,Fort,"16th-century Portuguese-built fort at the southern end of Kelva beach, a quiet historical counterpart to the popular beach.","fort,heritage,history,hidden gem",0.0,1.0,History buffs,1,10.0,3.9,320,Morning,Outdoor,False,True,True,Palghar.gov.in,https://images.unsplash.com/photo-1599661046289-e31897846e41?w=800&q=80
MMR-043,Shirgaon Beach and Fort,Palghar,Palghar,Maharashtra,Mumbai,19.6167,72.7333,Heritage,Coastal Fort,"Beachside Maratha-era fort near Shirgaon, combining a quiet coastal walk with a historic ruin visit.","fort,beach,heritage,hidden gem",0.0,1.5,"History buffs, beach lovers",1,10.0,3.8,270,Morning,Outdoor,False,True,True,Palghar.gov.in,https://images.unsplash.com/photo-1599661046289-e31897846e41?w=800&q=80
MMR-044,Satpati Beach,Palghar,Palghar,Maharashtra,Mumbai,19.65,72.75,Beach,Fishing Village,"One of Maharashtra's largest beaches and a hub of the local fishing industry, lined with palm trees and known for its tranquility.","beach,coastal,fishing,local",0.0,3.0,"Culture seekers, photographers",1,15.0,4.1,1800,Evening,Outdoor,False,True,False,Local Blog,https://images.unsplash.com/photo-1507525428034-b723cf961d3e?w=800&q=80
MMR-045,Tungareshwar Wildlife Sanctuary,Vasai,Palghar,Maharashtra,Mumbai,19.3833,72.9,Wildlife,Wildlife Sanctuary,"Forested sanctuary bordering Vasai with hiking trails, waterfalls and a temple, rich in birdlife and biodiversity.","wildlife,trekking,waterfalls,nature",50.0,4.0,"Trekkers, nature lovers",2,15.0,4.2,980,Monsoon mornings,Outdoor,True,True,True,Local Knowledge,https://images.unsplash.com/photo-1534567153574-2b12153a87f0?w=800&q=80
MMR-046,Chinchoti Waterfall,Vasai,Palghar,Maharashtra,Mumbai,19.3833,72.8833,Nature,Waterfall,"Popular monsoon waterfall inside Tungareshwar forest reached via a short trek, a favourite trekking and photography spot.","waterfall,trekking,monsoon,photography",30.0,3.0,"Trekkers, photographers",2,15.0,4.0,1300,Monsoon,Outdoor,False,True,False,Local Knowledge,https://images.unsplash.com/photo-1432405972618-c60b0225b8f9?w=800&q=80
MMR-047,Kamandurg Fort,Vasai,Palghar,Maharashtra,Mumbai,19.39,72.86,Heritage,Hill Fort,Lesser-known hill fort near Vasai offering a moderate trek and views over the Tungareshwar forest range.,"fort,trekking,hidden gem,adventure",0.0,4.0,"Trekkers, adventure seekers",3,15.0,4.0,240,Early morning,Outdoor,False,True,True,Local Knowledge,https://images.unsplash.com/photo-1599661046289-e31897846e41?w=800&q=80
MMR-048,Naigaon Beach,Naigaon,Palghar,Maharashtra,Mumbai,19.35,72.8,Beach,Coastal,"Quiet neighbourhood beach near Naigaon railway station, popular with local families for evening outings.","beach,coastal,local,family",0.0,1.5,"Families, locals",1,10.0,3.7,180,Evening,Outdoor,False,True,True,Local Knowledge,https://images.unsplash.com/photo-1507525428034-b723cf961d3e?w=800&q=80
MMR-049,Bassein Road Portuguese Church Ruins,Vasai,Palghar,Maharashtra,Mumbai,19.345,72.815,Heritage,Church Ruins,"Scattered ruins of Portuguese-era churches around old Vasai, evocative reminders of the region's colonial history.","heritage,church,ruins,photography",0.0,1.0,"Heritage lovers, photographers",1,10.0,3.8,150,Morning,Outdoor,False,True,True,The Goan,https://images.unsplash.com/photo-1587474260584-136574528ed5?w=800&q=80
MMR-050,Manikpur Mangrove Creek,Virar,Palghar,Maharashtra,Mumbai,19.44,72.81,Nature,Mangroves,"Offbeat mangrove creek stretch near Virar, good for a quiet birdwatching and photography outing.","mangroves,birdwatching,hidden gem,photography",0.0,1.5,"Birders, photographers",1,8.0,3.7,90,Morning,Outdoor,False,True,True,Local Knowledge,https://images.unsplash.com/photo-1506744038136-46273834b3fb?w=800&q=80
MMR-051,Papdi Chowpatty,Vasai,Palghar,Maharashtra,Mumbai,19.36,72.81,Beach,Coastal,Local chowpatty-style beach hangout near Papdi with street-food stalls in the evenings.,"beach,food,local,evening",0.0,1.5,"Locals, families",1,10.0,3.7,220,Evening,Outdoor,False,True,True,Local Knowledge,https://images.unsplash.com/photo-1507525428034-b723cf961d3e?w=800&q=80
MMR-052,Bolinj Beach,Vasai,Palghar,Maharashtra,Mumbai,19.39,72.79,Beach,Coastal,"Small, relatively undiscovered beach near Bolinj village, offering an unspoiled coastal experience.","beach,coastal,hidden gem",0.0,2.0,"Couples, photographers",1,8.0,3.8,160,Evening,Outdoor,False,True,True,Local Knowledge,https://images.unsplash.com/photo-1507525428034-b723cf961d3e?w=800&q=80
MMR-053,Rajodi Beach,Virar,Palghar,Maharashtra,Mumbai,19.46,72.78,Beach,Coastal,"Secluded beach near Virar with dramatic tides, favoured by a small circle of local photographers and campers.","beach,coastal,hidden gem,photography",0.0,2.5,"Photographers, adventure seekers",1,10.0,3.9,140,Evening,Outdoor,False,True,True,Local Knowledge,https://images.unsplash.com/photo-1507525428034-b723cf961d3e?w=800&q=80
MMR-054,Dativare Beach,Palghar,Palghar,Maharashtra,Mumbai,19.49,72.75,Beach,Coastal,"Remote fishing-hamlet beach on the Vasai-Palghar coastline, largely undiscovered by mainstream tourists.","beach,coastal,hidden gem,fishing village",0.0,2.0,"Explorers, photographers",1,8.0,3.7,80,Evening,Outdoor,False,True,True,Local Knowledge,https://images.unsplash.com/photo-1507525428034-b723cf961d3e?w=800&q=80
MMR-055,Vajreshwari Temple and Hot Springs,Bhiwandi,Thane,Maharashtra,Mumbai,19.3667,73.0333,Temple,Hot Springs & Temple,"Ancient temple and sulphur hot-water springs believed blessed by Lord Rama, a popular pilgrimage and wellness stop.","temple,hot springs,religious,wellness",0.0,2.0,"Pilgrims, wellness seekers",1,20.0,4.2,2600,Morning,Mixed,False,True,False,Local Blog,https://images.unsplash.com/photo-1609766857041-ed402ea8069a?w=800&q=80
MMR-056,Ganeshpuri Temple and Hot Springs,Bhiwandi,Thane,Maharashtra,Mumbai,19.3833,73.0167,Temple,Hot Springs & Temple,Spiritual town near Vajreshwari known for its ashrams and natural hot-water springs frequented for their healing properties.,"temple,hot springs,spiritual,wellness",0.0,2.0,"Pilgrims, wellness seekers",1,20.0,4.2,1900,Morning,Mixed,False,True,False,Local Knowledge,https://images.unsplash.com/photo-1609766857041-ed402ea8069a?w=800&q=80
MMR-057,Akloli Hot Water Springs,Bhiwandi,Thane,Maharashtra,Mumbai,19.39,73.01,Nature,Hot Springs,"Cluster of natural sulphur hot-water springs near Ganeshpuri, a local favourite for a relaxing soak.","hot springs,wellness,local,nature",50.0,1.5,"Wellness seekers, locals",1,15.0,4.0,850,Morning,Outdoor,False,True,True,Local Knowledge,https://images.unsplash.com/photo-1506744038136-46273834b3fb?w=800&q=80
MMR-058,Kalher Ram Mandir,Bhiwandi,Thane,Maharashtra,Mumbai,19.2833,73.05,Temple,Heritage Temple,"Historic Ram temple in Kalher village near Bhiwandi, a quiet local pilgrimage site off the usual tourist circuit.","temple,heritage,religious,hidden gem",0.0,1.0,"Devotees, heritage lovers",1,15.0,4.0,410,Morning,Mixed,False,True,True,Local Knowledge,https://images.unsplash.com/photo-1609766857041-ed402ea8069a?w=800&q=80
MMR-059,Anjurphata Balaji Temple,Bhiwandi,Thane,Maharashtra,Mumbai,19.29,73.06,Temple,Heritage Temple,"Balaji temple along the Mumbai-Nashik highway near Bhiwandi, popular with commuting devotees for a quick darshan.","temple,religious,local",0.0,0.5,Devotees,1,20.0,4.1,720,Morning,Mixed,False,True,False,Local Knowledge,https://images.unsplash.com/photo-1609766857041-ed402ea8069a?w=800&q=80
MMR-060,Durgadi Fort,Kalyan,Thane,Maharashtra,Mumbai,19.245,73.155,Heritage,Fort,"17th-century fort linked to Kalyan's old trade and defence routes, notable for the Durgadi Temple inside its premises.","fort,heritage,history,temple",0.0,1.5,"History buffs, families",1,20.0,4.2,3800,Morning,Outdoor,False,True,False,SOTC Blog,https://images.unsplash.com/photo-1599661046289-e31897846e41?w=800&q=80
MMR-061,Kala Talao Lake,Kalyan,Thane,Maharashtra,Mumbai,19.24,73.13,Nature,Lake,"Popular Kalyan lake known for its evening musical fountain and light display, a favourite local gathering spot.","lake,evening,culture,local",0.0,1.5,"Families, locals",1,15.0,4.1,2900,Evening,Outdoor,False,True,False,Hotelscombined,https://images.unsplash.com/photo-1506744038136-46273834b3fb?w=800&q=80
MMR-062,Malanggad Fort (Haji Malang),Kalyan,Thane,Maharashtra,Mumbai,19.15,73.198,Heritage,Fort & Pilgrimage,"Spiritual and trekking landmark near Kalyan combining a challenging climb with a revered dargah, popular with devotees and trekkers alike.","fort,trekking,pilgrimage,adventure",0.0,5.0,"Trekkers, pilgrims",2,20.0,4.2,5600,Early morning,Outdoor,False,True,False,SOTC Blog,https://images.unsplash.com/photo-1599661046289-e31897846e41?w=800&q=80
MMR-063,Birla Mandir Shahad,Shahad,Thane,Maharashtra,Mumbai,19.26,73.16,Temple,Heritage Temple,"Peaceful stone-architecture temple dedicated to Lord Vithoba and Goddess Rukmini, suitable for a calm family visit.","temple,architecture,religious,family",0.0,1.0,"Devotees, families",1,20.0,4.3,1100,Morning,Mixed,False,True,False,SOTC Blog,https://images.unsplash.com/photo-1609766857041-ed402ea8069a?w=800&q=80
MMR-064,Ganesh Ghat Kalyan,Kalyan,Thane,Maharashtra,Mumbai,19.247,73.156,Nature,Riverside,"Simple riverside ghat near Durgadi offering an authentic local view of the city, best visited at sunset.","riverside,local,sunset,hidden gem",0.0,1.0,"Locals, photographers",1,10.0,3.8,290,Evening,Outdoor,False,True,True,SOTC Blog,https://images.unsplash.com/photo-1506744038136-46273834b3fb?w=800&q=80
MMR-065,Titwala Ganesh Mandir,Titwala,Thane,Maharashtra,Mumbai,19.335,73.2,Temple,Pilgrimage Temple,"Widely revered Mahaganapati temple believed to grant wishes for marriage, drawing devotees from across the region.","temple,pilgrimage,religious,culture",0.0,1.5,"Devotees, families",1,25.0,4.4,6200,Morning,Mixed,False,True,False,Expedia,https://images.unsplash.com/photo-1609766857041-ed402ea8069a?w=800&q=80
MMR-066,Kalyan Fort,Kalyan,Thane,Maharashtra,Mumbai,19.245,73.135,Heritage,Fort Ruins,Old fort ruins in central Kalyan reflecting the town's strategic importance through Gujarat Sultanate and Maratha rule.,"fort,heritage,history,hidden gem",0.0,1.0,History buffs,1,15.0,3.9,410,Morning,Outdoor,False,True,True,Local Heritage Blog,https://images.unsplash.com/photo-1599661046289-e31897846e41?w=800&q=80
MMR-067,Dombivli Sridhar Talao,Dombivli,Thane,Maharashtra,Mumbai,19.217,73.093,Nature,Lake,Neighbourhood lake in Dombivli offering a peaceful walking track and evening gathering spot for residents.,"lake,local,walking,evening",0.0,1.0,"Locals, families",1,10.0,4.0,980,Evening,Outdoor,False,True,False,Local Heritage Blog,https://images.unsplash.com/photo-1506744038136-46273834b3fb?w=800&q=80
MMR-068,Manda Fort Trek,Kalyan,Thane,Maharashtra,Mumbai,19.19,73.17,Heritage,Hill Fort,Lesser-visited hill fort near Kalyan offering a moderate trek and quiet ruins away from crowded trekking spots.,"fort,trekking,hidden gem,adventure",0.0,4.0,Trekkers,2,15.0,3.9,180,Early morning,Outdoor,False,True,True,Local Knowledge,https://images.unsplash.com/photo-1599661046289-e31897846e41?w=800&q=80
MMR-069,Metro Junction Mall,Kalyan,Thane,Maharashtra,Mumbai,19.235,73.13,Local Experience,Shopping & Food,"Convenient shopping and dining stop in Kalyan, good for pairing with a Kala Talao or Durgadi Fort visit.","shopping,food,family,indoor",0.0,3.0,"Families, shoppers",1,10.0,4.1,4200,Evening,Indoor,False,True,False,SOTC Blog,https://images.unsplash.com/photo-1504674900247-0877df9cc836?w=800&q=80
MMR-070,Vishnu Baug Eco Park,Dombivli,Thane,Maharashtra,Mumbai,19.215,73.085,Family,Eco Park,"Family-friendly eco-tourism theme park in Dombivli with gardens, small rides and nature-based activities.","family,eco park,nature,kids",100.0,3.0,"Families, kids",2,30.0,3.9,1300,Morning,Outdoor,False,False,False,Motoshare Blog,https://images.unsplash.com/photo-1507525428034-b723cf961d3e?w=800&q=80
MMR-071,Ambernath Ancient Shiva Temple,Ambernath,Thane,Maharashtra,Mumbai,19.1867,73.19,Temple,Heritage Temple,"11th-century Ambreshwar Shiva temple with intricate stone carvings, one of the finest surviving examples of ancient temple architecture in the region.","temple,heritage,architecture,religious",0.0,1.0,"Heritage lovers, devotees",1,20.0,4.5,4100,Morning,Mixed,False,True,False,Testingtscl Blog,https://images.unsplash.com/photo-1609766857041-ed402ea8069a?w=800&q=80
MMR-072,Barvi Dam,Badlapur,Thane,Maharashtra,Mumbai,19.14,73.25,Nature,Dam & Reservoir,"Large reservoir near Badlapur surrounded by hills, popular for picnics, birdwatching and scenic drives.","dam,nature,picnic,scenic",0.0,2.5,"Families, picnickers",1,15.0,4.0,890,Morning,Outdoor,False,True,True,Wikivoyage,https://images.unsplash.com/photo-1506744038136-46273834b3fb?w=800&q=80
MMR-073,Kondeshwar Temple and Waterfall,Badlapur,Thane,Maharashtra,Mumbai,19.15,73.27,Nature,Waterfall & Temple,"Ancient Shiva temple set beside a scenic monsoon waterfall and pond deep in forest, best visited with a guide during monsoon.","waterfall,temple,trekking,monsoon",0.0,3.0,"Trekkers, devotees",2,15.0,4.1,1400,Monsoon,Outdoor,False,True,False,Sygic Travel Guide,https://images.unsplash.com/photo-1432405972618-c60b0225b8f9?w=800&q=80
MMR-074,Gajanan Maharaj Temple Kanhor,Badlapur,Thane,Maharashtra,Mumbai,19.155,73.25,Temple,Hillock Temple,Serene Sant Gajanan Maharaj temple on a small hillock outside Badlapur village surrounded by fields and greenery.,"temple,nature,religious,hidden gem",0.0,1.0,"Devotees, nature lovers",1,15.0,4.0,320,Morning,Mixed,False,True,True,Sygic Travel Guide,https://images.unsplash.com/photo-1609766857041-ed402ea8069a?w=800&q=80
MMR-075,Moolgaon Khandoba Temple,Badlapur,Thane,Maharashtra,Mumbai,19.16,73.24,Temple,Heritage Temple,"Temple of Lord Khandoba offering panoramic views of Badlapur, Kulgaon and Vangani, best visited September to November.","temple,viewpoint,religious,hidden gem",0.0,1.5,"Devotees, photographers",1,10.0,3.9,210,Morning,Mixed,False,True,True,Sygic Travel Guide,https://images.unsplash.com/photo-1609766857041-ed402ea8069a?w=800&q=80
MMR-076,Bhoj Dam,Badlapur,Thane,Maharashtra,Mumbai,19.145,73.26,Nature,Dam & Resort,Scenic dam near Kondeshwar Road offering a resort-style picnic experience with camping and rain-dance facilities.,"dam,picnic,nature,family",300.0,3.0,"Families, groups",4,30.0,3.8,560,Monsoon,Outdoor,True,False,True,Sygic Travel Guide,https://images.unsplash.com/photo-1506744038136-46273834b3fb?w=800&q=80
MMR-077,Ulhas River Ghats Badlapur,Badlapur,Thane,Maharashtra,Mumbai,19.1667,73.2333,Nature,Riverside,"Popular riverside spots along the Ulhas River in Badlapur where locals swim, picnic and relax on weekends.","river,swimming,local,picnic",0.0,2.0,"Families, locals",1,15.0,3.8,640,Weekend,Outdoor,False,True,False,Wikivoyage,https://images.unsplash.com/photo-1506744038136-46273834b3fb?w=800&q=80
MMR-078,Gorakhgad Fort Trek,Murbad,Thane,Maharashtra,Mumbai,19.4667,73.3833,Heritage,Fort & Trekking,"Iconic twin-peaked hill fort near Murbad, a favourite weekend trekking destination for Mumbai and Thane-based hikers.","trekking,fort,adventure,hidden gem",0.0,6.0,Serious trekkers,4,20.0,4.5,2100,Early morning,Outdoor,False,True,False,Local Trekking Community,https://images.unsplash.com/photo-1599661046289-e31897846e41?w=800&q=80
MMR-079,Bhatsa River Valley Viewpoint,Shahapur,Thane,Maharashtra,Mumbai,19.5,73.35,Nature,Viewpoint,"Sweeping valley viewpoint overlooking the Bhatsa river and dam, especially dramatic during the monsoon mist.","viewpoint,scenic,monsoon,photography",0.0,2.0,"Photographers, road-trippers",1,15.0,4.2,780,Monsoon,Outdoor,False,True,True,Local Knowledge,https://images.unsplash.com/photo-1506744038136-46273834b3fb?w=800&q=80
MMR-080,Khardi Waterfalls,Shahapur,Thane,Maharashtra,Mumbai,19.5667,73.4167,Nature,Waterfall,"Roadside monsoon waterfalls along the Mumbai-Nashik highway near Khardi, a quick and scenic monsoon stop.","waterfall,monsoon,scenic,roadtrip",0.0,1.5,"Road-trippers, photographers",1,15.0,4.0,940,Monsoon,Outdoor,False,True,False,Local Knowledge,https://images.unsplash.com/photo-1432405972618-c60b0225b8f9?w=800&q=80
MMR-081,Tandulwadi Fort,Wada,Palghar,Maharashtra,Mumbai,19.5833,73.1167,Heritage,Hill Fort,Remote hill fort near Wada offering a moderate trek and sweeping views over the surrounding Palghar countryside.,"fort,trekking,hidden gem,adventure",0.0,4.0,Trekkers,3,15.0,4.0,190,Early morning,Outdoor,False,True,True,Local Trekking Community,https://images.unsplash.com/photo-1599661046289-e31897846e41?w=800&q=80
MMR-082,Barvi Backwaters Bird Watching,Badlapur,Thane,Maharashtra,Mumbai,19.15,73.26,Wildlife,Bird Watching,"Backwater stretch of Barvi Dam attracting resident and migratory waterbirds, a peaceful spot for early-morning birding.","birdwatching,wildlife,nature,photography",0.0,2.0,"Birders, photographers",1,10.0,4.0,260,Early morning,Outdoor,False,True,True,Local Knowledge,https://images.unsplash.com/photo-1534567153574-2b12153a87f0?w=800&q=80
MMR-083,Vihigaon Waterfall,Shahapur,Thane,Maharashtra,Mumbai,19.65,73.47,Nature,Waterfall,"Well-known monsoon waterfall near the Thane-Nashik border, popular for rappelling and trekking activities.","waterfall,trekking,adventure,monsoon",200.0,3.0,"Adventure seekers, trekkers",4,20.0,4.2,1600,Monsoon,Outdoor,True,True,False,Local Trekking Community,https://images.unsplash.com/photo-1432405972618-c60b0225b8f9?w=800&q=80
MMR-084,Aine Waterfall,Shahapur,Thane,Maharashtra,Mumbai,19.55,73.38,Nature,Waterfall,"Quiet forest waterfall near Shahapur, less commercial than nearby Vihigaon, favoured by small trekking groups.","waterfall,trekking,hidden gem,monsoon",0.0,3.0,"Trekkers, nature lovers",2,15.0,4.0,220,Monsoon,Outdoor,False,True,True,Local Knowledge,https://images.unsplash.com/photo-1432405972618-c60b0225b8f9?w=800&q=80
MMR-085,Sindhi Camp Market,Ulhasnagar,Thane,Maharashtra,Mumbai,19.2215,73.1645,Local Experience,Market & Food,"Vibrant market area reflecting Ulhasnagar's Sindhi heritage, famous for bargain shopping and Sindhi street food.","market,food,culture,shopping",0.0,2.5,"Foodies, shoppers, culture seekers",1,10.0,4.1,3200,Afternoon,Outdoor,False,True,False,Local Knowledge,https://images.unsplash.com/photo-1533900298318-6b8da08a523e?w=800&q=80
MMR-086,Central Park Ulhasnagar,Ulhasnagar,Thane,Maharashtra,Mumbai,19.21,73.15,Nature,City Park,"Green public park in the heart of Ulhasnagar, popular for morning walks and family evenings.","park,family,walking,local",0.0,1.0,"Families, locals",1,15.0,3.9,1100,Evening,Outdoor,False,True,False,Local Knowledge,https://images.unsplash.com/photo-1506744038136-46273834b3fb?w=800&q=80
MMR-087,Nehru Chowk Heritage Area,Ulhasnagar,Thane,Maharashtra,Mumbai,19.218,73.16,Heritage,Local Heritage Area,"Historic commercial hub of Ulhasnagar tracing back to the post-Partition Sindhi settlement, offering a genuine slice of local culture.","heritage,culture,local,history",0.0,1.5,"Culture seekers, photographers",1,10.0,3.8,480,Afternoon,Outdoor,False,True,True,Local Knowledge,https://images.unsplash.com/photo-1587474260584-136574528ed5?w=800&q=80
MMR-088,Manpada Hillock,Thane,Thane,Maharashtra,Mumbai,19.2,72.96,Nature,Viewpoint,Small neighbourhood hillock in Thane offering a quick morning walk and a modest view over the growing skyline.,"hills,walking,hidden gem,local",0.0,1.0,"Locals, joggers",1,10.0,3.7,140,Morning,Outdoor,False,True,True,Local Knowledge,https://images.unsplash.com/photo-1551632811-561732d1e306?w=800&q=80
MMR-089,Sanskruti Kala Mahotsav Ghat,Thane,Thane,Maharashtra,Mumbai,19.2245,72.9631,Culture,Cultural Festival Venue,"Lakeside venue at Upvan Lake that hosts Thane's annual Sanskruti Arts Festival featuring dance, music and craft stalls.","culture,festival,art,local",0.0,3.0,"Culture seekers, families",1,50.0,4.2,1900,Festival season,Outdoor,True,True,False,Piramal Realty Blog,https://images.unsplash.com/photo-1452860606245-08befc0ff44b?w=800&q=80
MMR-090,Kanheri Lake Picnic Spot,Bhiwandi,Thane,Maharashtra,Mumbai,19.32,73.04,Nature,Lake,"Small rural lake near Bhiwandi popular for boating, fishing and family picnics away from the crowded city lakes.","lake,picnic,boating,family",50.0,2.0,"Families, picnickers",2,20.0,3.9,610,Morning,Outdoor,False,True,True,Magicpin Blog,https://images.unsplash.com/photo-1506744038136-46273834b3fb?w=800&q=80
MMR-091,Kanakeshwar Forest Bird Trail,Bhiwandi,Thane,Maharashtra,Mumbai,19.33,73.045,Wildlife,Bird Watching,"Protected forest patch near Bhiwandi supporting varied flora and fauna, favoured by local birding groups.","birdwatching,wildlife,forest,nature",0.0,2.5,"Birders, nature lovers",1,10.0,3.9,190,Early morning,Outdoor,False,True,True,Magicpin Blog,https://images.unsplash.com/photo-1534567153574-2b12153a87f0?w=800&q=80
MMR-092,Konkan Kada Viewpoint,Kalyan,Thane,Maharashtra,Mumbai,19.2,73.25,Nature,Cliff Viewpoint,"Dramatic Sahyadri cliff viewpoint accessible from Kalyan, popular among trekkers and rock-climbing enthusiasts for its sweeping views.","viewpoint,trekking,adventure,photography",0.0,3.0,"Trekkers, photographers",2,15.0,4.2,340,Morning,Outdoor,False,True,True,Magicpin Blog,https://images.unsplash.com/photo-1506744038136-46273834b3fb?w=800&q=80
MMR-093,Balaji Temple Dombivli,Dombivli,Thane,Maharashtra,Mumbai,19.2183,73.09,Temple,Heritage Temple,Neighbourhood Balaji temple in Dombivli offering a peaceful spiritual stop for residents and visitors.,"temple,religious,local",0.0,0.5,"Devotees, families",1,15.0,4.0,560,Morning,Mixed,False,True,False,Local Knowledge,https://images.unsplash.com/photo-1609766857041-ed402ea8069a?w=800&q=80
MMR-094,Kalyan Japani Bazaar Food Trail,Kalyan,Thane,Maharashtra,Mumbai,19.24,73.131,Food,Street Food,Bustling old-town bazaar in Kalyan famous for street snacks like pav bhaji and kulfi falooda alongside bargain shopping.,"food,street food,shopping,local",300.0,2.0,"Foodies, shoppers",1,10.0,4.2,1700,Evening,Outdoor,False,True,False,Hotelscombined,https://images.unsplash.com/photo-1589301760014-d929f3979dbc?w=800&q=80
MMR-095,Thane Creek Mangrove Photography Walk,Thane,Thane,Maharashtra,Mumbai,19.205,73.0,Photography,Guided Nature Walk,"Guided photography walk along Thane creek's mangrove boardwalks, ideal for capturing waterbirds and sunset light.","photography,mangroves,birdwatching,guided walk",500.0,2.5,"Photographers, birders",2,10.0,4.3,310,Early morning,Outdoor,True,True,True,Local Knowledge,https://images.unsplash.com/photo-1506744038136-46273834b3fb?w=800&q=80
MMR-096,Vasai Pottery and Craft Workshop,Vasai,Palghar,Maharashtra,Mumbai,19.355,72.825,Workshop,Craft Workshop,Small local workshop near Vasai introducing visitors to traditional pottery and craft techniques practised in the region.,"workshop,craft,local,hands-on",600.0,2.0,"Families, craft enthusiasts",2,15.0,4.0,95,Weekend,Indoor,True,True,True,Local Knowledge,https://images.unsplash.com/photo-1507525428034-b723cf961d3e?w=800&q=80
MUMBAI-001,Gateway of India Heritage Visit,Mumbai,Mumbai City,Maharashtra,Mumbai,18.922,72.8347,Heritage,Monument,"Iconic basalt arch monument built to commemorate King George V's 1911 visit, overlooking the Arabian Sea harbour.","heritage,monument,photography,iconic",0.0,0.75,"Solo,Families,Couples,First-timers",1,20.0,4.0,0,Early morning or evening,Outdoor,False,False,False,Local travel knowledge,https://images.unsplash.com/photo-1587474260584-136574528ed5?w=800&q=80
MUMBAI-002,Chhatrapati Shivaji Maharaj Vastu Sangrahalaya (CSMVS),Mumbai,Mumbai City,Maharashtra,Mumbai,18.9269,72.8328,Museum,Art & History Museum,"Indo-Saracenic museum housing miniature paintings, sculptures, and decorative arts spanning Indian history.","museum,art,history,indoor",700.0,2.0,"Culture lovers,Families,Students",1,15.0,4.0,0,Morning,Indoor,True,False,False,General travel knowledge,https://images.unsplash.com/photo-1565008447742-97f6f38c985c?w=800&q=80
MUMBAI-003,Colaba Causeway Street Shopping,Mumbai,Mumbai City,Maharashtra,Mumbai,18.9075,72.814,Shopping,Street Market,"Bustling pavement market for clothing, jewelry, antiques and souvenirs alongside heritage buildings.","shopping,market,street,souvenirs",0.0,1.0,"Shoppers,Solo,Couples",1,10.0,4.0,0,Afternoon-Evening,Outdoor,False,True,False,General travel knowledge,https://images.unsplash.com/photo-1533900298318-6b8da08a523e?w=800&q=80
MUMBAI-004,Leopold Cafe Heritage Dining,Mumbai,Mumbai City,Maharashtra,Mumbai,18.9075,72.831,Food,Historic Cafe,Century-old Irani-style cafe popular with travelers and locals for continental and Indian fare.,"food,cafe,heritage,iconic",800.0,1.25,"Solo,Couples,Groups",1,6.0,4.0,0,Lunch or dinner,Indoor,False,False,False,General travel knowledge,https://images.unsplash.com/photo-1554118811-1e0d58224f24?w=800&q=80
MUMBAI-005,Kala Ghoda Art Precinct Walk,Mumbai,Mumbai City,Maharashtra,Mumbai,18.928,72.8321,Art,Art District Walk,"Self-guided walk through South Mumbai's art district with galleries, sculptures, cafes, and colonial architecture.","art,culture,walk,architecture",0.0,2.0,"Art lovers,Solo,Couples",1,15.0,4.0,0,Morning or evening,Outdoor,False,True,False,General travel knowledge,https://images.unsplash.com/photo-1460661419201-fd4cecdf8a8b?w=800&q=80
MUMBAI-006,Jehangir Art Gallery Visit,Mumbai,Mumbai City,Maharashtra,Mumbai,18.9281,72.832,Art,Art Gallery,Mumbai's premier contemporary art gallery showcasing rotating exhibitions by Indian artists.,"art,gallery,indoor,exhibitions",0.0,0.75,"Art lovers,Solo",1,10.0,4.0,0,Morning-Evening,Indoor,False,False,False,General travel knowledge,https://images.unsplash.com/photo-1460661419201-fd4cecdf8a8b?w=800&q=80
MUMBAI-007,David Sassoon Library Exterior Walk,Mumbai,Mumbai City,Maharashtra,Mumbai,18.9278,72.8318,Heritage,Colonial Architecture,"Victorian Gothic library building with intricate stonework, a favorite subject for architecture photography.","architecture,heritage,photography",0.0,0.5,"Photographers,Architecture buffs",1,8.0,4.0,0,Morning,Outdoor,False,False,True,General travel knowledge,https://images.unsplash.com/photo-1587474260584-136574528ed5?w=800&q=80
MUMBAI-008,Flora Fountain Heritage Stop,Mumbai,Mumbai City,Maharashtra,Mumbai,18.9328,72.8347,Heritage,Monument,"Ornate 1864 fountain at the heart of Fort district, surrounded by Victorian and Art Deco buildings.","heritage,architecture,photography",0.0,0.375,"Solo,Photographers",1,10.0,4.0,0,Morning,Outdoor,False,False,False,General travel knowledge,https://images.unsplash.com/photo-1587474260584-136574528ed5?w=800&q=80
MUMBAI-009,Horniman Circle Garden Stroll,Mumbai,Mumbai City,Maharashtra,Mumbai,18.9318,72.8365,Nature,Urban Garden,Circular Victorian-era garden ringed by grand colonial buildings including the Town Hall and Asiatic Society.,"park,heritage,walk,relaxation",0.0,0.75,"Families,Couples,Solo",1,15.0,4.0,0,Morning or evening,Outdoor,False,False,False,General travel knowledge,https://images.unsplash.com/photo-1506744038136-46273834b3fb?w=800&q=80
MUMBAI-010,St. Thomas Cathedral Visit,Mumbai,Mumbai City,Maharashtra,Mumbai,18.9333,72.8347,Religious,Church,"Mumbai's oldest Anglican church, consecrated in 1718, with memorial plaques and stained glass.","religious,heritage,architecture",0.0,0.5,"Solo,Couples,Heritage seekers",1,10.0,4.0,0,Morning,Indoor,False,False,False,General travel knowledge,https://images.unsplash.com/photo-1609766857041-ed402ea8069a?w=800&q=80
MUMBAI-011,Asiatic Society Library Heritage Visit,Mumbai,Mumbai City,Maharashtra,Mumbai,18.9315,72.8347,Heritage,Historic Library,Neoclassical Town Hall building housing rare manuscripts and a grand colonnaded reading room.,"heritage,library,architecture",0.0,0.75,"Heritage seekers,Students",1,8.0,4.0,0,Morning,Indoor,True,False,True,General travel knowledge,https://images.unsplash.com/photo-1587474260584-136574528ed5?w=800&q=80
MUMBAI-012,Chhatrapati Shivaji Maharaj Terminus (CSMT) Architecture Walk,Mumbai,Mumbai City,Maharashtra,Mumbai,18.9398,72.8355,Architecture,UNESCO Heritage Site,"Gothic Revival railway terminus and UNESCO World Heritage Site, one of India's busiest and most photographed stations.","architecture,heritage,unesco,photography",0.0,0.75,"Photographers,Architecture buffs,Families",1,15.0,4.0,0,Evening (illuminated),Outdoor,False,False,False,General travel knowledge,https://images.unsplash.com/photo-1587474260584-136574528ed5?w=800&q=80
MUMBAI-013,Crawford Market (Mahatma Jyotiba Phule Mandai),Mumbai,Mumbai City,Maharashtra,Mumbai,18.947,72.8346,Market,Wholesale Market,"Historic covered market for fruits, spices, pets and household goods, designed with Kipling family carvings.","market,shopping,local,food",0.0,1.25,"Solo,Foodies,Photographers",1,10.0,4.0,0,Morning,Indoor-Outdoor,False,True,False,General travel knowledge,https://images.unsplash.com/photo-1533900298318-6b8da08a523e?w=800&q=80
MUMBAI-014,Zaveri Bazaar Jewelry Market Walk,Mumbai,Mumbai City,Maharashtra,Mumbai,18.9508,72.8318,Shopping,Jewelry Market,"One of India's oldest and largest gold and jewelry markets, bustling with traditional jewelers.","shopping,jewelry,market,local",0.0,1.25,"Shoppers,Couples",1,8.0,4.0,0,Afternoon,Outdoor,False,True,False,General travel knowledge,https://images.unsplash.com/photo-1533900298318-6b8da08a523e?w=800&q=80
MUMBAI-015,Mumbadevi Temple Visit,Mumbai,Mumbai City,Maharashtra,Mumbai,18.9467,72.8311,Religious,Temple,"The city's namesake goddess temple, a modest but historically significant shrine near Bhuleshwar.","religious,heritage,local",0.0,0.375,"Pilgrims,Solo",1,10.0,4.0,0,Morning or evening aarti,Indoor-Outdoor,False,True,True,General travel knowledge,https://images.unsplash.com/photo-1609766857041-ed402ea8069a?w=800&q=80
MUMBAI-016,Mohammed Ali Road Ramadan Food Walk,Mumbai,Mumbai City,Maharashtra,Mumbai,18.953,72.832,Street Food,Food Walk,"Legendary night food street famous for kebabs, malpua, and Mughlai delicacies, especially lively during Ramadan.","food,street food,night,local,culture",500.0,1.75,"Foodies,Groups,Night owls",2,10.0,4.0,0,Late evening/night,Outdoor,False,True,False,General travel knowledge,https://images.unsplash.com/photo-1589301760014-d929f3979dbc?w=800&q=80
MUMBAI-017,Marine Drive Sunset Walk,Mumbai,Mumbai City,Maharashtra,Mumbai,18.944,72.8235,Coastal,Promenade,The 'Queen's Necklace' - a sweeping bay-front promenade perfect for sunset views and people-watching.,"coastal,sunset,walk,iconic,photography",0.0,1.0,"Couples,Families,Solo",1,20.0,4.0,0,Evening/Sunset,Outdoor,False,False,False,General travel knowledge,https://images.unsplash.com/photo-1507525428034-b723cf961d3e?w=800&q=80
MUMBAI-018,Girgaum Chowpatty Beach Evening,Mumbai,Mumbai City,Maharashtra,Mumbai,18.9547,72.8144,Beach,City Beach,"Popular city beach known for evening crowds, bhelpuri stalls, and Ganesh Visarjan celebrations.","beach,street food,local,family",100.0,1.0,"Families,Groups,Solo",1,20.0,4.0,0,Evening,Outdoor,False,False,False,General travel knowledge,https://images.unsplash.com/photo-1507525428034-b723cf961d3e?w=800&q=80
MUMBAI-019,Wankhede Stadium Cricket Tour,Mumbai,Mumbai City,Maharashtra,Mumbai,18.9388,72.8258,Entertainment,Sports Venue,Home ground of Mumbai cricket and the 2011 World Cup final venue; museum tour available on non-match days.,"sports,cricket,entertainment",300.0,1.25,"Sports fans,Families",1,10.0,4.0,0,Daytime (non-match days),Indoor-Outdoor,True,False,False,General travel knowledge,https://images.unsplash.com/photo-1507525428034-b723cf961d3e?w=800&q=80
MUMBAI-020,Banganga Tank Heritage Walk,Mumbai,Mumbai City,Maharashtra,Mumbai,18.9522,72.7958,Heritage,Sacred Water Tank,"12th-century sacred water tank ringed by ancient temples, an oasis of old Mumbai tucked into Malabar Hill.","heritage,religious,photography,hidden",0.0,0.75,"Photographers,Heritage seekers",1,10.0,4.0,0,Early morning,Outdoor,False,True,True,General travel knowledge,https://images.unsplash.com/photo-1587474260584-136574528ed5?w=800&q=80
MUMBAI-021,Hanging Gardens Malabar Hill,Mumbai,Mumbai City,Maharashtra,Mumbai,18.9557,72.8054,Nature,Terraced Garden,Hilltop terraced garden with topiary animal hedges and views over the Arabian Sea and Chowpatty.,"park,nature,family,viewpoint",0.0,0.75,"Families,Couples",1,20.0,4.0,0,Evening,Outdoor,False,False,False,General travel knowledge,https://images.unsplash.com/photo-1551632811-561732d1e306?w=800&q=80
MUMBAI-022,Jain Temple Malabar Hill,Mumbai,Mumbai City,Maharashtra,Mumbai,18.9548,72.806,Religious,Temple,"Ornately tiled Jain temple dedicated to Adinath, near Hanging Gardens, known for marble carvings.","religious,architecture,heritage",0.0,0.375,"Pilgrims,Architecture buffs",1,10.0,4.0,0,Morning,Indoor-Outdoor,False,False,False,General travel knowledge,https://images.unsplash.com/photo-1609766857041-ed402ea8069a?w=800&q=80
MUMBAI-023,Nariman Point Art Deco Walk,Mumbai,Mumbai City,Maharashtra,Mumbai,18.9256,72.8235,Architecture,Art Deco District,"Business district lined with mid-century Art Deco towers, part of Mumbai's UNESCO-recognized Art Deco ensemble.","architecture,art deco,walk,photography",0.0,0.75,"Architecture buffs,Photographers",1,10.0,4.0,0,Evening,Outdoor,False,False,False,General travel knowledge,https://images.unsplash.com/photo-1460661419201-fd4cecdf8a8b?w=800&q=80
MUMBAI-024,Haji Ali Dargah Visit,Mumbai,Mumbai City,Maharashtra,Mumbai,18.9827,72.809,Religious,Mosque & Shrine,"Iconic mosque and dargah built on an islet, connected by a causeway that floods at high tide.","religious,architecture,iconic,coastal",0.0,0.75,"Pilgrims,Photographers,Solo",1,20.0,4.0,0,"Low tide, morning/evening",Outdoor,False,True,False,General travel knowledge,https://images.unsplash.com/photo-1609766857041-ed402ea8069a?w=800&q=80
MUMBAI-025,Mahalaxmi Temple Visit,Mumbai,Mumbai City,Maharashtra,Mumbai,18.9773,72.8194,Religious,Temple,"One of Mumbai's oldest and most revered goddess temples, overlooking the Arabian Sea.","religious,heritage,coastal",0.0,0.5,"Pilgrims,Solo",1,15.0,4.0,0,Morning or evening aarti,Indoor-Outdoor,False,True,False,General travel knowledge,https://images.unsplash.com/photo-1609766857041-ed402ea8069a?w=800&q=80
MUMBAI-026,Dhobi Ghat Open-Air Laundry Viewing,Mumbai,Mumbai City,Maharashtra,Mumbai,18.9825,72.8253,Local Experience,Working Heritage Site,"World's largest open-air laundromat, a maze of concrete wash-pens where thousands of garments are hand-washed daily.","local,culture,photography,unique",0.0,0.75,"Photographers,Culture seekers",1,10.0,4.0,0,Morning,Outdoor,False,True,False,General travel knowledge,https://images.unsplash.com/photo-1587474260584-136574528ed5?w=800&q=80
MUMBAI-027,Veermata Jijabai Bhonsla Udyan (Byculla Zoo),Mumbai,Mumbai City,Maharashtra,Mumbai,18.9758,72.833,Wildlife,Zoo & Garden,"Mumbai's oldest zoo and botanical garden, home to a Humboldt penguin enclosure and heritage museum building.","wildlife,family,garden,museum",25.0,1.75,"Families,Kids",1,20.0,4.0,0,Morning,Outdoor,False,False,False,General travel knowledge,https://images.unsplash.com/photo-1534567153574-2b12153a87f0?w=800&q=80
MUMBAI-028,Dr. Bhau Daji Lad Museum,Mumbai,Mumbai City,Maharashtra,Mumbai,18.9757,72.8335,Museum,City History Museum,"Mumbai's oldest museum, beautifully restored, showcasing the city's industrial and social history.","museum,heritage,art,indoor",50.0,1.25,"Culture lovers,Families",1,15.0,4.0,0,Morning-Afternoon,Indoor,False,False,False,General travel knowledge,https://images.unsplash.com/photo-1565008447742-97f6f38c985c?w=800&q=80
MUMBAI-029,Chor Bazaar Antique Hunting,Mumbai,Mumbai City,Maharashtra,Mumbai,18.96,72.8309,Shopping,Flea Market,"Sprawling flea market for antiques, vintage furniture, retro Bollywood posters and curios.","shopping,antiques,local,market",0.0,1.0,"Shoppers,Collectors",1,8.0,4.0,0,Morning-Afternoon (closed Fri),Outdoor,False,True,False,General travel knowledge,https://images.unsplash.com/photo-1533900298318-6b8da08a523e?w=800&q=80
MUMBAI-030,Bhendi Bazaar Street Food Trail,Mumbai,Mumbai City,Maharashtra,Mumbai,18.959,72.83,Street Food,Food Walk,"Dense Muslim quarter food street known for bohri cuisine, kebabs and Ramadan iftar specials.","food,street food,culture,local",400.0,1.25,"Foodies,Groups",2,8.0,4.0,0,Evening,Outdoor,False,True,False,General travel knowledge,https://images.unsplash.com/photo-1589301760014-d929f3979dbc?w=800&q=80
MUMBAI-031,Khotachiwadi Heritage Village Walk,Mumbai,Mumbai City,Maharashtra,Mumbai,18.9538,72.8168,Heritage,Heritage Precinct,Preserved 19th-century East Indian hamlet of pastel wooden bungalows tucked amid Girgaon's high-rises.,"heritage,architecture,hidden,walk",0.0,0.75,"Photographers,Heritage seekers",1,8.0,4.0,0,Morning,Outdoor,False,True,True,General travel knowledge,https://images.unsplash.com/photo-1587474260584-136574528ed5?w=800&q=80
MUMBAI-032,Opera House Jewelry & Furniture District,Mumbai,Mumbai City,Maharashtra,Mumbai,18.9605,72.8178,Shopping,Specialty District,Historic district around the restored Royal Opera House known for furniture and diamond trading.,"shopping,architecture,local",0.0,0.75,"Shoppers,Architecture buffs",1,8.0,4.0,0,Afternoon,Outdoor,False,True,False,General travel knowledge,https://images.unsplash.com/photo-1533900298318-6b8da08a523e?w=800&q=80
MUMBAI-033,Royal Opera House Heritage Tour,Mumbai,Mumbai City,Maharashtra,Mumbai,18.9603,72.818,Architecture,Restored Heritage Theatre,"India's only surviving opera house, beautifully restored in 2016, hosting concerts and cultural events.","architecture,heritage,entertainment",500.0,1.25,"Culture lovers,Couples",1,10.0,4.0,0,Evening (during shows),Indoor,True,False,False,General travel knowledge,https://images.unsplash.com/photo-1587474260584-136574528ed5?w=800&q=80
MUMBAI-034,Sassoon Dock Fishing Harbour Photography,Mumbai,Mumbai City,Maharashtra,Mumbai,18.9077,72.8256,Photography,Working Harbour,"Mumbai's oldest fishing dock, alive at dawn with fishermen sorting the day's catch amid colorful boats.","photography,local,coastal,hidden",0.0,0.75,"Photographers,Early risers",1,6.0,4.0,0,Early morning (5-7am),Outdoor,False,True,True,General travel knowledge,https://images.unsplash.com/photo-1516035069371-29a1b244cc32?w=800&q=80
MUMBAI-035,Afghan Church Colaba Visit,Mumbai,Mumbai City,Maharashtra,Mumbai,18.9036,72.813,Religious,Colonial Church,"Neo-Gothic church built to honor British-Afghan War soldiers, with regimental memorial plaques.","religious,heritage,architecture,hidden",0.0,0.375,Heritage seekers,1,8.0,4.0,0,Morning,Indoor,False,False,True,General travel knowledge,https://images.unsplash.com/photo-1609766857041-ed402ea8069a?w=800&q=80
MUMBAI-036,Elephanta Caves Boat Excursion,Mumbai,Mumbai City,Maharashtra,Mumbai,18.9633,72.9315,Heritage,UNESCO Rock-cut Caves,Ferry ride from Gateway of India to UNESCO-listed 6th-century rock-cut Shiva caves on Elephanta Island.,"heritage,boat ride,unesco,coastal",220.0,4.0,"Culture lovers,Families,Couples",1,30.0,4.0,0,Morning departure,Outdoor,True,False,False,General travel knowledge,https://images.unsplash.com/photo-1587474260584-136574528ed5?w=800&q=80
MUMBAI-037,Gateway of India Evening Harbour Boat Ride,Mumbai,Mumbai City,Maharashtra,Mumbai,18.922,72.8347,Boat Ride,Harbour Cruise,Short pleasure boat rides across Mumbai harbour offering skyline views of the Gateway and Taj Hotel.,"boat ride,coastal,evening,family",100.0,0.75,"Families,Couples",1,15.0,4.0,0,Evening,Outdoor,False,False,False,General travel knowledge,https://images.unsplash.com/photo-1507525428034-b723cf961d3e?w=800&q=80
MUMBAI-038,Rajabai Clock Tower & Mumbai University Walk,Mumbai,Mumbai City,Maharashtra,Mumbai,18.9298,72.8322,Architecture,Gothic Revival Campus,"Venetian Gothic clock tower modeled on Big Ben, anchoring the University of Mumbai's heritage campus.","architecture,heritage,photography",0.0,0.75,"Architecture buffs,Photographers",1,10.0,4.0,0,Morning,Outdoor,False,False,False,General travel knowledge,https://images.unsplash.com/photo-1507525428034-b723cf961d3e?w=800&q=80
MUMBAI-039,Eros Cinema Art Deco Photo Stop,Mumbai,Mumbai City,Maharashtra,Mumbai,18.933,72.828,Architecture,Art Deco Cinema,"Streamlined Art Deco cinema facade near Churchgate, part of Mumbai's UNESCO Art Deco heritage precinct.","architecture,art deco,photography",0.0,0.25,"Photographers,Architecture buffs",1,10.0,4.0,0,Evening,Outdoor,False,False,False,General travel knowledge,https://images.unsplash.com/photo-1460661419201-fd4cecdf8a8b?w=800&q=80
MUMBAI-040,Oval Maidan Cricket & Skyline Walk,Mumbai,Mumbai City,Maharashtra,Mumbai,18.931,72.829,Recreation,Urban Maidan,Historic open maidan where amateur cricket matches unfold against a backdrop of Gothic and Art Deco buildings.,"recreation,photography,local,architecture",0.0,0.75,"Photographers,Families",1,15.0,4.0,0,Evening,Outdoor,False,False,False,General travel knowledge,https://images.unsplash.com/photo-1507525428034-b723cf961d3e?w=800&q=80
MUMBAI-041,Kamala Nehru Park Shoe-House Viewpoint,Mumbai,Mumbai City,Maharashtra,Mumbai,18.9573,72.8046,Nature,Hilltop Park,Small hilltop garden with a children's shoe-shaped house and panoramic views over Marine Drive's curve.,"park,family,viewpoint,photography",0.0,0.5,"Families,Kids",1,15.0,4.0,0,Evening,Outdoor,False,False,False,General travel knowledge,https://images.unsplash.com/photo-1506744038136-46273834b3fb?w=800&q=80
MUMBAI-042,Priyadarshini Park Sea View,Mumbai,Mumbai City,Maharashtra,Mumbai,18.9877,72.8085,Nature,Seaside Park,"Quiet neighbourhood park along Napean Sea Road with open lawns and sea breeze, popular with joggers.","park,relaxation,coastal,local",0.0,0.75,"Locals,Families",1,15.0,4.0,0,Evening,Outdoor,False,False,True,General travel knowledge,https://images.unsplash.com/photo-1506744038136-46273834b3fb?w=800&q=80
MUMBAI-043,Worli Fort Sunset Viewpoint,Mumbai,Mumbai City,Maharashtra,Mumbai,19.0083,72.8168,Fort,Coastal Fort Ruins,17th-century British fort ruins on a rocky Worli promontory offering sweeping Sea Link and coastline views.,"fort,heritage,sunset,hidden,photography",0.0,0.75,"Photographers,Couples",1,10.0,4.0,0,Sunset,Outdoor,False,True,True,General travel knowledge,https://images.unsplash.com/photo-1599661046289-e31897846e41?w=800&q=80
MUMBAI-044,Worli Koliwada Fishing Village Walk,Mumbai,Mumbai City,Maharashtra,Mumbai,19.014,72.82,Local Experience,Fishing Village,"One of Mumbai's oldest Koli fishing hamlets, with colorful boats, drying fish racks and narrow lanes.","local,culture,coastal,hidden",0.0,1.25,"Culture seekers,Photographers",1,8.0,4.0,0,Morning,Outdoor,False,True,True,General travel knowledge,https://images.unsplash.com/photo-1507525428034-b723cf961d3e?w=800&q=80
MUMBAI-045,Siddhivinayak Temple Prabhadevi,Mumbai,Mumbai City,Maharashtra,Mumbai,19.017,72.8302,Religious,Temple,"One of Mumbai's most visited Ganesh temples, drawing devotees including celebrities year-round.","religious,iconic,local",0.0,0.75,"Pilgrims,Solo",1,20.0,4.0,0,Early morning or evening,Indoor-Outdoor,False,True,False,General travel knowledge,https://images.unsplash.com/photo-1609766857041-ed402ea8069a?w=800&q=80
MUMBAI-046,Dadar Flower Market Morning Visit,Mumbai,Mumbai City,Maharashtra,Mumbai,19.0176,72.844,Market,Flower Market,"Colorful wholesale flower market near Dadar station, buzzing with marigold and rose vendors before dawn.","market,local,photography,culture",0.0,0.75,"Photographers,Early risers",1,8.0,4.0,0,Early morning (5-8am),Outdoor,False,True,True,General travel knowledge,https://images.unsplash.com/photo-1533900298318-6b8da08a523e?w=800&q=80
MUMBAI-047,Dadar Chowpatty Beach Evening,Mumbai,Mumbai City,Maharashtra,Mumbai,19.02,72.842,Beach,City Beach,"Family-friendly beach popular with locals for evening walks, snacks, and kite flying.","beach,local,family",0.0,1.25,"Families,Locals",1,20.0,4.0,0,Evening,Outdoor,False,False,False,General travel knowledge,https://images.unsplash.com/photo-1507525428034-b723cf961d3e?w=800&q=80
MUMBAI-048,Five Gardens Matunga Heritage Walk,Mumbai,Mumbai City,Maharashtra,Mumbai,19.027,72.846,Heritage,Planned Garden Neighborhood,Cluster of five interlinked gardens in a planned Parsi/South Indian neighborhood with tree-lined streets.,"heritage,park,local,walk",0.0,0.75,"Families,Photographers",1,15.0,4.0,0,Morning or evening,Outdoor,False,False,True,General travel knowledge,https://images.unsplash.com/photo-1587474260584-136574528ed5?w=800&q=80
MUMBAI-049,Matunga South Indian Food Trail,Mumbai,Mumbai City,Maharashtra,Mumbai,19.028,72.847,Food,Food Walk,"Mumbai's 'mini South India' neighborhood, packed with century-old idli-dosa joints and filter coffee houses.","food,local,culture",300.0,1.25,"Foodies,Groups",1,8.0,4.0,0,Morning breakfast,Indoor-Outdoor,False,True,False,General travel knowledge,https://images.unsplash.com/photo-1504674900247-0877df9cc836?w=800&q=80
MUMBAI-050,Mahim Fort & Bay Walk,Mumbai,Mumbai City,Maharashtra,Mumbai,19.037,72.839,Fort,Coastal Fort,"Modest Portuguese-era fort ruins by Mahim Bay, a quiet spot with views across to Bandra Fort.","fort,heritage,coastal,hidden",0.0,0.5,"Photographers,Heritage seekers",1,8.0,4.0,0,Evening,Outdoor,False,True,True,General travel knowledge,https://images.unsplash.com/photo-1599661046289-e31897846e41?w=800&q=80
MUMBAI-051,Nehru Science Centre,Mumbai,Mumbai City,Maharashtra,Mumbai,18.9985,72.8245,Museum,Science Museum,"India's largest interactive science museum with hands-on exhibits, ideal for curious kids and families.","museum,family,kids,indoor",90.0,1.75,"Families,Kids,Students",1,30.0,4.0,0,Morning-Afternoon,Indoor,False,False,False,General travel knowledge,https://images.unsplash.com/photo-1565008447742-97f6f38c985c?w=800&q=80
MUMBAI-052,Nehru Planetarium Sky Show,Mumbai,Mumbai City,Maharashtra,Mumbai,18.999,72.825,Entertainment,Planetarium,"Dome theatre offering astronomy shows for families, next to Nehru Science Centre in Worli.","entertainment,family,education,indoor",60.0,1.0,"Families,Kids",1,40.0,4.0,0,Afternoon shows,Indoor,True,False,False,General travel knowledge,https://images.unsplash.com/photo-1507525428034-b723cf961d3e?w=800&q=80
MUMBAI-053,Sewri Fort & Flamingo Point Bird Watching,Mumbai,Mumbai City,Maharashtra,Mumbai,19.001,72.855,Wildlife,Bird Watching,Mudflats near a 17th-century fort that attract thousands of migratory flamingos each winter.,"wildlife,bird watching,nature,hidden,photography",0.0,1.0,"Bird watchers,Photographers",1,10.0,4.0,0,"Early morning, low tide",Outdoor,False,True,True,General travel knowledge,https://images.unsplash.com/photo-1599661046289-e31897846e41?w=800&q=80
MUMBAI-054,Matharpacady Heritage Hamlet Walk (Mazgaon),Mumbai,Mumbai City,Maharashtra,Mumbai,18.966,72.842,Heritage,Heritage Precinct,Hillside East Indian village of red-tiled cottages tucked behind Mazgaon's modern high-rises.,"heritage,architecture,hidden,walk",0.0,0.75,"Photographers,Heritage seekers",1,8.0,4.0,0,Morning,Outdoor,False,True,True,General travel knowledge,https://images.unsplash.com/photo-1587474260584-136574528ed5?w=800&q=80
MUMBAI-055,Dharavi Pottery & Leather Workshop Tour,Mumbai,Mumbai City,Maharashtra,Mumbai,19.04,72.855,Workshop,Community Tour,Guided walking tour through Dharavi's Kumbharwada potters' colony and small-scale leather/recycling units.,"workshop,local,culture,community",1200.0,2.75,"Culture seekers,Groups",1,12.0,4.0,0,Morning,Outdoor,True,True,False,General travel knowledge,https://images.unsplash.com/photo-1507525428034-b723cf961d3e?w=800&q=80
MUMBAI-056,Lalbaug Ganesh Idol Workshop Visit (Seasonal),Mumbai,Mumbai City,Maharashtra,Mumbai,18.982,72.834,Workshop,Seasonal Craft Visit,"Artisan workshops where giant Ganesh idols, including the famed Lalbaugcha Raja, are hand-sculpted before the festival.","workshop,culture,seasonal,local",0.0,1.25,"Culture seekers,Photographers",1,10.0,4.0,0,Weeks before Ganesh Chaturthi,Outdoor,False,True,True,General travel knowledge,https://images.unsplash.com/photo-1507525428034-b723cf961d3e?w=800&q=80
MUMBAI-057,Kamala Mills Art & Dining District,Mumbai,Mumbai City,Maharashtra,Mumbai,19.0,72.828,Nightlife,Converted Mill Precinct,"Repurposed textile mill compound now home to restaurants, bars, and creative offices in Lower Parel.","nightlife,food,culture",1500.0,2.0,"Groups,Couples",1,10.0,4.0,0,Evening,Indoor-Outdoor,True,False,False,General travel knowledge,https://images.unsplash.com/photo-1460661419201-fd4cecdf8a8b?w=800&q=80
MUMBAI-058,Lower Parel Mill Land Heritage Walk,Mumbai,Mumbai City,Maharashtra,Mumbai,18.995,72.829,Heritage,Industrial Heritage,Walk exploring converted 19th-century textile mill chimneys and structures now housing malls and offices.,"heritage,architecture,walk",0.0,1.25,"Heritage seekers,Photographers",1,10.0,4.0,0,Morning,Outdoor,False,False,True,General travel knowledge,https://images.unsplash.com/photo-1587474260584-136574528ed5?w=800&q=80
MUMBAI-059,High Street Phoenix Shopping & Entertainment,Mumbai,Mumbai City,Maharashtra,Mumbai,19.0,72.826,Shopping,Mall Precinct,"Upscale mall complex in Lower Parel with retail, cinema, and Palladium luxury wing.","shopping,entertainment,family",0.0,2.0,"Families,Shoppers,Groups",1,15.0,4.0,0,Afternoon-Evening,Indoor,False,False,False,General travel knowledge,https://images.unsplash.com/photo-1533900298318-6b8da08a523e?w=800&q=80
MUMBAI-060,Mani Bhavan Gandhi Museum,Mumbai,Mumbai City,Maharashtra,Mumbai,18.964,72.809,Museum,Historic House Museum,"Gandhi's Mumbai residence during 1917-1934, preserved with photographs, letters and his room.","museum,history,heritage,indoor",10.0,0.75,"History buffs,Students",1,15.0,4.0,0,Morning-Afternoon,Indoor,False,False,False,General travel knowledge,https://images.unsplash.com/photo-1565008447742-97f6f38c985c?w=800&q=80
MUMBAI-061,National Gallery of Modern Art (NGMA) Mumbai,Mumbai,Mumbai City,Maharashtra,Mumbai,18.927,72.833,Museum,Modern Art Museum,Cylindrical heritage building (former Elphinstone theatre) showing rotating modern and contemporary Indian art.,"art,museum,indoor,culture",20.0,1.25,"Art lovers,Students",1,15.0,4.0,0,Morning-Afternoon,Indoor,False,False,False,General travel knowledge,https://images.unsplash.com/photo-1565008447742-97f6f38c985c?w=800&q=80
MUMBAI-062,RBI Monetary Museum,Mumbai,Mumbai City,Maharashtra,Mumbai,18.932,72.836,Museum,Specialty Museum,Compact museum tracing the history of Indian currency and coinage inside the RBI's Fort building.,"museum,history,indoor,hidden",0.0,0.75,"History buffs,Students",1,15.0,4.0,0,Morning-Afternoon,Indoor,False,False,True,General travel knowledge,https://images.unsplash.com/photo-1565008447742-97f6f38c985c?w=800&q=80
MUMBAI-063,Bhuleshwar Temple & Market Walk,Mumbai,Mumbai City,Maharashtra,Mumbai,18.949,72.829,Religious,Temple Cluster Walk,Dense cluster of small Hindu temples interwoven with vegetable and utensil markets in old Mumbai.,"religious,market,local,culture",0.0,1.25,"Culture seekers,Photographers",1,8.0,4.0,0,Morning,Outdoor,False,True,True,General travel knowledge,https://images.unsplash.com/photo-1609766857041-ed402ea8069a?w=800&q=80
MUMBAI-064,Kalbadevi Silver & Textile Market Walk,Mumbai,Mumbai City,Maharashtra,Mumbai,18.952,72.828,Market,Traditional Market,"Old-city trading lanes specializing in silver ware, sarees, and traditional textiles.","market,shopping,local",0.0,1.25,"Shoppers,Culture seekers",1,8.0,4.0,0,Afternoon,Outdoor,False,True,False,General travel knowledge,https://images.unsplash.com/photo-1533900298318-6b8da08a523e?w=800&q=80
MUMBAI-065,Mumbai Central Station Heritage Building Walk,Mumbai,Mumbai City,Maharashtra,Mumbai,18.97,72.819,Architecture,Railway Heritage,"1930 Art Deco-influenced railway terminus, historically the starting point of India's first electric train.","architecture,heritage,photography",0.0,0.5,"Architecture buffs,Photographers",1,10.0,4.0,0,Morning,Outdoor,False,False,True,General travel knowledge,https://images.unsplash.com/photo-1587474260584-136574528ed5?w=800&q=80
MUMBAI-066,Regal Cinema Art Deco Landmark,Mumbai,Mumbai City,Maharashtra,Mumbai,18.922,72.8318,Architecture,Art Deco Cinema,"One of Mumbai's first Art Deco cinemas (1933), an anchor of the city's UNESCO-listed Art Deco heritage.","architecture,art deco,photography,heritage",0.0,0.25,"Photographers,Architecture buffs",1,10.0,4.0,0,Evening,Outdoor,False,False,False,General travel knowledge,https://images.unsplash.com/photo-1460661419201-fd4cecdf8a8b?w=800&q=80
MUMBAI-067,Todi Mill Social Nightlife & Dining,Mumbai,Mumbai City,Maharashtra,Mumbai,19.005,72.83,Nightlife,Bar & Lounge,"Multi-level converted mill space in Lower Parel with quirky decor, cocktails and live music nights.","nightlife,food,entertainment",2000.0,2.0,"Groups,Couples",2,10.0,4.0,0,Evening-Night,Indoor,True,False,False,General travel knowledge,https://images.unsplash.com/photo-1514525253161-7a46d19cd819?w=800&q=80
MUMBAI-068,Bandra Fort (Land's End) Sunset Viewpoint,Mumbai,Mumbai Suburban,Maharashtra,Mumbai,19.043,72.82,Fort,Coastal Fort,"17th-century Portuguese watchtower ruins with sweeping views of the Bandra-Worli Sea Link, popular at sunset.","fort,heritage,sunset,photography",0.0,0.75,"Couples,Photographers,Families",1,20.0,4.0,0,Sunset,Outdoor,False,False,False,General travel knowledge,https://images.unsplash.com/photo-1599661046289-e31897846e41?w=800&q=80
MUMBAI-069,Bandra Bandstand Promenade Walk,Mumbai,Mumbai Suburban,Maharashtra,Mumbai,19.045,72.821,Coastal,Promenade,"Seafront promenade near Bandra Fort, popular for jogging, views, and celebrity-spotting near Bollywood bungalows.","coastal,walk,local,celebrity",0.0,0.75,"Couples,Solo,Fans",1,20.0,4.0,0,Evening,Outdoor,False,False,False,General travel knowledge,https://images.unsplash.com/photo-1507525428034-b723cf961d3e?w=800&q=80
MUMBAI-070,Mount Mary Church Visit,Mumbai,Mumbai Suburban,Maharashtra,Mumbai,19.044,72.822,Religious,Basilica,"Hilltop Roman Catholic basilica overlooking the sea, centre of the popular annual Bandra Fair.","religious,heritage,coastal",0.0,0.5,"Pilgrims,Solo",1,20.0,4.0,0,Morning,Indoor-Outdoor,False,True,False,General travel knowledge,https://images.unsplash.com/photo-1609766857041-ed402ea8069a?w=800&q=80
MUMBAI-071,Bandra-Worli Sea Link Viewpoint,Mumbai,Mumbai Suburban,Maharashtra,Mumbai,19.027,72.818,Architecture,Modern Engineering Landmark,"Mumbai's iconic 5.6km cable-stayed sea bridge, best viewed from Worli or Bandra Fort vantage points.","architecture,iconic,photography,engineering",0.0,0.375,"Photographers,Solo",1,10.0,4.0,0,Evening (illuminated),Outdoor,False,False,False,General travel knowledge,https://images.unsplash.com/photo-1507525428034-b723cf961d3e?w=800&q=80
MUMBAI-072,Mehboob Studio Heritage Walk,Mumbai,Mumbai Suburban,Maharashtra,Mumbai,19.06,72.833,Culture,Film Studio,"Historic Bollywood film studio complex active since the 1950s, glimpsed from outside during a Bandra walk.","culture,film,heritage,local",0.0,0.375,Bollywood fans,1,10.0,4.0,0,Afternoon,Outdoor,False,False,True,General travel knowledge,https://images.unsplash.com/photo-1587474260584-136574528ed5?w=800&q=80
MUMBAI-073,Pali Village Heritage Bungalow Walk,Mumbai,Mumbai Suburban,Maharashtra,Mumbai,19.067,72.828,Heritage,Heritage Neighborhood,"Leafy Bandra lane of Portuguese-era bungalows, boutique cafes and independent design stores.","heritage,architecture,shopping,walk",0.0,1.25,"Couples,Photographers",1,10.0,4.0,0,Afternoon,Outdoor,False,False,True,General travel knowledge,https://images.unsplash.com/photo-1587474260584-136574528ed5?w=800&q=80
MUMBAI-074,Chapel Road Street Art Walk,Mumbai,Mumbai Suburban,Maharashtra,Mumbai,19.06,72.83,Art,Street Art District,Bandra lane transformed by Bollywood-themed murals under the 'Bollywood Art Project'.,"art,street art,photography,culture",0.0,0.75,"Photographers,Art lovers",1,10.0,4.0,0,Morning-Afternoon,Outdoor,False,False,True,General travel knowledge,https://images.unsplash.com/photo-1460661419201-fd4cecdf8a8b?w=800&q=80
MUMBAI-075,Carter Road Promenade Evening,Mumbai,Mumbai Suburban,Maharashtra,Mumbai,19.068,72.825,Coastal,Promenade,"Bandra's laid-back waterfront hangout with rocky shore seating, food carts, and sunset views.","coastal,local,walk,relaxation",0.0,1.25,"Couples,Groups,Families",1,20.0,4.0,0,Evening,Outdoor,False,False,False,General travel knowledge,https://images.unsplash.com/photo-1507525428034-b723cf961d3e?w=800&q=80
MUMBAI-076,Hill Road Bandra Shopping Street,Mumbai,Mumbai Suburban,Maharashtra,Mumbai,19.059,72.834,Shopping,Street Market,"Bandra's bustling shopping lane for street fashion, accessories and footwear at bargain prices.","shopping,street,local",0.0,1.0,"Shoppers,Solo",1,10.0,4.0,0,Afternoon-Evening,Outdoor,False,True,False,General travel knowledge,https://images.unsplash.com/photo-1533900298318-6b8da08a523e?w=800&q=80
MUMBAI-077,Khar Danda Fishing Village Walk,Mumbai,Mumbai Suburban,Maharashtra,Mumbai,19.065,72.828,Local Experience,Fishing Village,"Lesser-visited Koli fishing hamlet between Bandra and Khar, with a working jetty and simple seafood shacks.","local,culture,coastal,hidden,food",0.0,1.25,"Culture seekers,Foodies",1,8.0,4.0,0,Morning or evening,Outdoor,False,True,True,General travel knowledge,https://images.unsplash.com/photo-1507525428034-b723cf961d3e?w=800&q=80
MUMBAI-078,Juhu Beach Evening,Mumbai,Mumbai Suburban,Maharashtra,Mumbai,19.099,72.8265,Beach,City Beach,"One of Mumbai's most popular beaches, lined with pani-puri stalls, pony rides, and Bollywood bungalows nearby.","beach,family,street food,local",0.0,1.0,"Families,Groups",1,30.0,4.0,0,Evening,Outdoor,False,False,False,General travel knowledge,https://images.unsplash.com/photo-1507525428034-b723cf961d3e?w=800&q=80
MUMBAI-079,ISKCON Juhu Temple Visit,Mumbai,Mumbai Suburban,Maharashtra,Mumbai,19.103,72.829,Religious,Temple Complex,"Large Krishna temple complex with daily aarti, vegetarian restaurant, and cultural programs.","religious,culture,food",0.0,1.25,"Pilgrims,Families",1,30.0,4.0,0,Evening aarti,Indoor-Outdoor,False,False,False,General travel knowledge,https://images.unsplash.com/photo-1609766857041-ed402ea8069a?w=800&q=80
MUMBAI-080,Prithvi Theatre Cultural Evening,Mumbai,Mumbai Suburban,Maharashtra,Mumbai,19.1075,72.826,Culture,Theatre,"Iconic intimate theatre founded by the Kapoor family, staging Hindi and English plays with a beloved cafe.","culture,theatre,entertainment",400.0,2.25,"Theatre lovers,Couples",1,6.0,4.0,0,Evening shows,Indoor,True,False,False,General travel knowledge,https://images.unsplash.com/photo-1452860606245-08befc0ff44b?w=800&q=80
MUMBAI-081,Juhu Street Food Trail,Mumbai,Mumbai Suburban,Maharashtra,Mumbai,19.0995,72.827,Street Food,Food Walk,"Beachfront stalls serving pav bhaji, sev puri, and kulfi, a Mumbai evening ritual.","food,street food,beach,local",300.0,1.25,"Foodies,Families",1,10.0,4.0,0,Evening,Outdoor,False,True,False,General travel knowledge,https://images.unsplash.com/photo-1589301760014-d929f3979dbc?w=800&q=80
MUMBAI-082,Versova Beach Sunset,Mumbai,Mumbai Suburban,Maharashtra,Mumbai,19.131,72.813,Beach,City Beach,"A cleaned-up beach (thanks to a famous volunteer cleanup movement) with a laid-back, less crowded vibe.","beach,sunset,local,relaxation",0.0,1.25,"Couples,Solo",1,20.0,4.0,0,Sunset,Outdoor,False,False,False,General travel knowledge,https://images.unsplash.com/photo-1507525428034-b723cf961d3e?w=800&q=80
MUMBAI-083,Versova Fishing Village Walk,Mumbai,Mumbai Suburban,Maharashtra,Mumbai,19.133,72.81,Local Experience,Fishing Village,"Working Koli fishing community with boats, drying fish yards, and narrow lanes near Versova Beach.","local,culture,coastal,hidden",0.0,1.25,"Culture seekers,Photographers",1,8.0,4.0,0,Morning,Outdoor,False,True,True,General travel knowledge,https://images.unsplash.com/photo-1507525428034-b723cf961d3e?w=800&q=80
MUMBAI-084,Yari Road Nightlife Strip,Mumbai,Mumbai Suburban,Maharashtra,Mumbai,19.128,72.82,Nightlife,Bars & Lounges,"Andheri West's buzzing nightlife stretch near Versova, popular with the film and media crowd.","nightlife,entertainment,food",2000.0,2.0,"Groups,Young adults",2,10.0,4.0,0,Night,Indoor,True,False,False,General travel knowledge,https://images.unsplash.com/photo-1514525253161-7a46d19cd819?w=800&q=80
MUMBAI-085,Aksa Beach Getaway,Mumbai,Mumbai Suburban,Maharashtra,Mumbai,19.178,72.79,Beach,Quiet Beach,"Wide, relatively uncrowded beach near Malad, popular for picnics and occasional beach shacks.","beach,nature,family,relaxation",0.0,2.0,"Families,Groups",1,20.0,4.0,0,Morning-Evening,Outdoor,False,False,True,General travel knowledge,https://images.unsplash.com/photo-1507525428034-b723cf961d3e?w=800&q=80
MUMBAI-086,Madh Fort Exploration,Mumbai,Mumbai Suburban,Maharashtra,Mumbai,19.185,72.792,Fort,Coastal Fort Ruins,"Overgrown Portuguese-era fort ruins near Madh Island, reachable by a short ferry and rewarding for explorers.","fort,heritage,hidden,coastal",0.0,1.25,"Adventurers,Photographers",1,8.0,4.0,0,Morning-Afternoon,Outdoor,False,False,True,General travel knowledge,https://images.unsplash.com/photo-1599661046289-e31897846e41?w=800&q=80
MUMBAI-087,Global Vipassana Pagoda Visit,Mumbai,Mumbai Suburban,Maharashtra,Mumbai,19.217,72.8,Religious,Meditation Pagoda,"One of the world's largest stone domes, a golden meditation pagoda built without pillars, on Gorai creek.","religious,architecture,meditation,iconic",5.0,1.75,"Solo,Culture seekers,Families",1,30.0,4.0,0,Morning,Indoor-Outdoor,False,False,False,General travel knowledge,https://images.unsplash.com/photo-1609766857041-ed402ea8069a?w=800&q=80
MUMBAI-088,Gorai Beach & Boat Ride,Mumbai,Mumbai Suburban,Maharashtra,Mumbai,19.226,72.79,Boat Ride,Coastal Excursion,"Ferry crossing from Borivali to Gorai island followed by a quieter, less crowded beach.","boat ride,beach,coastal,family",50.0,2.0,"Families,Groups",1,20.0,4.0,0,Morning-Afternoon,Outdoor,False,False,False,General travel knowledge,https://images.unsplash.com/photo-1507525428034-b723cf961d3e?w=800&q=80
MUMBAI-089,Essel World & Water Kingdom Family Day,Mumbai,Mumbai Suburban,Maharashtra,Mumbai,19.21,72.799,Entertainment,Amusement Park,"Mumbai's largest amusement and water park, with rides for kids and adults alike.","entertainment,family,kids,rides",900.0,4.0,"Families,Kids,Groups",1,40.0,4.0,0,Full day,Outdoor,True,False,False,General travel knowledge,https://images.unsplash.com/photo-1507525428034-b723cf961d3e?w=800&q=80
MUMBAI-090,Sanjay Gandhi National Park Nature Trail,Mumbai,Mumbai Suburban,Maharashtra,Mumbai,19.2147,72.9106,Nature,National Park,"Sprawling forested national park within city limits, offering trails, a lake, and a mini toy train.","nature,wildlife,family,hiking",65.0,2.0,"Families,Nature lovers,Hikers",1,30.0,4.0,0,Morning,Outdoor,False,False,False,General travel knowledge,https://images.unsplash.com/photo-1506744038136-46273834b3fb?w=800&q=80
MUMBAI-091,Kanheri Caves Heritage Trek,Mumbai,Mumbai Suburban,Maharashtra,Mumbai,19.211,72.906,Heritage,Buddhist Rock-cut Caves,"109 rock-cut Buddhist caves dating to the 1st century BCE, set inside Sanjay Gandhi National Park.","heritage,hiking,history,nature",65.0,2.0,"History buffs,Hikers",1,20.0,4.0,0,Morning,Outdoor,False,False,False,General travel knowledge,https://images.unsplash.com/photo-1551632811-561732d1e306?w=800&q=80
MUMBAI-092,SGNP Lion & Tiger Safari,Mumbai,Mumbai Suburban,Maharashtra,Mumbai,19.213,72.908,Wildlife,Safari Park,Enclosed jungle safari within SGNP offering sightings of Asiatic lions and Bengal tigers from a bus.,"wildlife,family,safari",100.0,0.75,"Families,Kids",1,20.0,4.0,0,Morning-Afternoon,Outdoor,False,False,False,General travel knowledge,https://images.unsplash.com/photo-1534567153574-2b12153a87f0?w=800&q=80
MUMBAI-093,SGNP Toy Train Ride,Mumbai,Mumbai Suburban,Maharashtra,Mumbai,19.21,72.91,Family,Amusement Ride,"Short miniature train loop through the national park's greenery, a hit with younger children.","family,kids,nature",40.0,0.375,"Families,Kids",1,30.0,4.0,0,Morning-Afternoon,Outdoor,False,False,False,General travel knowledge,https://images.unsplash.com/photo-1507525428034-b723cf961d3e?w=800&q=80
MUMBAI-094,Mandapeshwar Caves Borivali,Mumbai,Mumbai Suburban,Maharashtra,Mumbai,19.236,72.856,Heritage,Rock-cut Caves,"Lesser-visited 6th-century rock-cut cave temple, later converted into a Portuguese church, tucked in a residential lane.","heritage,hidden,history",0.0,0.75,"History buffs,Photographers",1,8.0,4.0,0,Morning,Outdoor,False,False,True,General travel knowledge,https://images.unsplash.com/photo-1587474260584-136574528ed5?w=800&q=80
MUMBAI-095,Eksar Wetlands Bird Watching,Mumbai,Mumbai Suburban,Maharashtra,Mumbai,19.24,72.85,Wildlife,Wetland Bird Watching,"Community-conserved wetland patch in Borivali attracting herons, kingfishers and migratory waterfowl.","wildlife,bird watching,nature,hidden",0.0,1.0,"Bird watchers,Nature lovers",1,8.0,4.0,0,Early morning,Outdoor,False,False,True,General travel knowledge,https://images.unsplash.com/photo-1534567153574-2b12153a87f0?w=800&q=80
MUMBAI-096,Marve Beach Coastal Walk,Mumbai,Mumbai Suburban,Maharashtra,Mumbai,19.187,72.792,Beach,Quiet Beach,"Fishing-village-adjacent beach near Malad, a jump-off point for ferries to Manori and Gorai.","beach,coastal,local",0.0,1.25,"Families,Solo",1,15.0,4.0,0,Evening,Outdoor,False,False,True,General travel knowledge,https://images.unsplash.com/photo-1507525428034-b723cf961d3e?w=800&q=80
MUMBAI-097,Powai Lake Evening Walk,Mumbai,Mumbai Suburban,Maharashtra,Mumbai,19.126,72.905,Nature,Urban Lake,"Large artificial lake ringed by the IIT campus and Hiranandani Gardens, popular for evening strolls.","nature,walk,local,relaxation",0.0,0.75,"Couples,Families,Joggers",1,20.0,4.0,0,Evening,Outdoor,False,False,False,General travel knowledge,https://images.unsplash.com/photo-1506744038136-46273834b3fb?w=800&q=80
MUMBAI-098,IIT Bombay Campus Walk,Mumbai,Mumbai Suburban,Maharashtra,Mumbai,19.133,72.915,Culture,Academic Campus,"Leafy, deer-populated campus of India's premier engineering institute, open for casual public walks.","culture,nature,education,local",0.0,1.25,"Students,Nature lovers",1,15.0,4.0,0,Morning-Evening,Outdoor,False,False,True,General travel knowledge,https://images.unsplash.com/photo-1452860606245-08befc0ff44b?w=800&q=80
MUMBAI-099,Hiranandani Gardens Powai Architecture Walk,Mumbai,Mumbai Suburban,Maharashtra,Mumbai,19.117,72.906,Architecture,Planned Township,"Neoclassical-styled planned township with pastel facades, plazas and cafes, oddly reminiscent of a European town.","architecture,walk,shopping,photography",0.0,1.25,"Photographers,Couples",1,15.0,4.0,0,Evening,Outdoor,False,False,False,General travel knowledge,https://images.unsplash.com/photo-1507525428034-b723cf961d3e?w=800&q=80
MUMBAI-100,Powai Lake Boating,Mumbai,Mumbai Suburban,Maharashtra,Mumbai,19.125,72.907,Boat Ride,Lake Boating,"Paddle and motor boat rides on Powai Lake, a relaxed family activity with skyline views.","boat ride,family,nature",150.0,0.75,"Families,Couples",1,10.0,4.0,0,Evening,Outdoor,False,False,False,General travel knowledge,https://images.unsplash.com/photo-1507525428034-b723cf961d3e?w=800&q=80
MUMBAI-101,Film City Goregaon Studio Tour,Mumbai,Mumbai Suburban,Maharashtra,Mumbai,19.152,72.887,Entertainment,Film Studio Tour,Sprawling Bollywood film production complex with guided tours through iconic outdoor sets and gardens.,"entertainment,film,family,culture",400.0,2.0,"Bollywood fans,Families,Groups",2,20.0,4.0,0,Morning-Afternoon,Outdoor,True,False,False,General travel knowledge,https://images.unsplash.com/photo-1507525428034-b723cf961d3e?w=800&q=80
MUMBAI-102,Aarey Milk Colony Forest Trail,Mumbai,Mumbai Suburban,Maharashtra,Mumbai,19.15,72.88,Nature,Urban Forest,"Mumbai's green lung - a forested dairy colony with walking trails, dairy farms and leopard sightings possible.","nature,hiking,wildlife,family",0.0,2.0,"Nature lovers,Families,Hikers",1,15.0,4.0,0,Early morning,Outdoor,False,False,True,General travel knowledge,https://images.unsplash.com/photo-1506744038136-46273834b3fb?w=800&q=80
MUMBAI-103,Aarey Colony Bird & Nature Watching,Mumbai,Mumbai Suburban,Maharashtra,Mumbai,19.148,72.882,Wildlife,Bird Watching,"Quiet trails within Aarey favoured by local birders for spotting owls, kingfishers and butterflies.","wildlife,bird watching,nature,hidden",0.0,1.75,"Bird watchers,Nature lovers",1,8.0,4.0,0,Early morning,Outdoor,False,False,True,General travel knowledge,https://images.unsplash.com/photo-1506744038136-46273834b3fb?w=800&q=80
MUMBAI-104,Jogeshwari Caves Heritage Visit,Mumbai,Mumbai Suburban,Maharashtra,Mumbai,19.138,72.85,Heritage,Rock-cut Caves,"Among the oldest Hindu-Buddhist rock-cut caves in Mumbai, atmospheric but less maintained and lesser-visited.","heritage,hidden,history",0.0,0.75,"History buffs,Explorers",1,6.0,4.0,0,Morning,Outdoor,False,False,True,General travel knowledge,https://images.unsplash.com/photo-1587474260584-136574528ed5?w=800&q=80
MUMBAI-105,Lokhandwala Market Shopping,Mumbai,Mumbai Suburban,Maharashtra,Mumbai,19.13,72.829,Shopping,Street & Boutique Market,"Andheri West market strip mixing street stalls with trendy boutiques, popular with the young crowd.","shopping,local,street",0.0,1.25,"Shoppers,Young adults",1,10.0,4.0,0,Evening,Outdoor,False,False,False,General travel knowledge,https://images.unsplash.com/photo-1533900298318-6b8da08a523e?w=800&q=80
MUMBAI-106,Chembur Diamond Garden Evening,Mumbai,Mumbai Suburban,Maharashtra,Mumbai,19.062,72.9,Nature,Neighborhood Park,"Well-maintained neighbourhood garden with a diamond-shaped layout, popular for evening leisure and jogging.","park,local,family,relaxation",0.0,0.75,"Families,Locals",1,20.0,4.0,0,Evening,Outdoor,False,False,False,General travel knowledge,https://images.unsplash.com/photo-1506744038136-46273834b3fb?w=800&q=80
MUMBAI-107,Trombay Somnath Temple Visit,Mumbai,Mumbai Suburban,Maharashtra,Mumbai,19.03,72.92,Religious,Temple,"Historic hilltop Shiva temple in Trombay with a peaceful, less-touristed atmosphere.","religious,heritage,hidden",0.0,0.75,"Pilgrims,Solo",1,15.0,4.0,0,Morning,Indoor-Outdoor,False,False,True,General travel knowledge,https://images.unsplash.com/photo-1609766857041-ed402ea8069a?w=800&q=80
MUMBAI-108,Mulund Yogi Hills Nature Trail,Mumbai,Mumbai Suburban,Maharashtra,Mumbai,19.172,72.956,Nature,Hiking Trail,"Small hillock offering an easy nature trail and temple, popular with local weekend hikers.","nature,hiking,local,hidden",0.0,1.0,"Hikers,Nature lovers",1,15.0,4.0,0,Early morning,Outdoor,False,False,True,General travel knowledge,https://images.unsplash.com/photo-1551632811-561732d1e306?w=800&q=80
MUMBAI-109,Bhandup Pumping Station Bird Sanctuary,Mumbai,Mumbai Suburban,Maharashtra,Mumbai,19.15,72.94,Wildlife,Bird Watching,Wetland area beside a water pumping station known among birders for flamingos and wading birds.,"wildlife,bird watching,nature,hidden",0.0,1.75,"Bird watchers,Photographers",1,8.0,4.0,0,Early morning,Outdoor,True,False,True,General travel knowledge,https://images.unsplash.com/photo-1534567153574-2b12153a87f0?w=800&q=80
MUMBAI-110,Vikhroli Godrej Mangrove Boardwalk,Mumbai,Mumbai Suburban,Maharashtra,Mumbai,19.11,72.928,Nature,Mangrove Walk,"Guided boardwalk through a private mangrove reserve maintained by Godrej, rich in bird and crab life.","nature,wildlife,bird watching,hidden",200.0,1.75,"Nature lovers,Families",2,15.0,4.0,0,Morning,Outdoor,True,False,True,General travel knowledge,https://images.unsplash.com/photo-1506744038136-46273834b3fb?w=800&q=80
MUMBAI-111,Vihar Lake Nature Walk,Mumbai,Mumbai Suburban,Maharashtra,Mumbai,19.142,72.92,Nature,Reservoir Walk,"Forested lake within SGNP's buffer zone, a peaceful spot for walks and occasional bird sightings.","nature,walk,bird watching,hidden",0.0,1.25,"Nature lovers,Hikers",1,10.0,4.0,0,Morning,Outdoor,False,False,True,General travel knowledge,https://images.unsplash.com/photo-1506744038136-46273834b3fb?w=800&q=80
MUMBAI-112,Tulsi Lake Forest Walk,Mumbai,Mumbai Suburban,Maharashtra,Mumbai,19.2,72.902,Nature,Forest Lake,"Smaller, quieter reservoir inside SGNP surrounded by dense forest, favoured by serious trekkers.","nature,hiking,hidden",0.0,2.0,"Hikers,Nature lovers",1,10.0,4.0,0,Morning,Outdoor,False,False,True,General travel knowledge,https://images.unsplash.com/photo-1506744038136-46273834b3fb?w=800&q=80
MUMBAI-113,Andheri Infinity/Lokhandwala Nightlife Circuit,Mumbai,Mumbai Suburban,Maharashtra,Mumbai,19.131,72.828,Nightlife,Bars & Lounges,"Cluster of bars, pubs and live-music venues in Andheri/Lokhandwala popular with young professionals.","nightlife,entertainment,food",2200.0,2.0,"Groups,Young adults",2,10.0,4.0,0,Night,Indoor,True,False,False,General travel knowledge,https://images.unsplash.com/photo-1514525253161-7a46d19cd819?w=800&q=80
MUMBAI-114,Vile Parle Irla Street Food Lane,Mumbai,Mumbai Suburban,Maharashtra,Mumbai,19.099,72.846,Street Food,Food Walk,"Compact lane near Irla, Vile Parle, crowded nightly with chaat, Chinese and juice stalls.","food,street food,local",250.0,1.25,"Foodies,Groups",1,8.0,4.0,0,Evening-Night,Outdoor,False,True,False,General travel knowledge,https://images.unsplash.com/photo-1589301760014-d929f3979dbc?w=800&q=80
MUMBAI-115,Powai IIT Deer Park & Boating Combo,Mumbai,Mumbai Suburban,Maharashtra,Mumbai,19.13,72.908,Family,Combo Activity,"Half-day combo of a peaceful IIT campus stroll followed by lake boating, ideal for families with kids.","family,nature,boat ride",200.0,2.0,"Families,Kids",2,10.0,4.0,0,Evening,Outdoor,False,False,False,General travel knowledge,https://images.unsplash.com/photo-1507525428034-b723cf961d3e?w=800&q=80
MUMBAI-116,Bandra Kurla Complex Skyline Photography,Mumbai,Mumbai Suburban,Maharashtra,Mumbai,19.066,72.868,Photography,Modern Skyline,"Mumbai's planned business district with modern glass towers, striking for night skyline photography.","photography,architecture,modern",0.0,0.75,Photographers,1,10.0,4.0,0,Evening,Outdoor,False,False,False,General travel knowledge,https://images.unsplash.com/photo-1516035069371-29a1b244cc32?w=800&q=80
MUMBAI-117,Colaba Night Market & Cafe Hopping,Mumbai,Mumbai City,Maharashtra,Mumbai,18.9075,72.8145,Nightlife,Street & Cafe Circuit,"Evening circuit through Colaba's cafes, bars and pavement stalls, a favourite for solo travellers and backpackers.","nightlife,food,shopping,local",1000.0,2.0,"Solo,Groups,Backpackers",1,10.0,4.0,0,Night,Indoor-Outdoor,False,True,False,General travel knowledge,https://images.unsplash.com/photo-1554118811-1e0d58224f24?w=800&q=80
MUMBAI-118,Kite Flying at Girgaum Chowpatty,Mumbai,Mumbai City,Maharashtra,Mumbai,18.9547,72.8144,Local Experience,Recreational Activity,"Locals gather at the beach for kite flying, especially lively around Makar Sankranti in January.","local,family,recreation,seasonal",0.0,0.75,"Families,Kids",1,10.0,4.0,0,Afternoon,Outdoor,False,True,True,General travel knowledge,https://images.unsplash.com/photo-1507525428034-b723cf961d3e?w=800&q=80
MUMBAI-119,Byculla Heritage & Bhau Daji Lad Combo Walk,Mumbai,Mumbai City,Maharashtra,Mumbai,18.9758,72.833,Heritage,Combo Walking Tour,"Combined heritage walk covering Byculla's Victorian-era zoo gates, museum, and old railway workshop buildings.","heritage,museum,walk,family",50.0,2.25,"Families,Heritage seekers",2,15.0,4.0,0,Morning,Outdoor,False,False,False,General travel knowledge,https://images.unsplash.com/photo-1587474260584-136574528ed5?w=800&q=80
MUMBAI-120,Bandra Fish Market Morning Visit,Mumbai,Mumbai Suburban,Maharashtra,Mumbai,19.053,72.83,Local Experience,Fish Market,"Lively morning market where Koli women sell the day's catch, a slice of authentic old Bandra.","local,market,culture,food",0.0,0.75,"Culture seekers,Photographers",1,8.0,4.0,0,Early morning,Outdoor,False,True,True,General travel knowledge,https://images.unsplash.com/photo-1533900298318-6b8da08a523e?w=800&q=80
MUMBAI-121,Famous Studios Heritage Peek (Mahalaxmi),Mumbai,Mumbai City,Maharashtra,Mumbai,18.98,72.823,Culture,Film Studio,"One of India's oldest functioning film studios, its Art Deco gate a nod to Bollywood's golden era.","culture,film,heritage,hidden",0.0,0.25,Bollywood fans,1,10.0,4.0,0,Afternoon,Outdoor,False,False,True,General travel knowledge,https://images.unsplash.com/photo-1587474260584-136574528ed5?w=800&q=80
MUMBAI-122,Haji Ali Juice Centre Food Stop,Mumbai,Mumbai City,Maharashtra,Mumbai,18.98,72.811,Food,Iconic Food Stall,"Legendary roadside juice and fruit-cream stall near Haji Ali, a Mumbai institution since the 1960s.","food,street food,iconic,local",150.0,0.375,"Foodies,Families",1,10.0,4.0,0,Evening,Outdoor,False,True,False,General travel knowledge,https://images.unsplash.com/photo-1504674900247-0877df9cc836?w=800&q=80
MUMBAI-123,Mulund Nature Park,Mumbai,Mumbai Suburban,Maharashtra,Mumbai,19.175,72.949,Nature,Neighborhood Garden,"Quiet, well-landscaped suburban park good for a peaceful break with kids on a longer eastern-suburbs itinerary.","park,family,local",0.0,0.75,"Families,Locals",1,15.0,4.0,0,Evening,Outdoor,False,False,False,General travel knowledge,https://images.unsplash.com/photo-1506744038136-46273834b3fb?w=800&q=80
MUMBAI-124,Chembur Bhakti Park Riverside Walk,Mumbai,Mumbai Suburban,Maharashtra,Mumbai,19.055,72.902,Nature,Riverside Park,"Hilltop park with views over the Mithi river and mangroves, connected to the Ghatkopar-Mankhurd metro corridor.","nature,walk,local,hidden",0.0,0.75,"Locals,Photographers",1,15.0,4.0,0,Evening,Outdoor,False,False,True,General travel knowledge,https://images.unsplash.com/photo-1506744038136-46273834b3fb?w=800&q=80
MUMBAI-125,Sion Fort Heritage Climb,Mumbai,Mumbai Suburban,Maharashtra,Mumbai,19.043,72.862,Fort,Hilltop Fort Ruins,"Small British-era fort ruin atop Sion hillock, offering a quick heritage detour with city views.","fort,heritage,hidden,photography",0.0,0.75,"Photographers,Heritage seekers",1,8.0,4.0,0,Evening,Outdoor,False,False,True,General travel knowledge,https://images.unsplash.com/photo-1599661046289-e31897846e41?w=800&q=80
MUMBAI-126,Matunga Parsi Colony Heritage Walk,Mumbai,Mumbai City,Maharashtra,Mumbai,19.025,72.842,Heritage,Heritage Neighborhood,"Well-preserved early-20th-century Parsi housing colony with distinct architecture and quiet, tree-lined streets.","heritage,architecture,walk,hidden",0.0,0.75,"Photographers,Heritage seekers",1,8.0,4.0,0,Morning,Outdoor,False,False,True,General travel knowledge,https://images.unsplash.com/photo-1587474260584-136574528ed5?w=800&q=80
MUMBAI-127,Dadar Parsi Colony Cycling/Walking Loop,Mumbai,Mumbai City,Maharashtra,Mumbai,19.023,72.844,Local Experience,Neighborhood Loop,"Calm residential loop popular with early-morning cyclists and walkers, dotted with old bungalows.","local,walk,hidden,family",0.0,0.75,"Locals,Joggers",1,15.0,4.0,0,Early morning,Outdoor,False,False,True,General travel knowledge,https://images.unsplash.com/photo-1507525428034-b723cf961d3e?w=800&q=80
MUMBAI-128,Andheri Metro Art Wall Photography Stop,Mumbai,Mumbai Suburban,Maharashtra,Mumbai,19.1197,72.8468,Art,Public Art,"Colorful commissioned murals along parts of the Andheri metro corridor, a quick stop for urban photography.","art,street art,photography,hidden",0.0,0.375,Photographers,1,8.0,4.0,0,Afternoon,Outdoor,False,False,True,General travel knowledge,https://images.unsplash.com/photo-1460661419201-fd4cecdf8a8b?w=800&q=80
MUMBAI-129,Goregaon Aarey Dairy Farm Visit,Mumbai,Mumbai Suburban,Maharashtra,Mumbai,19.155,72.879,Family,Working Dairy,Government dairy colony where visitors can view milking operations and buy fresh dairy products.,"family,local,nature",0.0,0.75,"Families,Kids",1,15.0,4.0,0,Morning,Outdoor,False,False,True,General travel knowledge,https://images.unsplash.com/photo-1507525428034-b723cf961d3e?w=800&q=80
MUMBAI-130,Powai Waterfront Cafe & Craft Market Evening,Mumbai,Mumbai Suburban,Maharashtra,Mumbai,19.12,72.908,Shopping,Weekend Market,Lakeside promenade lined with cafes hosting occasional weekend flea and craft markets.,"shopping,food,local,evening",0.0,1.25,"Couples,Groups",1,10.0,4.0,0,Evening,Outdoor,False,False,False,General travel knowledge,https://images.unsplash.com/photo-1554118811-1e0d58224f24?w=800&q=80
MUMBAI-131,Kandivali Charkop Beach Walk (Erangal),Mumbai,Mumbai Suburban,Maharashtra,Mumbai,19.195,72.787,Beach,Quiet Beach,"Peaceful stretch of sand near Madh Island backed by a small church and fishing hamlet, off the usual circuit.","beach,hidden,coastal,local",0.0,1.25,"Solo,Couples,Photographers",1,10.0,4.0,0,Morning-Evening,Outdoor,False,False,True,General travel knowledge,https://images.unsplash.com/photo-1507525428034-b723cf961d3e?w=800&q=80
MUMBAI-132,Malad Marve-Manori Ferry Boat Ride,Mumbai,Mumbai Suburban,Maharashtra,Mumbai,19.19,72.793,Boat Ride,Coastal Ferry,"Short creek-crossing ferry between Marve and Manori villages, a fun low-cost coastal excursion.","boat ride,coastal,local,family",20.0,0.75,"Families,Adventurers",1,20.0,4.0,0,Morning-Evening,Outdoor,False,False,True,General travel knowledge,https://images.unsplash.com/photo-1507525428034-b723cf961d3e?w=800&q=80
MUMBAI-133,Goregaon Film City Nature Trail,Mumbai,Mumbai Suburban,Maharashtra,Mumbai,19.155,72.89,Nature,Wooded Trail,Forested trails within the Film City compound offering birdwatching away from the studio sets.,"nature,hiking,bird watching,hidden",0.0,1.0,"Nature lovers,Hikers",1,10.0,4.0,0,Morning,Outdoor,False,False,True,General travel knowledge,https://images.unsplash.com/photo-1506744038136-46273834b3fb?w=800&q=80
MUMBAI-134,Sion-Koliwada Local Market Walk,Mumbai,Mumbai Suburban,Maharashtra,Mumbai,19.04,72.863,Market,Neighborhood Market,"Everyday local market street in Sion, offering a slice of non-touristy Mumbai shopping and snacking.","market,local,food,hidden",0.0,0.75,"Locals,Culture seekers",1,8.0,4.0,0,Morning-Afternoon,Outdoor,False,True,True,General travel knowledge,https://images.unsplash.com/photo-1533900298318-6b8da08a523e?w=800&q=80
MUMBAI-135,Worli Sea Face Evening Walk,Mumbai,Mumbai City,Maharashtra,Mumbai,19.01,72.817,Coastal,Promenade,"A calmer alternative to Marine Drive, this Worli promenade offers Sea Link views without the crowds.","coastal,walk,relaxation,local",0.0,0.75,"Couples,Solo",1,15.0,4.0,0,Evening,Outdoor,False,False,False,Local travel knowledge,https://images.unsplash.com/photo-1507525428034-b723cf961d3e?w=800&q=80
MUMBAI-136,Mahim Dargah Visit,Mumbai,Mumbai City,Maharashtra,Mumbai,19.04,72.839,Religious,Dargah,"Revered Sufi shrine of Makhdoom Shah Baba near Mahim Bay, drawing devotees of all faiths.","religious,heritage,local",0.0,0.5,"Pilgrims,Solo",1,15.0,4.0,0,Thursday evenings busiest,Indoor-Outdoor,False,True,False,Local travel knowledge,https://images.unsplash.com/photo-1609766857041-ed402ea8069a?w=800&q=80
MUMBAI-137,Kanjurmarg Wetlands Bird Watching,Mumbai,Mumbai Suburban,Maharashtra,Mumbai,19.13,72.935,Wildlife,Wetland Bird Watching,Lesser-known mudflats along the eastern coast attracting waders and occasional flamingos in winter.,"wildlife,bird watching,hidden,nature",0.0,1.0,Bird watchers,1,6.0,4.0,0,Early morning,Outdoor,False,False,True,Local travel knowledge,https://images.unsplash.com/photo-1534567153574-2b12153a87f0?w=800&q=80
MUMBAI-138,Ghatkopar Local Sweets & Snacks Trail,Mumbai,Mumbai Suburban,Maharashtra,Mumbai,19.086,72.908,Street Food,Food Walk,"Everyday Gujarati and Marwari snack lane in Ghatkopar, popular with locals for farsan and sweets.","food,street food,local,hidden",200.0,1.25,"Foodies,Locals",1,8.0,4.0,0,Evening,Outdoor,False,True,True,Local travel knowledge,https://images.unsplash.com/photo-1589301760014-d929f3979dbc?w=800&q=80
MUMBAI-139,Vashi-adjacent Belapur Fort Day Trip,Mumbai,Mumbai Suburban,Maharashtra,Mumbai,19.017,73.035,Fort,Hill Fort,"Ruined hilltop fort near the Thane creek edge of Mumbai Suburban, a good add-on for those near Panvel.","fort,heritage,hiking,hidden",0.0,2.0,"Hikers,Heritage seekers",1,10.0,4.0,0,Morning,Outdoor,False,False,True,Local travel knowledge,https://images.unsplash.com/photo-1599661046289-e31897846e41?w=800&q=80
MUMBAI-140,Kurla Nehru Nagar Local Market Walk,Mumbai,Mumbai Suburban,Maharashtra,Mumbai,19.07,72.879,Market,Neighborhood Market,"Everyday residential market street offering an authentic, non-touristy Mumbai shopping experience.","market,local,hidden",0.0,0.75,"Locals,Culture seekers",1,8.0,4.0,0,Morning-Afternoon,Outdoor,False,True,True,Local travel knowledge,https://images.unsplash.com/photo-1533900298318-6b8da08a523e?w=800&q=80
MUMBAI-141,Bandra Reclamation Skate Park Visit,Mumbai,Mumbai Suburban,Maharashtra,Mumbai,19.05,72.825,Family,Recreation Park,"Popular public skate park along the Bandra reclamation, active with skaters and BMX riders in the evenings.","family,recreation,local,hidden",0.0,0.75,"Kids,Teens",1,15.0,4.0,0,Evening,Outdoor,False,False,True,Local travel knowledge,https://images.unsplash.com/photo-1507525428034-b723cf961d3e?w=800&q=80
MUMBAI-142,Sewri Mangrove Kayaking,Mumbai,Mumbai City,Maharashtra,Mumbai,19.002,72.856,Nature,Kayaking,"Guided kayak trips through Sewri's mangrove creeks, combining mild adventure with birdlife spotting.","nature,kayaking,adventure,hidden",1500.0,2.0,"Adventurers,Nature lovers",2,10.0,4.0,0,"Early morning, high tide",Outdoor,True,False,True,Local travel knowledge,https://images.unsplash.com/photo-1506744038136-46273834b3fb?w=800&q=80
MUMBAI-143,Colaba Harbour Sunset Photography Walk,Mumbai,Mumbai City,Maharashtra,Mumbai,18.92,72.833,Photography,Coastal Walk,"Guided or self-led photo walk capturing Gateway of India, Taj Hotel, and harbour boats at golden hour.","photography,coastal,sunset,heritage",0.0,1.25,Photographers,1,10.0,4.0,0,Sunset,Outdoor,False,False,False,Local travel knowledge,https://images.unsplash.com/photo-1507525428034-b723cf961d3e?w=800&q=80
MUMBAI-144,Byculla Parsi Agiary Heritage Exterior Walk,Mumbai,Mumbai City,Maharashtra,Mumbai,18.975,72.828,Religious,Heritage Architecture,"Walk past historic Zoroastrian fire temple exteriors in Byculla/Fort, notable for understated colonial-era design (exterior viewing only, as entry is restricted to Parsis).","religious,heritage,architecture,hidden",0.0,0.5,Heritage seekers,1,8.0,4.0,0,Morning,Outdoor,False,False,True,Local travel knowledge,https://images.unsplash.com/photo-1609766857041-ed402ea8069a?w=800&q=80
MUMBAI-145,Girgaon Wadi Heritage Photography Walk,Mumbai,Mumbai City,Maharashtra,Mumbai,18.955,72.816,Photography,Heritage Walk,Photo walk through Girgaon's cluster of 'wadis' - old Marathi residential courtyards with wooden houses.,"photography,heritage,hidden,local",0.0,1.25,"Photographers,Heritage seekers",1,8.0,4.0,0,Morning,Outdoor,False,True,True,Local travel knowledge,https://images.unsplash.com/photo-1587474260584-136574528ed5?w=800&q=80
MUMBAI-146,Colaba Sunday Flea & Antique Stalls,Mumbai,Mumbai City,Maharashtra,Mumbai,18.908,72.815,Shopping,Weekend Flea Market,"Weekend pavement stalls near Colaba selling vintage cameras, books, and collectibles.","shopping,antiques,local,weekend",0.0,1.25,"Shoppers,Collectors",1,10.0,4.0,0,Sunday morning,Outdoor,False,True,False,Local travel knowledge,https://images.unsplash.com/photo-1533900298318-6b8da08a523e?w=800&q=80
MUMBAI-147,Worli BDD Chawl Heritage Walk,Mumbai,Mumbai City,Maharashtra,Mumbai,19.005,72.822,Heritage,Working-Class Heritage,"Walk through century-old British-built chawl housing blocks, a slice of Mumbai's working-class urban history.","heritage,local,hidden,culture",0.0,0.75,"Culture seekers,Heritage seekers",1,8.0,4.0,0,Morning,Outdoor,False,False,True,Local travel knowledge,https://images.unsplash.com/photo-1587474260584-136574528ed5?w=800&q=80
MUMBAI-148,Powai Skywalk Sunset Photography,Mumbai,Mumbai Suburban,Maharashtra,Mumbai,19.12,72.91,Photography,Skyline Viewpoint,Elevated pedestrian skywalk near Powai offering unobstructed views for sunset and skyline photography.,"photography,sunset,hidden",0.0,0.5,Photographers,1,10.0,4.0,0,Sunset,Outdoor,False,False,True,Local travel knowledge,https://images.unsplash.com/photo-1516035069371-29a1b244cc32?w=800&q=80
MUMBAI-149,Andheri Sahar Gaothan Heritage Walk,Mumbai,Mumbai Suburban,Maharashtra,Mumbai,19.105,72.862,Heritage,Village Heritage,"One of Mumbai's original 'gaothans' (village settlements), predating the airport that now surrounds it.","heritage,local,hidden,culture",0.0,0.75,"Culture seekers,Photographers",1,6.0,4.0,0,Morning,Outdoor,False,False,True,Local travel knowledge,https://images.unsplash.com/photo-1587474260584-136574528ed5?w=800&q=80
MUMBAI-150,Juhu Aviation Vintage Airfield Viewing,Mumbai,Mumbai Suburban,Maharashtra,Mumbai,19.098,72.836,Culture,Heritage Airfield,"India's first licensed airport (1928), still used for flying clubs; view vintage aircraft from the perimeter.","culture,aviation,hidden,history",0.0,0.5,Aviation enthusiasts,1,8.0,4.0,0,Morning,Outdoor,False,False,True,Local travel knowledge,https://images.unsplash.com/photo-1587474260584-136574528ed5?w=800&q=80
MUMBAI-151,Mazgaon Docks Photography Stop,Mumbai,Mumbai City,Maharashtra,Mumbai,18.967,72.845,Photography,Working Harbour,"Views of naval dockyard cranes and ships from public vantage points near Mazgaon, striking for industrial photography.","photography,hidden,coastal",0.0,0.5,Photographers,1,6.0,4.0,0,Morning,Outdoor,False,False,True,Local travel knowledge,https://images.unsplash.com/photo-1516035069371-29a1b244cc32?w=800&q=80
MUMBAI-152,Cotton Green Heritage Warehouses Walk,Mumbai,Mumbai City,Maharashtra,Mumbai,18.98,72.842,Heritage,Industrial Heritage,"Walk past century-old cotton trade warehouses near Cotton Green station, remnants of Mumbai's textile boom.","heritage,architecture,hidden",0.0,0.75,"Heritage seekers,Photographers",1,6.0,4.0,0,Morning,Outdoor,False,False,True,Local travel knowledge,https://images.unsplash.com/photo-1587474260584-136574528ed5?w=800&q=80
MUMBAI-153,Marine Drive Art Deco Building Photography Tour,Mumbai,Mumbai City,Maharashtra,Mumbai,18.944,72.8235,Architecture,Art Deco Tour,Guided or self-led tour of the UNESCO-recognized Art Deco apartment buildings lining Marine Drive.,"architecture,art deco,photography,unesco",0.0,1.25,"Architecture buffs,Photographers",1,15.0,4.0,0,Morning or evening,Outdoor,False,False,False,Local travel knowledge,https://images.unsplash.com/photo-1460661419201-fd4cecdf8a8b?w=800&q=80
MUMBAI-154,Bandra Mount Mary Fair (Seasonal),Mumbai,Mumbai Suburban,Maharashtra,Mumbai,19.044,72.822,Culture,Religious Fair,"Week-long street fair around Mount Mary Church with stalls, rides, and a festive multi-faith crowd.","culture,religious,seasonal,family",0.0,2.0,"Families,Groups",1,30.0,4.0,0,Evening,Outdoor,False,True,False,Local travel knowledge,https://images.unsplash.com/photo-1452860606245-08befc0ff44b?w=800&q=80
MUMBAI-155,Colaba Cotton Green Antique Furniture Restoration Workshop Visit,Mumbai,Mumbai City,Maharashtra,Mumbai,18.96,72.8305,Workshop,Craft Workshop,Small family-run workshops near Chor Bazaar where craftsmen restore antique furniture using traditional techniques.,"workshop,craft,hidden,culture",0.0,0.75,"Culture seekers,Collectors",1,6.0,4.0,0,Morning-Afternoon,Indoor,False,True,True,Local travel knowledge,https://images.unsplash.com/photo-1507525428034-b723cf961d3e?w=800&q=80
MUMBAI-156,Dadar Kabutar Khana Local Life Stop,Mumbai,Mumbai City,Maharashtra,Mumbai,19.017,72.842,Local Experience,Street Life,"Famous pigeon-feeding square in Dadar, a slice of everyday Mumbai street life and photography.","local,photography,hidden",0.0,0.375,"Photographers,Locals",1,10.0,4.0,0,Morning,Outdoor,False,False,True,Local travel knowledge,https://images.unsplash.com/photo-1507525428034-b723cf961d3e?w=800&q=80
MUMBAI-157,Powai Craft Beer Trail,Mumbai,Mumbai Suburban,Maharashtra,Mumbai,19.118,72.908,Nightlife,Brewery Tour,"Powai's cluster of microbreweries and taprooms, a relaxed evening option away from South Mumbai crowds.","nightlife,food,local",1800.0,2.0,"Groups,Couples",2,10.0,4.0,0,Evening,Indoor,True,False,False,Local travel knowledge,https://images.unsplash.com/photo-1514525253161-7a46d19cd819?w=800&q=80
RAIGAD-001,Raigad Fort,Raigad,Raigad,Maharashtra,Konkan,18.235,73.44,Heritage,Fort,"Hilltop fort and former capital of Chhatrapati Shivaji Maharaj, reachable by ropeway or a steep trek of ~1400 steps",fort;heritage;history;trekking,25.0,4.0,Families;History buffs;Trekkers,1,20.0,4.0,0,Oct-Feb,Outdoor,False,True,False,ASI/MTDC,https://images.unsplash.com/photo-1599661046289-e31897846e41?w=800&q=80
RAIGAD-003,Kashid Beach,Kashid,Raigad,Maharashtra,Konkan,18.44,72.89,Nature,Beach,"White-sand beach flanked by casuarina groves, known for cleaner waters than nearby beaches",beach;swimming;photography;sunset,0.0,3.0,Families;Couples;Photographers,1,30.0,4.0,0,Oct-Mar,Outdoor,False,True,False,MTDC,https://images.unsplash.com/photo-1507525428034-b723cf961d3e?w=800&q=80
RAIGAD-004,Nagaon Beach,Nagaon,Raigad,Maharashtra,Konkan,18.625,72.85,Nature,Beach,"Long sandy beach popular for horse rides, camel rides and casual water sports near Alibag",beach;water sports;family;horse riding,0.0,3.0,Families;Kids,1,30.0,4.0,0,Oct-Mar,Outdoor,False,True,False,MTDC,https://images.unsplash.com/photo-1507525428034-b723cf961d3e?w=800&q=80
RAIGAD-005,Kihim Beach,Kihim,Raigad,Maharashtra,Konkan,18.66,72.87,Nature,Beach,"Quiet, less-crowded beach backed by mango and chikoo orchards, favored for peaceful walks",beach;quiet;nature walk;photography,0.0,2.0,Couples;Solo travellers,1,20.0,4.0,0,Oct-Mar,Outdoor,False,True,True,Local tourism board,https://images.unsplash.com/photo-1507525428034-b723cf961d3e?w=800&q=80
RAIGAD-007,Alibag Beach,Alibag,Raigad,Maharashtra,Konkan,18.6414,72.8722,Nature,Beach,"Main town beach of Alibag with grey sand, food stalls, horse and buggy rides",beach;local food;family;sunset,0.0,2.0,Families,1,30.0,4.0,0,Oct-Mar,Outdoor,False,True,False,Local tourism,https://images.unsplash.com/photo-1507525428034-b723cf961d3e?w=800&q=80
RAIGAD-008,Revdanda Fort,Revdanda,Raigad,Maharashtra,Konkan,18.547,72.928,Heritage,Fort,Ruined Portuguese-era coastal fort near the mouth of the Kundalika river,fort;heritage;ruins;photography,0.0,1.5,History buffs;Photographers,1,20.0,4.0,0,Oct-Mar,Outdoor,False,True,True,ASI,https://images.unsplash.com/photo-1599661046289-e31897846e41?w=800&q=80
RAIGAD-009,Bom Jesus Church Revdanda,Revdanda,Raigad,Maharashtra,Konkan,18.546,72.927,Heritage,Church/Heritage,"16th-century Portuguese church ruins near Revdanda, remnant of old Chaul settlement",heritage;church;ruins;history,0.0,1.0,History buffs,1,20.0,4.0,0,Oct-Mar,Outdoor,False,True,True,Local heritage records,https://images.unsplash.com/photo-1587474260584-136574528ed5?w=800&q=80
RAIGAD-010,Chaul Heritage Site,Revdanda,Raigad,Maharashtra,Konkan,18.55,72.92,Heritage,Ancient Town Ruins,"Ruins of the ancient port town of Chaul, with scattered temple and church remains from multiple eras",heritage;ruins;history;walk,0.0,2.0,History buffs,1,15.0,4.0,0,Oct-Mar,Outdoor,False,True,True,Local heritage records,https://images.unsplash.com/photo-1587474260584-136574528ed5?w=800&q=80
RAIGAD-011,Korlai Fort,Korlai,Raigad,Maharashtra,Konkan,18.533,72.92,Heritage,Fort,Hilltop Portuguese fort with a lighthouse and views over the Korlai fishing village and coastline,fort;heritage;lighthouse;viewpoint,0.0,2.0,Photographers;History buffs,1,15.0,4.0,0,Oct-Mar,Outdoor,False,True,True,Local heritage records,https://images.unsplash.com/photo-1599661046289-e31897846e41?w=800&q=80
RAIGAD-012,Devkund Waterfall Trek,Bhira,Raigad,Maharashtra,Konkan,18.345,73.47,Adventure,Trek to Waterfall,Moderate trek through Kuda village to a tiered waterfall pool near Bhira dam backwaters,waterfall;trekking;monsoon;swimming,0.0,4.0,Trekkers;Adventure seekers,2,15.0,4.0,0,Jun-Sep,Outdoor,False,True,False,Local trek groups,https://images.unsplash.com/photo-1432405972618-c60b0225b8f9?w=800&q=80
RAIGAD-013,Kundalika River Rafting,Kolad,Raigad,Maharashtra,Konkan,18.39,73.39,Adventure,White-water Rafting,One of Maharashtra's most popular rafting stretches on the dam-released Kundalika river,rafting;water sports;adventure;river,800.0,2.5,Adventure seekers;Groups,4,12.0,4.0,0,Jun-Feb (dam release dependent),Outdoor,True,True,False,Kolad rafting operators,https://images.unsplash.com/photo-1533130061792-64b345e4a833?w=800&q=80
RAIGAD-014,Kolad Kayaking,Kolad,Raigad,Maharashtra,Konkan,18.385,73.385,Adventure,Kayaking,Kayaking sessions on the calmer stretches of the Kundalika river near Kolad village,kayaking;water sports;river;beginner friendly,500.0,1.5,Beginners;Families,1,10.0,4.0,0,Oct-May,Outdoor,True,True,False,Kolad adventure operators,https://images.unsplash.com/photo-1533130061792-64b345e4a833?w=800&q=80
RAIGAD-015,Kolad Riverside Camping,Kolad,Raigad,Maharashtra,Konkan,18.38,73.38,Adventure,Camping,"Tent camping along the Kundalika riverbanks, often combined with rafting and bonfire evenings",camping;river;bonfire;adventure,1200.0,12.0,Groups;Adventure seekers,2,20.0,4.0,0,Oct-Feb,Outdoor,True,True,False,Kolad camp operators,https://images.unsplash.com/photo-1533130061792-64b345e4a833?w=800&q=80
RAIGAD-016,Tamhini Ghat Waterfalls,Tamhini,Raigad,Maharashtra,Konkan,18.44,73.43,Nature,Waterfall/Scenic Drive,Monsoon ghat road lined with numerous cascading waterfalls and dense greenery,waterfall;monsoon;scenic drive;photography,0.0,3.0,Photographers;Families,1,20.0,4.0,0,Jun-Sep,Outdoor,False,True,False,MTDC,https://images.unsplash.com/photo-1432405972618-c60b0225b8f9?w=800&q=80
RAIGAD-017,Sarasgad Fort Trek,Pali,Raigad,Maharashtra,Konkan,18.51,73.32,Adventure,Fort Trek,"Compact hill fort trek near Pali with a distinctive pinnacle rock, good for a half-day climb",fort;trekking;heritage;viewpoint,0.0,4.0,Trekkers,2,15.0,4.0,0,Oct-Feb,Outdoor,False,True,True,Local trek groups,https://images.unsplash.com/photo-1599661046289-e31897846e41?w=800&q=80
RAIGAD-018,Ballaleshwar Ganpati Temple,Pali,Raigad,Maharashtra,Konkan,18.515,73.33,Culture,Temple,"One of the Ashtavinayak temples, dedicated to Lord Ganesha, in Pali town",temple;pilgrimage;heritage;Ashtavinayak,0.0,1.5,Pilgrims;Families,1,30.0,4.0,0,Year-round,Outdoor/Indoor,False,True,False,MTDC,https://images.unsplash.com/photo-1609766857041-ed402ea8069a?w=800&q=80
RAIGAD-019,Sudhagad Fort Trek,Pali,Raigad,Maharashtra,Konkan,18.56,73.38,Adventure,Fort Trek,"Historic fort trek near Pali village, popular with monsoon trekking groups",fort;trekking;monsoon;heritage,0.0,6.0,Trekkers,3,15.0,4.0,0,Jun-Feb,Outdoor,False,True,True,Local trek groups,https://images.unsplash.com/photo-1599661046289-e31897846e41?w=800&q=80
RAIGAD-020,Irshalgad Trek,Chowk,Raigad,Maharashtra,Konkan,18.995,73.22,Adventure,Fort/Pinnacle Trek,"Steep trek to a narrow rocky pinnacle near Khopoli, popular for its dramatic summit ridge",trekking;fort;adventure;viewpoint,0.0,6.0,Experienced trekkers,3,12.0,4.0,0,Oct-Feb,Outdoor,False,True,False,Local trek groups,https://images.unsplash.com/photo-1551632811-561732d1e306?w=800&q=80
RAIGAD-021,Kondana Caves,Karjat,Raigad,Maharashtra,Konkan,18.97,73.39,Heritage,Ancient Caves,2nd-century BCE Buddhist rock-cut caves near Karjat with carved pillars and a stupa,caves;heritage;history;trekking,25.0,3.0,History buffs;Trekkers,1,15.0,4.0,0,Oct-Feb,Outdoor,False,True,True,ASI,https://images.unsplash.com/photo-1587474260584-136574528ed5?w=800&q=80
RAIGAD-022,Kondane Waterfall Trek,Karjat,Raigad,Maharashtra,Konkan,18.98,73.38,Nature,Waterfall Trek,"Trek to a tall monsoon waterfall near Kondana caves, popular weekend outing from Karjat",waterfall;trekking;monsoon;photography,0.0,4.0,Trekkers;Families,2,15.0,4.0,0,Jun-Sep,Outdoor,False,True,False,Local trek groups,https://images.unsplash.com/photo-1432405972618-c60b0225b8f9?w=800&q=80
RAIGAD-023,Kothaligad (Peth) Fort Trek,Karjat,Raigad,Maharashtra,Konkan,18.99,73.46,Adventure,Fort Trek,"Fort trek with a rock-cut cave chamber near the summit, near Karjat's Ambivali village",fort;trekking;caves;adventure,0.0,5.0,Trekkers,3,15.0,4.0,0,Oct-Feb,Outdoor,False,True,False,Local trek groups,https://images.unsplash.com/photo-1599661046289-e31897846e41?w=800&q=80
RAIGAD-024,Peb Fort Trek,Neral,Raigad,Maharashtra,Konkan,19.03,73.31,Adventure,Fort Trek,"Popular short fort trek near Neral/Matheran, suitable for beginners",fort;trekking;beginner friendly,0.0,4.0,Beginners;Trekkers,2,15.0,4.0,0,Oct-Feb,Outdoor,False,True,False,Local trek groups,https://images.unsplash.com/photo-1599661046289-e31897846e41?w=800&q=80
RAIGAD-025,Rajmachi Fort Trek,Karjat,Raigad,Maharashtra,Konkan,18.77,73.49,Adventure,Fort Trek,Overnight-friendly trek through Sahyadri forests to twin forts (Shrivardhan and Manaranjan),fort;trekking;camping;overnight trek,0.0,8.0,Experienced trekkers,4,20.0,4.0,0,Oct-Feb,Outdoor,False,True,False,Local trek groups,https://images.unsplash.com/photo-1599661046289-e31897846e41?w=800&q=80
RAIGAD-026,Bhivpuri Waterfall,Bhivpuri,Raigad,Maharashtra,Konkan,18.96,73.33,Nature,Waterfall,"Roadside monsoon waterfall near Bhivpuri railway station, easy access from Karjat",waterfall;monsoon;family;easy access,0.0,1.5,Families,1,20.0,4.0,0,Jun-Sep,Outdoor,False,True,False,Local tourism,https://images.unsplash.com/photo-1432405972618-c60b0225b8f9?w=800&q=80
RAIGAD-027,Matheran Toy Train Ride,Matheran,Raigad,Maharashtra,Konkan,18.986,73.27,Heritage,Heritage Railway,UNESCO-recognized narrow-gauge toy train climbing from Neral to Matheran hill station,heritage;train;scenic;photography,470.0,2.0,Families;Photographers,1,6.0,4.0,0,Oct-Mar,Outdoor,True,True,False,Central Railway,https://images.unsplash.com/photo-1587474260584-136574528ed5?w=800&q=80
RAIGAD-028,Matheran Panorama Point,Matheran,Raigad,Maharashtra,Konkan,18.99,73.27,Nature,Viewpoint,"Popular sunrise/sunset viewpoint overlooking the Sahyadri valleys, vehicle-free hill station",viewpoint;sunset;sunrise;photography,0.0,1.5,Photographers;Families,1,20.0,4.0,0,Oct-Mar,Outdoor,False,True,False,MTDC,https://images.unsplash.com/photo-1506744038136-46273834b3fb?w=800&q=80
RAIGAD-029,Matheran Echo Point,Matheran,Raigad,Maharashtra,Konkan,18.98,73.265,Nature,Viewpoint,"Valley viewpoint known for its echo effect, a classic Matheran stop",viewpoint;echo;family;photography,0.0,1.0,Families,1,20.0,4.0,0,Oct-Mar,Outdoor,False,True,False,MTDC,https://images.unsplash.com/photo-1506744038136-46273834b3fb?w=800&q=80
RAIGAD-030,Matheran One Tree Hill Point,Matheran,Raigad,Maharashtra,Konkan,18.975,73.26,Nature,Viewpoint,Scenic viewpoint reached by a short walk or horse ride through red-earth trails,viewpoint;nature walk;horse riding;photography,0.0,1.5,Families;Nature lovers,1,20.0,4.0,0,Oct-Mar,Outdoor,False,True,False,MTDC,https://images.unsplash.com/photo-1551632811-561732d1e306?w=800&q=80
RAIGAD-031,Charlotte Lake Matheran,Matheran,Raigad,Maharashtra,Konkan,18.982,73.268,Nature,Lake,"Small freshwater lake in Matheran, a quiet spot for a nature walk",lake;nature walk;photography,0.0,1.0,Nature lovers,1,20.0,4.0,0,Oct-Mar,Outdoor,False,True,False,MTDC,https://images.unsplash.com/photo-1506744038136-46273834b3fb?w=800&q=80
RAIGAD-032,Matheran Horse Riding,Matheran,Raigad,Maharashtra,Konkan,18.986,73.27,Adventure,Horse Riding,Guided horse rides through Matheran's vehicle-free red laterite trails to various viewpoints,horse riding;family;adventure;heritage town,300.0,2.0,Families;Kids,1,4.0,4.0,0,Oct-Mar,Outdoor,False,True,False,Local horse-ride operators,https://images.unsplash.com/photo-1533130061792-64b345e4a833?w=800&q=80
RAIGAD-033,Adlabs Imagica Theme Park,Khopoli,Raigad,Maharashtra,Konkan,18.795,73.265,Family,Theme Park,"Large amusement and water park near Khopoli with rides, shows, and a resort",theme park;family;rides;water park,1500.0,8.0,Families;Kids;Groups,1,50.0,4.0,0,Year-round,Outdoor/Indoor,True,False,False,Adlabs Imagica,https://images.unsplash.com/photo-1507525428034-b723cf961d3e?w=800&q=80
RAIGAD-034,Bhira Dam Backwaters,Bhira,Raigad,Maharashtra,Konkan,18.35,73.46,Nature,Reservoir,"Scenic dam backwaters near Bhira village, a starting point for the Devkund waterfall trek",dam;backwaters;nature;photography,0.0,2.0,Nature lovers;Photographers,1,20.0,4.0,0,Oct-Feb,Outdoor,False,True,False,MTDC,https://images.unsplash.com/photo-1506744038136-46273834b3fb?w=800&q=80
RAIGAD-035,Phansad Wildlife Sanctuary,Murud,Raigad,Maharashtra,Konkan,18.12,73.03,Nature,Wildlife Sanctuary,"Coastal deciduous forest sanctuary near Murud, home to barking deer, langurs and varied birdlife",wildlife;bird watching;nature trail;sanctuary,50.0,3.0,Nature lovers;Bird watchers,1,20.0,4.0,0,Oct-Feb,Outdoor,False,True,False,Maharashtra Forest Dept,https://images.unsplash.com/photo-1506744038136-46273834b3fb?w=800&q=80
RAIGAD-036,Diveagar Beach,Diveagar,Raigad,Maharashtra,Konkan,17.97,73.05,Nature,Beach,"Clean, quiet beach in Shrivardhan taluka known for its Suvarna Ganesh temple nearby",beach;quiet;family;temple,0.0,3.0,Families;Couples,1,20.0,4.0,0,Oct-Mar,Outdoor,False,True,False,MTDC,https://images.unsplash.com/photo-1507525428034-b723cf961d3e?w=800&q=80
RAIGAD-037,Suvarna Ganesh Temple,Diveagar,Raigad,Maharashtra,Konkan,17.97,73.05,Culture,Temple,"Temple housing a gold Ganesh idol discovered in the village, near Diveagar beach",temple;heritage;pilgrimage,0.0,1.0,Pilgrims;Families,1,30.0,4.0,0,Year-round,Indoor,False,True,False,Local temple trust,https://images.unsplash.com/photo-1609766857041-ed402ea8069a?w=800&q=80
RAIGAD-038,Shrivardhan Beach,Shrivardhan,Raigad,Maharashtra,Konkan,18.035,73.025,Nature,Beach,"Coastal town beach with fishing boats, calmer than Alibag's more touristy beaches",beach;fishing village;local culture,0.0,2.0,Families,1,20.0,4.0,0,Oct-Mar,Outdoor,False,True,False,MTDC,https://images.unsplash.com/photo-1507525428034-b723cf961d3e?w=800&q=80
RAIGAD-039,Harihareshwar Beach and Temple,Harihareshwar,Raigad,Maharashtra,Konkan,17.985,73.01,Culture,Beach/Temple,"Pilgrim town with a Shiva temple on a rocky headland and a scenic beach, called 'Dakshin Kashi'",temple;beach;pilgrimage;scenic,0.0,3.0,Pilgrims;Families,1,25.0,4.0,0,Oct-Mar,Outdoor,False,True,False,MTDC,https://images.unsplash.com/photo-1507525428034-b723cf961d3e?w=800&q=80
RAIGAD-040,Murud Beach,Murud,Raigad,Maharashtra,Konkan,18.33,72.97,Nature,Beach,"Town beach at Murud offering views toward Janjira fort, with camel rides and local snack stalls",beach;family;local food;photography,0.0,2.0,Families,1,25.0,4.0,0,Oct-Mar,Outdoor,False,True,False,MTDC,https://images.unsplash.com/photo-1507525428034-b723cf961d3e?w=800&q=80
RAIGAD-041,Ahmadganj Palace (Nawab Palace) Murud,Murud,Raigad,Maharashtra,Konkan,18.328,72.968,Heritage,Palace,"19th-century palace of the Nawab of Janjira in Murud town, viewed from outside",heritage;palace;history;photography,0.0,1.0,History buffs;Photographers,1,15.0,4.0,0,Oct-Mar,Outdoor,False,True,True,Local heritage records,https://images.unsplash.com/photo-1587474260584-136574528ed5?w=800&q=80
RAIGAD-042,Rajapuri Jetty Boat Ride,Murud,Raigad,Maharashtra,Konkan,18.008,72.955,Adventure,Boat Ride,"Sailboat crossing point for Murud-Janjira fort, with views of the fishing harbour",boat ride;fishing village;heritage;photography,60.0,1.0,Families,1,15.0,4.0,0,Oct-Mar,Outdoor,False,True,False,Local boat operators,https://images.unsplash.com/photo-1533130061792-64b345e4a833?w=800&q=80
RAIGAD-043,Kashid Village Seafood Shacks,Kashid,Raigad,Maharashtra,Konkan,18.44,72.89,Food,Seafood,"Beachside shacks serving Malvani-Konkani seafood thalis, fried fish and prawn curry",seafood;local food;Konkani cuisine,400.0,1.5,Foodies;Families,1,10.0,4.0,0,Oct-May,Outdoor,False,True,False,Local restaurants,https://images.unsplash.com/photo-1504674900247-0877df9cc836?w=800&q=80
RAIGAD-044,Alibag Seafood Trail,Alibag,Raigad,Maharashtra,Konkan,18.6414,72.8722,Food,Seafood,"Local eateries around Alibag serving fresh catch — surmai, bombil, and pomfret preparations",seafood;local food;Konkani cuisine,500.0,2.0,Foodies,1,10.0,4.0,0,Year-round,Indoor/Outdoor,False,True,False,Local restaurants,https://images.unsplash.com/photo-1504674900247-0877df9cc836?w=800&q=80
RAIGAD-045,Alibag Chikoo (Sapota) Farm Visit,Alibag,Raigad,Maharashtra,Konkan,18.66,72.88,Agritourism,Farm Visit,"Guided visits to chikoo orchards around Alibag, a region famous for the fruit",farm;agritourism;local produce;family,300.0,2.0,Families;Nature lovers,2,15.0,4.0,0,Nov-Feb,Outdoor,True,True,True,Local farm operators,https://images.unsplash.com/photo-1507525428034-b723cf961d3e?w=800&q=80
RAIGAD-046,Kihim Mango and Chikoo Orchard Walk,Kihim,Raigad,Maharashtra,Konkan,18.66,72.87,Agritourism,Orchard Walk,"Walks through coastal orchards behind Kihim beach, part of local homestay experiences",farm;orchard;nature walk;local culture,200.0,1.5,Nature lovers,2,15.0,4.0,0,Nov-Mar,Outdoor,True,True,True,Local homestay hosts,https://images.unsplash.com/photo-1507525428034-b723cf961d3e?w=800&q=80
RAIGAD-047,Murud Coconut and Betel-nut Plantation Walk,Murud,Raigad,Maharashtra,Konkan,18.33,72.97,Agritourism,Plantation Walk,Walking tour through coastal coconut and areca-nut plantations around Murud,plantation;agritourism;nature walk,200.0,1.5,Nature lovers,2,12.0,4.0,0,Year-round,Outdoor,True,True,True,Local farm hosts,https://images.unsplash.com/photo-1507525428034-b723cf961d3e?w=800&q=80
RAIGAD-048,Kolad Village Homestay Experience,Kolad,Raigad,Maharashtra,Konkan,18.385,73.38,Homestay,Homestay,Farm-style homestays in Kolad village offering local meals and river-side ambience,homestay;local food;river;village life,1500.0,24.0,Couples;Families,1,6.0,4.0,0,Oct-Feb,Outdoor/Indoor,True,True,True,Local homestay operators,https://images.unsplash.com/photo-1507525428034-b723cf961d3e?w=800&q=80
RAIGAD-049,Kashid Konkani Homestay,Kashid,Raigad,Maharashtra,Konkan,18.44,72.89,Homestay,Homestay,Family-run homestays near Kashid beach offering Konkani meals and a quieter village stay,homestay;local food;beach;village life,2000.0,24.0,Couples;Families,1,6.0,4.0,0,Oct-May,Outdoor/Indoor,True,True,True,Local homestay operators,https://images.unsplash.com/photo-1507525428034-b723cf961d3e?w=800&q=80
RAIGAD-050,Karjat Farmhouse Stay,Karjat,Raigad,Maharashtra,Konkan,18.91,73.32,Homestay,Farmstay,"Weekend farmhouse stays near Karjat with pool, bonfire, and rural surroundings, popular for group getaways",farmstay;group getaway;bonfire;pool,3000.0,24.0,Groups;Friends,4,30.0,4.0,0,Year-round,Outdoor/Indoor,True,False,False,Local farmhouse operators,https://images.unsplash.com/photo-1507525428034-b723cf961d3e?w=800&q=80
RAIGAD-051,Diveagar Coastal Homestay,Diveagar,Raigad,Maharashtra,Konkan,17.97,73.05,Homestay,Homestay,Beachside homestays in Diveagar offering traditional Konkani hospitality and meals,homestay;local food;beach;village life,1800.0,24.0,Couples;Families,1,6.0,4.0,0,Oct-Mar,Outdoor/Indoor,True,True,True,Local homestay operators,https://images.unsplash.com/photo-1507525428034-b723cf961d3e?w=800&q=80
RAIGAD-052,Nagaon Fishing Village Walk,Nagaon,Raigad,Maharashtra,Konkan,18.625,72.85,Culture,Village Experience,"Guided walk through a working fishing village near Nagaon beach, observing daily catch and boat activity",village life;fishing;local culture;photography,0.0,1.5,Photographers;Culture enthusiasts,1,10.0,4.0,0,Early morning,Outdoor,False,True,True,Local guides,https://images.unsplash.com/photo-1452860606245-08befc0ff44b?w=800&q=80
RAIGAD-053,Revdanda Fishing Village Experience,Revdanda,Raigad,Maharashtra,Konkan,18.547,72.928,Culture,Village Experience,"Walk through Revdanda's fishing community, with views of boats and daily catch sorting at the harbour",village life;fishing;local culture,0.0,1.5,Culture enthusiasts,1,10.0,4.0,0,Early morning,Outdoor,False,True,True,Local guides,https://images.unsplash.com/photo-1452860606245-08befc0ff44b?w=800&q=80
RAIGAD-054,Murud Local Market Walk,Murud,Raigad,Maharashtra,Konkan,18.328,72.968,Culture,Local Market,"Small-town bazaar walk in Murud with local produce, snacks and handicrafts",local culture;handicrafts;local food;market,0.0,1.0,Culture enthusiasts,1,15.0,4.0,0,Daily,Outdoor,False,True,True,Local tourism,https://images.unsplash.com/photo-1533900298318-6b8da08a523e?w=800&q=80
RAIGAD-055,Alibag Handicraft and Coir Products Shopping,Alibag,Raigad,Maharashtra,Konkan,18.6414,72.8722,Culture,Handicrafts,"Local shops selling coir products, shell craft and Konkani snacks around Alibag market",handicrafts;shopping;local culture,0.0,1.5,Shoppers,1,20.0,4.0,0,Daily,Indoor/Outdoor,False,True,False,Local tourism,https://images.unsplash.com/photo-1452860606245-08befc0ff44b?w=800&q=80
RAIGAD-056,Kashid White Sand Sunrise Photography,Kashid,Raigad,Maharashtra,Konkan,18.44,72.89,Photography,Sunrise Photography,"Early morning photography session on Kashid's white-sand beach, known for soft light and low crowds",photography;sunrise;beach,0.0,1.5,Photographers,1,10.0,4.0,0,Oct-Mar,Outdoor,False,True,False,Local guides,https://images.unsplash.com/photo-1516035069371-29a1b244cc32?w=800&q=80
RAIGAD-057,Kolaba Fort Sunset Photography Walk,Alibag,Raigad,Maharashtra,Konkan,18.638,72.856,Photography,Sunset Photography,"Sunset photo walk across the tidal path to Kolaba fort, with silhouette shots against the sea",photography;sunset;fort;heritage,0.0,2.0,Photographers,1,10.0,4.0,0,Low tide; Oct-Mar,Outdoor,False,True,False,Local guides,https://images.unsplash.com/photo-1599661046289-e31897846e41?w=800&q=80
RAIGAD-058,Matheran Sunset Point Photography,Matheran,Raigad,Maharashtra,Konkan,18.988,73.265,Photography,Sunset Photography,"Popular sunset viewpoint in Matheran with layered valley views, best on clear winter evenings",photography;sunset;viewpoint,0.0,1.5,Photographers,1,15.0,4.0,0,Oct-Mar,Outdoor,False,True,False,MTDC,https://images.unsplash.com/photo-1516035069371-29a1b244cc32?w=800&q=80
RAIGAD-059,Karjat Ulhas River Bird Watching,Karjat,Raigad,Maharashtra,Konkan,18.91,73.32,Nature,Bird Watching,Riverside and farmland stretches near Karjat attracting wintering waterbirds and local species,bird watching;nature;river;photography,0.0,2.0,Bird watchers,1,10.0,4.0,0,Nov-Feb,Outdoor,False,True,True,Local birding groups,https://images.unsplash.com/photo-1506744038136-46273834b3fb?w=800&q=80
RAIGAD-060,Phansad Sanctuary Bird Watching Trail,Murud,Raigad,Maharashtra,Konkan,18.12,73.03,Nature,Bird Watching,Forest trail inside Phansad sanctuary popular with birders for hornbills and forest species,bird watching;wildlife;nature trail,50.0,3.0,Bird watchers,1,15.0,4.0,0,Nov-Feb,Outdoor,False,True,False,Maharashtra Forest Dept,https://images.unsplash.com/photo-1506744038136-46273834b3fb?w=800&q=80
RAIGAD-061,Alibag Parasailing,Alibag,Raigad,Maharashtra,Konkan,18.64,72.87,Adventure,Water Sports,Parasailing sessions offered on Alibag/Nagaon beach stretch during the tourist season,parasailing;water sports;adventure,1500.0,0.5,Adventure seekers,1,4.0,4.0,0,Oct-May,Outdoor,True,False,False,Local water sports operators,https://images.unsplash.com/photo-1544551763-46a013bb70d5?w=800&q=80
RAIGAD-062,Nagaon Jet Skiing,Nagaon,Raigad,Maharashtra,Konkan,18.625,72.85,Adventure,Water Sports,"Jet-ski rides along Nagaon beach, one of the more active water-sports beaches near Alibag",jet ski;water sports;adventure,1000.0,0.5,Adventure seekers,1,2.0,4.0,0,Oct-May,Outdoor,True,False,False,Local water sports operators,https://images.unsplash.com/photo-1544551763-46a013bb70d5?w=800&q=80
RAIGAD-063,Kashid Banana Boat Ride,Kashid,Raigad,Maharashtra,Konkan,18.44,72.89,Adventure,Water Sports,Group banana-boat rides offered along Kashid's calmer waters,banana boat;water sports;family,500.0,0.5,Families;Groups,4,8.0,4.0,0,Oct-May,Outdoor,True,False,False,Local water sports operators,https://images.unsplash.com/photo-1544551763-46a013bb70d5?w=800&q=80
RAIGAD-064,Akshi Beach,Alibag,Raigad,Maharashtra,Konkan,18.61,72.86,Nature,Beach,"Quieter beach south of Alibag town, popular for a peaceful evening walk",beach;quiet;walk,0.0,1.5,Couples;Solo travellers,1,20.0,4.0,0,Oct-Mar,Outdoor,False,True,True,Local tourism,https://images.unsplash.com/photo-1507525428034-b723cf961d3e?w=800&q=80
RAIGAD-065,Awas Beach,Alibag,Raigad,Maharashtra,Konkan,18.65,72.88,Nature,Beach,"Small, uncrowded beach near Alibag lined with casuarina trees",beach;quiet;photography,0.0,1.5,Couples;Photographers,1,15.0,4.0,0,Oct-Mar,Outdoor,False,True,True,Local tourism,https://images.unsplash.com/photo-1507525428034-b723cf961d3e?w=800&q=80
RAIGAD-066,Varsoli Beach,Alibag,Raigad,Maharashtra,Konkan,18.63,72.865,Nature,Beach,"Local beach near Alibag with a small Someshwar temple, favored by nearby villagers",beach;temple;local culture,0.0,1.5,Families,1,20.0,4.0,0,Oct-Mar,Outdoor,False,True,True,Local tourism,https://images.unsplash.com/photo-1507525428034-b723cf961d3e?w=800&q=80
RAIGAD-067,Someshwar Temple Varsoli,Alibag,Raigad,Maharashtra,Konkan,18.63,72.865,Culture,Temple,Small coastal Shiva temple at Varsoli beach near Alibag,temple;heritage;pilgrimage,0.0,0.5,Pilgrims,1,20.0,4.0,0,Year-round,Outdoor,False,True,True,Local temple trust,https://images.unsplash.com/photo-1609766857041-ed402ea8069a?w=800&q=80
RAIGAD-068,Mandwa Beach,Mandwa,Raigad,Maharashtra,Konkan,18.75,72.84,Nature,Beach,"Ferry-arrival beach point near Mumbai, popular for day-trippers and jetty-side food stalls",beach;ferry;family,0.0,1.5,Families,1,25.0,4.0,0,Oct-Mar,Outdoor,False,True,False,MTDC,https://images.unsplash.com/photo-1507525428034-b723cf961d3e?w=800&q=80
RAIGAD-069,Khandeshwari Devi Temple,Karjat,Raigad,Maharashtra,Konkan,18.91,73.33,Culture,Temple,"Local hilltop devi temple near Karjat town, a small pilgrimage and viewpoint stop",temple;pilgrimage;viewpoint,0.0,1.0,Pilgrims,1,20.0,4.0,0,Year-round,Outdoor,False,True,True,Local temple trust,https://images.unsplash.com/photo-1609766857041-ed402ea8069a?w=800&q=80
RAIGAD-070,Palasdari Waterfall,Khopoli,Raigad,Maharashtra,Konkan,18.78,73.2,Nature,Waterfall,"Monsoon waterfall near Khopoli, a local picnic and short-trek spot",waterfall;monsoon;picnic;family,0.0,2.0,Families,1,15.0,4.0,0,Jun-Sep,Outdoor,False,True,True,Local tourism,https://images.unsplash.com/photo-1432405972618-c60b0225b8f9?w=800&q=80
RAIGAD-071,Sandshi Waterfall,Khopoli,Raigad,Maharashtra,Konkan,18.76,73.22,Nature,Waterfall,"Roadside seasonal waterfall near Khopoli, accessible with a short walk",waterfall;monsoon;family,0.0,1.5,Families,1,15.0,4.0,0,Jun-Sep,Outdoor,False,True,True,Local tourism,https://images.unsplash.com/photo-1432405972618-c60b0225b8f9?w=800&q=80
RAIGAD-072,Chanderi Fort Trek,Karjat,Raigad,Maharashtra,Konkan,19.0,73.44,Adventure,Fort Trek,Technical fort trek near Karjat known for a rock-climbing patch near the summit,fort;trekking;rock climbing;adventure,0.0,6.0,Experienced trekkers,3,12.0,4.0,0,Oct-Feb,Outdoor,False,True,False,Local trek groups,https://images.unsplash.com/photo-1599661046289-e31897846e41?w=800&q=80
RAIGAD-073,Sondai Fort Trek,Karjat,Raigad,Maharashtra,Konkan,18.95,73.42,Adventure,Fort Trek,"Short but steep fort trek near Karjat, popular as a half-day climb",fort;trekking,0.0,4.0,Trekkers,2,12.0,4.0,0,Oct-Feb,Outdoor,False,True,False,Local trek groups,https://images.unsplash.com/photo-1599661046289-e31897846e41?w=800&q=80
RAIGAD-074,Matheran Nature Trail Walk,Matheran,Raigad,Maharashtra,Konkan,18.986,73.27,Nature,Nature Trail,Guided forest walks along Matheran's red laterite paths through shola-type vegetation,nature trail;walk;photography;wildlife,0.0,2.0,Nature lovers,1,15.0,4.0,0,Oct-Mar,Outdoor,False,True,False,Local guides,https://images.unsplash.com/photo-1506744038136-46273834b3fb?w=800&q=80
RAIGAD-075,Garbett Point Matheran,Matheran,Raigad,Maharashtra,Konkan,18.975,73.26,Nature,Viewpoint,"Viewpoint offering wide valley views, quieter than the main Matheran tourist points",viewpoint;photography;quiet,0.0,1.0,Photographers,1,15.0,4.0,0,Oct-Mar,Outdoor,False,True,True,MTDC,https://images.unsplash.com/photo-1506744038136-46273834b3fb?w=800&q=80
RAIGAD-076,Louisa Point Matheran,Matheran,Raigad,Maharashtra,Konkan,18.97,73.26,Nature,Viewpoint,"Cliff-edge viewpoint near Matheran overlooking the Sahyadri ranges, close to the Prabalgad plateau",viewpoint;photography;sunset,0.0,1.5,Photographers,1,15.0,4.0,0,Oct-Mar,Outdoor,False,True,False,MTDC,https://images.unsplash.com/photo-1506744038136-46273834b3fb?w=800&q=80
RAIGAD-077,Kihim Village Homestay Cooking Experience,Kihim,Raigad,Maharashtra,Konkan,18.66,72.87,Food,Cooking Experience,Home-cooked Konkani thali experience hosted by local families near Kihim beach,local food;cooking experience;homestay;Konkani cuisine,600.0,2.0,Foodies;Families,1,8.0,4.0,0,Year-round,Indoor,True,True,True,Local homestay hosts,https://images.unsplash.com/photo-1504674900247-0877df9cc836?w=800&q=80
RAIGAD-078,Murud Malvani Seafood Thali,Murud,Raigad,Maharashtra,Konkan,18.328,72.968,Food,Seafood,Malvani-style seafood thalis served at family-run eateries in Murud town,seafood;local food;Konkani cuisine,350.0,1.5,Foodies,1,10.0,4.0,0,Year-round,Indoor,False,True,False,Local restaurants,https://images.unsplash.com/photo-1504674900247-0877df9cc836?w=800&q=80
RAIGAD-079,Revdanda Kingfish and Bombil Fry Tasting,Revdanda,Raigad,Maharashtra,Konkan,18.547,72.928,Food,Seafood,Local eateries near Revdanda harbour known for fresh kingfish and Bombay-duck fry,seafood;local food;Konkani cuisine,300.0,1.5,Foodies,1,10.0,4.0,0,Year-round,Indoor,False,True,True,Local restaurants,https://images.unsplash.com/photo-1504674900247-0877df9cc836?w=800&q=80
RAIGAD-080,Karjat Local Vada Pav and Misal Trail,Karjat,Raigad,Maharashtra,Konkan,18.91,73.32,Food,Street Food,Popular roadside eateries in Karjat known among trekkers for misal pav and vada pav,street food;local food;trekkers stop,100.0,1.0,Trekkers;Foodies,1,10.0,4.0,0,Year-round,Outdoor,False,True,False,Local eateries,https://images.unsplash.com/photo-1589301760014-d929f3979dbc?w=800&q=80
RAIGAD-081,Roha Modak and Sweets Tasting,Roha,Raigad,Maharashtra,Konkan,18.44,73.11,Food,Local Sweets,Local sweet shops in Roha known for traditional Konkani modaks and other festive sweets,local food;sweets;Konkani cuisine,150.0,1.0,Foodies,1,10.0,4.0,0,Year-round,Indoor,False,True,True,Local sweet shops,https://images.unsplash.com/photo-1504674900247-0877df9cc836?w=800&q=80
RAIGAD-082,Alibag Sunset Camel Ride,Alibag,Raigad,Maharashtra,Konkan,18.6414,72.8722,Family,Beach Activity,"Camel rides along Alibag beach during sunset hours, a classic family activity",camel ride;beach;family;sunset,200.0,0.5,Families;Kids,1,4.0,4.0,0,Oct-Mar,Outdoor,False,False,False,Local operators,https://images.unsplash.com/photo-1507525428034-b723cf961d3e?w=800&q=80
RAIGAD-083,Nagaon Horse and Buggy Ride,Nagaon,Raigad,Maharashtra,Konkan,18.625,72.85,Family,Beach Activity,Horse and bullock-cart rides along Nagaon beach popular with families and children,horse riding;beach;family,150.0,0.5,Families;Kids,1,4.0,4.0,0,Oct-Mar,Outdoor,False,False,False,Local operators,https://images.unsplash.com/photo-1507525428034-b723cf961d3e?w=800&q=80
RAIGAD-084,Khopoli Bhutivali Dam Picnic Spot,Khopoli,Raigad,Maharashtra,Konkan,18.81,73.22,Nature,Picnic Spot,"Small dam and picnic area near Khopoli, popular for a short family outing",picnic;family;nature;dam,0.0,2.0,Families,1,20.0,4.0,0,Oct-Feb,Outdoor,False,True,False,Local tourism,https://images.unsplash.com/photo-1506744038136-46273834b3fb?w=800&q=80
RAIGAD-085,Roha Kundalika Backwater Boating,Roha,Raigad,Maharashtra,Konkan,18.44,73.11,Adventure,Boating,"Boating on the Kundalika river backwaters near Roha, calmer than the Kolad rafting stretch",boating;river;nature;photography,300.0,1.5,Families;Nature lovers,2,10.0,4.0,0,Oct-Feb,Outdoor,True,True,True,Local boat operators,https://images.unsplash.com/photo-1533130061792-64b345e4a833?w=800&q=80
RAIGAD-086,Kashid Casuarina Grove Nature Walk,Kashid,Raigad,Maharashtra,Konkan,18.44,72.89,Nature,Nature Trail,Shaded walking trail through casuarina groves bordering Kashid beach,nature trail;walk;photography,0.0,1.0,Nature lovers,1,15.0,4.0,0,Oct-Mar,Outdoor,False,True,True,Local tourism,https://images.unsplash.com/photo-1506744038136-46273834b3fb?w=800&q=80
RAIGAD-087,Chikni Beach Alibag,Alibag,Raigad,Maharashtra,Konkan,18.645,72.875,Nature,Beach,"Small, calm cove near Alibag town, less crowded than the main Alibag beach",beach;quiet;photography,0.0,1.5,Couples,1,15.0,4.0,0,Oct-Mar,Outdoor,False,True,True,Local tourism,https://images.unsplash.com/photo-1507525428034-b723cf961d3e?w=800&q=80
RAIGAD-088,Poynad Farm Stay and Agritourism,Poynad,Raigad,Maharashtra,Konkan,18.69,73.03,Agritourism,Farmstay,Rural farmstay near Poynad offering paddy field walks and traditional Konkani farm life,farmstay;agritourism;village life;paddy fields,2000.0,24.0,Families;Groups,2,15.0,4.0,0,Jun-Feb,Outdoor/Indoor,True,True,True,Local farmstay operators,https://images.unsplash.com/photo-1507525428034-b723cf961d3e?w=800&q=80
RAIGAD-089,Nagothane Rural Temple Circuit,Nagothane,Raigad,Maharashtra,Konkan,18.53,73.12,Culture,Temple Circuit,"Small cluster of local temples in and around Nagothane town, off the main tourist circuit",temple;heritage;local culture;hidden gem,0.0,2.0,Pilgrims;Culture enthusiasts,1,15.0,4.0,0,Year-round,Outdoor,False,True,True,Local temple trust,https://images.unsplash.com/photo-1609766857041-ed402ea8069a?w=800&q=80
RAIGAD-090,Mangaon Ambedkar Bhavan Heritage Site,Mangaon,Raigad,Maharashtra,Konkan,18.24,73.2,Heritage,Historic Site,"Site associated with the 1920 Mangaon Parishad, an important venue in Dr. Ambedkar's early movement",heritage;history;social history,0.0,1.0,History buffs,1,20.0,4.0,0,Year-round,Outdoor,False,True,True,Local heritage records,https://images.unsplash.com/photo-1587474260584-136574528ed5?w=800&q=80
RAIGAD-091,Roha-Nagothane Mangrove Backwaters,Roha,Raigad,Maharashtra,Konkan,18.47,73.09,Nature,Mangroves/Bird Watching,"Tidal creek and mangrove stretch near Roha/Nagothane, home to herons, kingfishers and waders",mangroves;bird watching;nature;boating,0.0,2.0,Bird watchers;Nature lovers,1,10.0,4.0,0,Nov-Feb,Outdoor,False,True,True,Local boat operators,https://images.unsplash.com/photo-1506744038136-46273834b3fb?w=800&q=80
RAIGAD-092,Murud Janjira Local Handicraft Stalls,Murud,Raigad,Maharashtra,Konkan,18.328,72.968,Culture,Handicrafts,"Small stalls near Janjira jetty selling shell craft, dried fish and local souvenirs",handicrafts;souvenirs;local culture,0.0,1.0,Shoppers,1,15.0,4.0,0,Daily,Outdoor,False,True,True,Local vendors,https://images.unsplash.com/photo-1452860606245-08befc0ff44b?w=800&q=80
RAIGAD-093,Kashid to Murud Coastal Scenic Drive,Kashid,Raigad,Maharashtra,Konkan,18.4,72.92,Nature,Scenic Drive,Coastal road stretch between Kashid and Murud with sea views and small fishing hamlets,scenic drive;photography;coastal,0.0,1.5,Photographers;Road trippers,1,20.0,4.0,0,Oct-Mar,Outdoor,False,True,False,Local tourism,https://images.unsplash.com/photo-1506744038136-46273834b3fb?w=800&q=80
RAIGAD-094,Dive Agar Backwater Bird Watching,Diveagar,Raigad,Maharashtra,Konkan,17.975,73.045,Nature,Bird Watching,"Backwater stretch near Diveagar visited by egrets, kingfishers and migratory waders in winter",bird watching;backwaters;nature,0.0,1.5,Bird watchers,1,10.0,4.0,0,Nov-Feb,Outdoor,False,True,True,Local guides,https://images.unsplash.com/photo-1506744038136-46273834b3fb?w=800&q=80
RAIGAD-095,Alibag Local Fish Market Visit,Alibag,Raigad,Maharashtra,Konkan,18.642,72.873,Culture,Market Experience,"Early-morning fish market near Alibag jetty, offering an authentic look at the local catch trade",fish market;local culture;photography,0.0,1.0,Photographers;Foodies,1,10.0,4.0,0,Early morning,Outdoor,False,True,True,Local market,https://images.unsplash.com/photo-1533900298318-6b8da08a523e?w=800&q=80
DEL-158,Secret Rooftop Sitar Concert in Old Delhi,Delhi,,,,28.6507,77.2334,Music & Nightlife,Classical Music,An intimate acoustic sitar performance overlooking the Jama Masjid rooftops.,Music; Sitar; Heritage; Concert,1200.0,2.0,Couples; Art Lovers,1,10.0,4.0,0,,Flexible,False,True,True,dataset,https://images.unsplash.com/photo-1514525253161-7a46d19cd819?w=800&q=80
