experience_id,experience_name,city,district,state,region,latitude,longitude,category,sub_category,description,tags,price_inr,duration_hours,best_for,min_group_size,max_group_size,rating,review_count,best_time,season,indoor_outdoor,booking_required,advance_booking_days,availability,accessibility,local_experience,hidden_gem,estimated_travel_time_from_city_center,estimated_travel_time_from_panvel,source_name,source_url,last_verified,price_inr_clean,duration_hours_clean,advance_booking_days_clean,travel_time_city_center_min,travel_time_panvel_hrs,travel_dist_panvel_km,local_experience_bool,hidden_gem_bool,booking_required_detail,booking_required_bool,indoor_outdoor_clean,rating_missing,review_count_missing,max_group_size_missing,image_url,image_note
DELHI-001,Red Fort (Lal Qila),Delhi,Central Delhi,NCT of Delhi,Delhi_NCR,28.6562,77.241,Heritage,Mughal Monument,"17th-century Mughal fortress and UNESCO World Heritage Site, former seat of Mughal emperors with museums and evening light-and-sound show.",mughal;unesco;fort;history,50,2.5,History lovers;Families;Photography,1,20.0,4.5,185000.0,Morning or evening show,All,Outdoor,No,0,Daily except Monday,Wheelchair accessible partially,Yes,No,20 min,,ASI,https://asi.nic.in,2026-09,50.0,2.5,0.0,20.0,,,True,False,No,False,Outdoor,False,False,False,https://commons.wikimedia.org/wiki/Special:FilePath/Red%20Fort%20Delhi.jpg,Verified exact match
DELHI-002,Humayun's Tomb,Delhi,Nizamuddin,NCT of Delhi,Delhi_NCR,28.5933,77.2507,Heritage,Mughal Monument,"Garden tomb of Emperor Humayun, UNESCO World Heritage Site and precursor to the Taj Mahal's design.",mughal;unesco;garden-tomb;architecture,40,2.0,History lovers;Photography;Architecture fans,1,20.0,4.6,92000.0,Early morning,All,Outdoor,No,0,Daily,Wheelchair accessible,Yes,No,25 min,,ASI,https://asi.nic.in,2026-09,40.0,2.0,0.0,25.0,,,True,False,No,False,Outdoor,False,False,False,https://commons.wikimedia.org/wiki/Special:FilePath/Tomb%20of%20Humayun%2C%20Delhi.jpg,Verified exact match (former Commons Picture of the Day)
DELHI-003,Qutub Minar,Delhi,Mehrauli,NCT of Delhi,Delhi_NCR,28.5245,77.1855,Heritage,Mughal/Sultanate Monument,"12th-century minaret and UNESCO World Heritage Site, tallest brick minaret in the world, surrounded by ruins of the Qutub complex.",unesco;minaret;history;architecture,40,2.0,History lovers;Photography;Families,1,25.0,4.6,145000.0,Morning,All,Outdoor,No,0,Daily,Partially accessible,Yes,No,40 min,,ASI,https://asi.nic.in,2026-09,40.0,2.0,0.0,40.0,,,True,False,No,False,Outdoor,False,False,False,https://commons.wikimedia.org/wiki/Special:FilePath/Blue%20sky%20behind%20Qutb%20Minar.jpg,Verified exact match (from Commons Category:Qutb Minar)
DELHI-004,India Gate,Delhi,Central Delhi,NCT of Delhi,Delhi_NCR,28.6129,77.2295,Heritage,War Memorial,"42-metre war memorial arch commemorating Indian soldiers, popular evening gathering spot with lawns and street food carts nearby.",landmark;memorial;evening;family,0,1.5,Families;Evenings;Photography,1,30.0,4.6,210000.0,Evening,All,Outdoor,No,0,"Daily, all hours",Fully accessible,Yes,No,15 min,,Delhi Tourism,https://delhitourism.gov.in,2026-09,0.0,1.5,0.0,15.0,,,True,False,No,False,Outdoor,False,False,False,https://commons.wikimedia.org/wiki/Special:FilePath/India%20Gate%20early%20morning.jpg,Verified exact match (Wiki Loves Monuments 2021 upload)
DELHI-005,Jama Masjid,Delhi,Old Delhi,NCT of Delhi,Delhi_NCR,28.6507,77.2334,Religious,Mughal Mosque,"India's largest mosque, built by Shah Jahan, with a minaret climb offering panoramic views of Old Delhi.",mughal;mosque;religious;views,0,1.5,Culture;Photography;Religious travelers,1,25.0,4.5,75000.0,Afternoon,All,Outdoor,No,0,"Daily, closed to non-worshippers during prayer",Limited,Yes,No,20 min,,Delhi Waqf Board,https://delhitourism.gov.in,2026-09,0.0,1.5,0.0,20.0,,,True,False,No,False,Outdoor,False,False,False,https://commons.wikimedia.org/wiki/Special:FilePath/Jama%20Masjid%20%28Delhi%29.jpg,"Verified exact match (from Commons Category:Jama Masjid, Delhi)"
DELHI-006,Purana Qila,Delhi,Central Delhi,NCT of Delhi,Delhi_NCR,28.6089,77.2432,Heritage,Fort,"16th-century fort believed to stand on the site of ancient Indraprastha, with a museum, boating and a sound-and-light show.",fort;history;boating;museum,40,2.0,History lovers;Families,1,20.0,4.3,21000.0,Evening,All,Outdoor,No,0,Daily,Partially accessible,Yes,No,18 min,,ASI,https://asi.nic.in,2026-09,40.0,2.0,0.0,18.0,,,True,False,No,False,Outdoor,False,False,False,https://commons.wikimedia.org/wiki/Special:FilePath/Red%20Fort%20Delhi.jpg,"Wikimedia Commons - Red Fort, Delhi (representative Heritage/Fort/Architecture/Museum photo)"
DELHI-007,Safdarjung Tomb,Delhi,South Delhi,NCT of Delhi,Delhi_NCR,28.5897,77.2073,Heritage,Mughal Monument,"18th-century garden tomb of Nawab Safdarjung, a quieter alternative to Humayun's Tomb with Mughal-style char-bagh gardens.",mughal;garden-tomb;quiet;photography,25,1.5,Photography;Quiet heritage walks,1,15.0,4.3,8500.0,Late afternoon,All,Outdoor,No,0,Daily,Partially accessible,Yes,Yes,22 min,,ASI,https://asi.nic.in,2026-09,25.0,1.5,0.0,22.0,,,True,True,No,False,Outdoor,False,False,False,https://commons.wikimedia.org/wiki/Special:FilePath/Red%20Fort%20Delhi.jpg,"Wikimedia Commons - Red Fort, Delhi (representative Heritage/Fort/Architecture/Museum photo)"
DELHI-008,Tughlaqabad Fort,Delhi,South Delhi,NCT of Delhi,Delhi_NCR,28.5089,77.2649,Heritage,Sultanate Fort,"Massive 14th-century ruined fort city built by Ghiyasuddin Tughlaq, atmospheric and rarely crowded.",fort;ruins;offbeat;history,25,2.0,History lovers;Offbeat explorers,1,15.0,4.2,3200.0,Morning,Oct-Mar,Outdoor,No,0,Daily,Not accessible,Yes,Yes,45 min,,ASI,https://asi.nic.in,2026-09,25.0,2.0,0.0,45.0,,,True,True,No,False,Outdoor,False,False,False,https://commons.wikimedia.org/wiki/Special:FilePath/Red%20Fort%20Delhi.jpg,"Wikimedia Commons - Red Fort, Delhi (representative Heritage/Fort/Architecture/Museum photo)"
DELHI-009,Agrasen ki Baoli,Delhi,Connaught Place,NCT of Delhi,Delhi_NCR,28.6274,77.2247,Heritage,Stepwell,"Historic 60-metre stepwell in the heart of Delhi with striking symmetrical stone steps, popular photography and film-shoot location.",stepwell;offbeat;photography;hidden-gem,0,1.0,Photography;Offbeat explorers,1,15.0,4.4,19000.0,Late afternoon,All,Outdoor,No,0,Daily,Not accessible,Yes,Yes,12 min,,ASI,https://asi.nic.in,2026-09,0.0,1.0,0.0,12.0,,,True,True,No,False,Outdoor,False,False,False,https://commons.wikimedia.org/wiki/Special:FilePath/Red%20Fort%20Delhi.jpg,"Wikimedia Commons - Red Fort, Delhi (representative Heritage/Fort/Architecture/Museum photo)"
DELHI-010,Feroz Shah Kotla Fort,Delhi,Central Delhi,NCT of Delhi,Delhi_NCR,28.6377,77.2432,Heritage,Sultanate Fort,"14th-century fort ruins housing an Ashokan pillar, also believed by locals to be inhabited by djinns with weekly offerings left at shrines.",fort;ashoka-pillar;folklore;offbeat,25,1.5,History lovers;Offbeat explorers,1,15.0,4.1,2800.0,Morning,All,Outdoor,No,0,Daily,Not accessible,Yes,Yes,20 min,,ASI,https://asi.nic.in,2026-09,25.0,1.5,0.0,20.0,,,True,True,No,False,Outdoor,False,False,False,https://commons.wikimedia.org/wiki/Special:FilePath/Red%20Fort%20Delhi.jpg,"Wikimedia Commons - Red Fort, Delhi (representative Heritage/Fort/Architecture/Museum photo)"
DELHI-011,Lodhi Garden & Tombs,Delhi,Lodhi Colony,NCT of Delhi,Delhi_NCR,28.5931,77.2197,Heritage,Garden & Tombs,"Landscaped 90-acre park with 15th-16th century Lodhi and Sayyid dynasty tombs, a favourite spot for morning walks and picnics.",garden;tombs;walk;nature,0,1.5,Families;Joggers;Photography,1,30.0,4.7,62000.0,Early morning,All,Outdoor,No,0,"Daily, dawn to dusk",Fully accessible,Yes,No,22 min,,Delhi Tourism,https://delhitourism.gov.in,2026-09,0.0,1.5,0.0,22.0,,,True,False,No,False,Outdoor,False,False,False,https://commons.wikimedia.org/wiki/Special:FilePath/Red%20Fort%20Delhi.jpg,"Wikimedia Commons - Red Fort, Delhi (representative Heritage/Fort/Architecture/Museum photo)"
DELHI-012,Hauz Khas Fort & Village,Delhi,Hauz Khas,NCT of Delhi,Delhi_NCR,28.5535,77.1936,Heritage,Fort & Lake,"14th-century madrasa and tomb complex overlooking a lake, surrounded by the trendy Hauz Khas Village of cafes, boutiques and galleries.",fort;lake;cafes;boutiques,0,3.0,Culture;Shopping;Nightlife,1,15.0,4.4,48000.0,Evening,All,Outdoor,No,0,Daily,Partially accessible,Yes,No,28 min,,Delhi Tourism,https://delhitourism.gov.in,2026-09,0.0,3.0,0.0,28.0,,,True,False,No,False,Outdoor,False,False,False,https://commons.wikimedia.org/wiki/Special:FilePath/Red%20Fort%20Delhi.jpg,"Wikimedia Commons - Red Fort, Delhi (representative Heritage/Fort/Architecture/Museum photo)"
DELHI-013,Chandni Chowk Heritage Walk,Delhi,Old Delhi,NCT of Delhi,Delhi_NCR,28.6506,77.2303,Heritage,Guided Walk,"Guided walking tour through Shah Jahan's 17th-century market lanes covering havelis, temples, spice markets and street food.",old-delhi;walking-tour;mughal;bazaar,800,3.0,Culture;Food;Photography,2,15.0,4.7,9800.0,Morning,Oct-Mar,Outdoor,Yes,1,"Weekends, on request",Not accessible,Yes,No,20 min,,Delhi Heritage Walks,https://www.google.com/search?q=delhi+heritage+walks,2026-09,800.0,3.0,1.0,20.0,,,True,False,Yes,True,Outdoor,False,False,False,https://commons.wikimedia.org/wiki/Special:FilePath/Red%20Fort%20Delhi.jpg,"Wikimedia Commons - Red Fort, Delhi (representative Heritage/Fort/Architecture/Museum photo)"
DELHI-014,Nizamuddin Dargah & Basti Heritage Walk,Delhi,Nizamuddin,NCT of Delhi,Delhi_NCR,28.5905,77.2431,Religious,Sufi Shrine,"14th-century Sufi shrine of Hazrat Nizamuddin Auliya with qawwali performances, set within a living medieval basti.",sufi;qawwali;religious;walk,500,2.0,Culture;Religious travelers;Music,2,15.0,4.6,15000.0,Thursday evening,All,Outdoor,Recommended,1,Daily; qawwali on Thursdays,Limited,Yes,No,22 min,,Aga Khan Trust for Culture,https://www.akdn.org,2026-09,500.0,2.0,1.0,22.0,,,True,False,Recommended,True,Outdoor,False,False,False,https://commons.wikimedia.org/wiki/Special:FilePath/Khandoba%20temple%20Pune.jpg,"Wikimedia Commons - Khandoba Temple, Pune (representative Temple/Religious photo)"
DELHI-015,Sunder Nursery,Delhi,Nizamuddin,NCT of Delhi,Delhi_NCR,28.5956,77.2467,Nature,Heritage Park,"Restored 16th-century Mughal-era nursery-turned-park with heritage monuments, micro-habitats and an amphitheatre, adjacent to Humayun's Tomb.",garden;heritage;nature;photography,100,2.0,Families;Photography;Nature lovers,1,30.0,4.6,24000.0,Morning,All,Outdoor,No,0,Daily,Fully accessible,Yes,No,24 min,,Aga Khan Trust for Culture,https://sundernursery.org,2026-09,100.0,2.0,0.0,24.0,,,True,False,No,False,Outdoor,False,False,False,https://commons.wikimedia.org/wiki/Special:FilePath/Western-Ghats-Matheran.jpg,"Wikimedia Commons - Western Ghats, Matheran (representative Nature/scenic photo)"
DELHI-016,Mehrauli Archaeological Park,Delhi,Mehrauli,NCT of Delhi,Delhi_NCR,28.5155,77.1825,Heritage,Ruins Park,"Sprawling park with over 100 historical monuments spanning multiple dynasties, including Jamali Kamali mosque and Rajon ki Baoli.",ruins;offbeat;history;walking,0,2.0,History lovers;Offbeat explorers,1,15.0,4.4,4100.0,Morning,Oct-Mar,Outdoor,No,0,Daily,Not accessible,Yes,Yes,42 min,,INTACH,https://intach.org,2026-09,0.0,2.0,0.0,42.0,,,True,True,No,False,Outdoor,False,False,False,https://commons.wikimedia.org/wiki/Special:FilePath/Red%20Fort%20Delhi.jpg,"Wikimedia Commons - Red Fort, Delhi (representative Heritage/Fort/Architecture/Museum photo)"
DELHI-017,Zafar Mahal,Delhi,Mehrauli,NCT of Delhi,Delhi_NCR,28.5148,77.1839,Heritage,Mughal Palace Ruins,"Last Mughal monument built in Delhi, a crumbling summer palace of Bahadur Shah Zafar within Mehrauli village.",mughal;ruins;offbeat,0,0.75,History lovers;Offbeat explorers,1,10.0,4.0,900.0,Morning,All,Outdoor,No,0,Daily,Not accessible,Yes,Yes,43 min,,ASI,https://asi.nic.in,2026-09,0.0,0.75,0.0,43.0,,,True,True,No,False,Outdoor,False,False,False,https://commons.wikimedia.org/wiki/Special:FilePath/Red%20Fort%20Delhi.jpg,"Wikimedia Commons - Red Fort, Delhi (representative Heritage/Fort/Architecture/Museum photo)"
DELHI-018,Coronation Park,Delhi,North Delhi,NCT of Delhi,Delhi_NCR,28.7166,77.1874,Heritage,Colonial Monument Park,"Site of the 1911 Delhi Durbar, now home to statues of British-era viceroys including a towering George V statue.",colonial;offbeat;statues;photography,0,1.0,History lovers;Offbeat explorers;Photography,1,15.0,3.9,2100.0,Morning,Oct-Mar,Outdoor,No,0,Daily,Fully accessible,Yes,Yes,35 min,,Delhi Tourism,https://delhitourism.gov.in,2026-09,0.0,1.0,0.0,35.0,,,True,True,No,False,Outdoor,False,False,False,https://commons.wikimedia.org/wiki/Special:FilePath/Red%20Fort%20Delhi.jpg,"Wikimedia Commons - Red Fort, Delhi (representative Heritage/Fort/Architecture/Museum photo)"
DELHI-019,National Museum,Delhi,Central Delhi,NCT of Delhi,Delhi_NCR,28.6118,77.2195,Museum,History & Art,"India's premier museum with over 200,000 artefacts spanning 5,000 years, including Harappan antiquities and Mughal miniatures.",museum;history;art;artifacts,20,2.5,History lovers;Students;Families,1,30.0,4.3,12500.0,Weekday morning,All,Indoor,No,0,Tue-Sun,Fully accessible,No,No,15 min,,National Museum,https://nationalmuseumindia.gov.in,2026-09,20.0,2.5,0.0,15.0,,,False,False,No,False,Indoor,False,False,False,https://commons.wikimedia.org/wiki/Special:FilePath/Red%20Fort%20Delhi.jpg,"Wikimedia Commons - Red Fort, Delhi (representative Heritage/Fort/Architecture/Museum photo)"
DELHI-020,National Gallery of Modern Art,Delhi,India Gate,NCT of Delhi,Delhi_NCR,28.6127,77.2361,Museum,Art Gallery,"Houses works by modern Indian artists including Raja Ravi Varma, Amrita Sher-Gil and Rabindranath Tagore, set in a colonial-era mansion.",art;gallery;modern-art;colonial,20,2.0,Art lovers;Photography,1,25.0,4.3,5400.0,Weekday afternoon,All,Indoor,No,0,Tue-Sun,Fully accessible,No,No,18 min,,NGMA,https://ngmaindia.gov.in,2026-09,20.0,2.0,0.0,18.0,,,False,False,No,False,Indoor,False,False,False,https://commons.wikimedia.org/wiki/Special:FilePath/Red%20Fort%20Delhi.jpg,"Wikimedia Commons - Red Fort, Delhi (representative Heritage/Fort/Architecture/Museum photo)"
DELHI-021,National Rail Museum,Delhi,Chanakyapuri,NCT of Delhi,Delhi_NCR,28.5874,77.1731,Museum,Transport Museum,"Outdoor and indoor collection of vintage locomotives and royal saloons including the Fairy Queen, with a joy-train ride for kids.",trains;family;kids;history,50,2.0,Families;Kids;Train enthusiasts,1,30.0,4.4,18000.0,Weekend morning,Oct-Mar,Outdoor,No,0,Tue-Sun,Fully accessible,No,No,25 min,,Indian Railways,https://nrm.indianrailways.gov.in,2026-09,50.0,2.0,0.0,25.0,,,False,False,No,False,Outdoor,False,False,False,https://commons.wikimedia.org/wiki/Special:FilePath/Red%20Fort%20Delhi.jpg,"Wikimedia Commons - Red Fort, Delhi (representative Heritage/Fort/Architecture/Museum photo)"
DELHI-022,National Science Centre,Delhi,India Gate,NCT of Delhi,Delhi_NCR,28.6122,77.2394,Museum,Science Museum,"Interactive science galleries covering evolution, space, robotics and a dinosaur park, popular with school groups and families.",science;interactive;kids;family,60,3.0,Families;Kids;Students,1,40.0,4.3,9800.0,Weekday,All,Indoor,No,0,Daily,Fully accessible,No,No,16 min,,National Council of Science Museums,https://nscindia.org,2026-09,60.0,3.0,0.0,16.0,,,False,False,No,False,Indoor,False,False,False,https://commons.wikimedia.org/wiki/Special:FilePath/Red%20Fort%20Delhi.jpg,"Wikimedia Commons - Red Fort, Delhi (representative Heritage/Fort/Architecture/Museum photo)"
DELHI-023,Crafts Museum & Hastkala Academy,Delhi,Pragati Maidan,NCT of Delhi,Delhi_NCR,28.6142,77.2431,Museum,Handicrafts,"Living museum of Indian handicrafts and folk art with resident artisans demonstrating weaving, pottery and woodwork.",handicrafts;artisans;culture;shopping,20,2.0,Culture;Handicraft shoppers;Families,1,25.0,4.4,6700.0,Weekday morning,All,Indoor/Outdoor,No,0,Tue-Sun,Fully accessible,Yes,No,17 min,,Ministry of Textiles,https://nationalcraftsmuseum.nic.in,2026-09,20.0,2.0,0.0,17.0,,,True,False,No,False,Mixed,False,False,False,https://commons.wikimedia.org/wiki/Special:FilePath/Red%20Fort%20Delhi.jpg,"Wikimedia Commons - Red Fort, Delhi (representative Heritage/Fort/Architecture/Museum photo)"
DELHI-024,Gandhi Smriti,Delhi,Central Delhi,NCT of Delhi,Delhi_NCR,28.5992,77.202,Museum,Memorial,"The house where Mahatma Gandhi spent his last days and was assassinated, now a memorial museum with interactive exhibits.",gandhi;history;memorial;museum,0,1.5,History lovers;Students,1,30.0,4.5,7200.0,Weekday morning,All,Indoor/Outdoor,No,0,Tue-Sun,Fully accessible,No,No,20 min,,Gandhi Smriti,https://gandhismriti.gov.in,2026-09,0.0,1.5,0.0,20.0,,,False,False,No,False,Mixed,False,False,False,https://commons.wikimedia.org/wiki/Special:FilePath/Red%20Fort%20Delhi.jpg,"Wikimedia Commons - Red Fort, Delhi (representative Heritage/Fort/Architecture/Museum photo)"
DELHI-025,Nehru Memorial Museum (Teen Murti Bhavan),Delhi,Chanakyapuri,NCT of Delhi,Delhi_NCR,28.5984,77.1919,Museum,History Museum,"Former residence of Jawaharlal Nehru, now a museum on India's independence movement with a planetarium on the grounds.",history;independence;nehru;museum,20,2.0,History lovers;Students,1,25.0,4.3,4600.0,Weekday morning,All,Indoor,No,0,Tue-Sun,Fully accessible,No,No,24 min,,Nehru Memorial Museum & Library,https://nehrumemorial.nic.in,2026-09,20.0,2.0,0.0,24.0,,,False,False,No,False,Indoor,False,False,False,https://commons.wikimedia.org/wiki/Special:FilePath/Red%20Fort%20Delhi.jpg,"Wikimedia Commons - Red Fort, Delhi (representative Heritage/Fort/Architecture/Museum photo)"
DELHI-026,Kiran Nadar Museum of Art,Delhi,Saket,NCT of Delhi,Delhi_NCR,28.5288,77.2159,Museum,Contemporary Art,"Private museum showcasing modern and contemporary Indian art, with rotating exhibitions by leading and emerging artists.",art;contemporary;gallery,0,1.5,Art lovers;Photography,1,20.0,4.5,3100.0,Weekday afternoon,All,Indoor,No,0,Tue-Sun,Fully accessible,No,No,32 min,,KNMA,https://knma.in,2026-09,0.0,1.5,0.0,32.0,,,False,False,No,False,Indoor,False,False,False,https://commons.wikimedia.org/wiki/Special:FilePath/Red%20Fort%20Delhi.jpg,"Wikimedia Commons - Red Fort, Delhi (representative Heritage/Fort/Architecture/Museum photo)"
DELHI-027,Sulabh International Museum of Toilets,Delhi,Palam,NCT of Delhi,Delhi_NCR,28.5921,77.125,Museum,Quirky Museum,"Offbeat museum tracing the history of sanitation and toilets across civilizations, a curious and educational stop.",quirky;offbeat;history;unusual,0,1.0,Offbeat explorers;Curious travelers,1,15.0,4.0,2300.0,Weekday,All,Indoor,No,0,Daily,Fully accessible,No,Yes,35 min,,Sulabh International,https://sulabhtoiletmuseum.org,2026-09,0.0,1.0,0.0,35.0,,,False,True,No,False,Indoor,False,False,False,https://commons.wikimedia.org/wiki/Special:FilePath/Red%20Fort%20Delhi.jpg,"Wikimedia Commons - Red Fort, Delhi (representative Heritage/Fort/Architecture/Museum photo)"
DELHI-028,Air Force Museum Palam,Delhi,Palam,NCT of Delhi,Delhi_NCR,28.5735,77.1225,Museum,Military Museum,"Indian Air Force's official museum with vintage fighter aircraft, memorabilia and war history exhibits.",military;aircraft;history,0,1.5,History lovers;Aviation enthusiasts,1,20.0,4.2,1900.0,Weekday,All,Indoor/Outdoor,Yes,2,Tue-Sun (ID required),Partially accessible,No,Yes,38 min,,Indian Air Force,https://indianairforce.nic.in,2026-09,0.0,1.5,2.0,38.0,,,False,True,Yes,True,Mixed,False,False,False,https://commons.wikimedia.org/wiki/Special:FilePath/Red%20Fort%20Delhi.jpg,"Wikimedia Commons - Red Fort, Delhi (representative Heritage/Fort/Architecture/Museum photo)"
DELHI-029,Shankar's International Dolls Museum,Delhi,ITO,NCT of Delhi,Delhi_NCR,28.6255,77.2374,Museum,Family Museum,"Collection of over 6,000 dolls and costumes from around the world, a nostalgic favourite for families.",dolls;family;kids;culture,25,1.0,Families;Kids,1,25.0,4.1,2600.0,Weekday afternoon,All,Indoor,No,0,Tue-Sun,Fully accessible,No,No,18 min,,Children's Book Trust,https://childrensbooktrust.com,2026-09,25.0,1.0,0.0,18.0,,,False,False,No,False,Indoor,False,False,False,https://commons.wikimedia.org/wiki/Special:FilePath/Red%20Fort%20Delhi.jpg,"Wikimedia Commons - Red Fort, Delhi (representative Heritage/Fort/Architecture/Museum photo)"
DELHI-030,Triveni Kala Sangam,Delhi,Mandi House,NCT of Delhi,Delhi_NCR,28.6259,77.2246,Art,Cultural Centre,"Iconic performing and visual arts centre with galleries, a sculpture garden, theatre and workshops in dance, music and painting.",art;theatre;workshops;culture,0,2.0,Art lovers;Culture seekers,1,20.0,4.4,2400.0,Evening,All,Indoor/Outdoor,No,0,Daily,Fully accessible,Yes,No,18 min,,Triveni Kala Sangam,https://triveniartschandigarh.com,2026-09,0.0,2.0,0.0,18.0,,,True,False,No,False,Mixed,False,False,False,,No verified real photo found for this category - left blank
DELHI-031,India Habitat Centre Cultural Events,Delhi,Lodhi Road,NCT of Delhi,Delhi_NCR,28.5895,77.2247,Art,Cultural Complex,"Hub for art exhibitions, film screenings, theatre and literary events hosted across multiple galleries and auditoriums.",art;theatre;film;literature,0,2.0,Culture seekers;Art lovers,1,25.0,4.5,3900.0,Evening,All,Indoor,Recommended,1,"Daily, event-based",Fully accessible,Yes,No,22 min,,India Habitat Centre,https://indiahabitat.org,2026-09,0.0,2.0,1.0,22.0,,,True,False,Recommended,True,Indoor,False,False,False,,No verified real photo found for this category - left blank
DELHI-032,Bikaner House Art Exhibitions,Delhi,India Gate,NCT of Delhi,Delhi_NCR,28.6119,77.2338,Art,Gallery Space,Former royal guesthouse of Bikaner now converted into a contemporary art and culture venue hosting rotating exhibitions.,art;heritage-building;gallery,0,1.5,Art lovers;Photography,1,20.0,4.3,1400.0,Afternoon,All,Indoor,No,0,"Daily, event-based",Fully accessible,Yes,No,16 min,,Bikaner House,https://bikanerhouse.co.in,2026-09,0.0,1.5,0.0,16.0,,,True,False,No,False,Indoor,False,False,False,,No verified real photo found for this category - left blank
DELHI-033,Dilli Haat INA - Handicrafts Bazaar,Delhi,INA,NCT of Delhi,Delhi_NCR,28.5717,77.2103,Shopping,Handicrafts Market,"Open-air crafts and food bazaar with rotating stalls run by artisans from across India, plus regional food counters.",handicrafts;food;shopping;crafts-fair,30,2.5,Shopping;Food;Families,1,30.0,4.5,38000.0,Evening,All,Outdoor,No,0,Daily,Fully accessible,Yes,No,20 min,,Delhi Tourism,https://delhitourism.gov.in,2026-09,30.0,2.5,0.0,20.0,,,True,False,No,False,Outdoor,False,False,False,,No verified real photo found for this category - left blank
DELHI-034,Kingdom of Dreams,Gurugram,Gurugram,Haryana,Delhi_NCR,28.4685,77.0688,Entertainment,Live Theatre,"Live entertainment and cultural theme park featuring Bollywood-style musicals, a nawabi food street and cultural gully.",theatre;bollywood;entertainment;food,1800,3.0,Entertainment seekers;Couples;Families,1,10.0,4.4,26000.0,Evening,All,Indoor,Yes,2,Wed-Mon,Fully accessible,No,No,50 min,,Kingdom of Dreams,https://kingdomofdreams.in,2026-09,1800.0,3.0,2.0,50.0,,,False,False,Yes,True,Indoor,False,False,False,,No verified real photo found for this category - left blank
DELHI-035,Kathak Kendra Dance Performance,Delhi,Bahawalpur House,NCT of Delhi,Delhi_NCR,28.6221,77.2361,Art,Classical Dance,National institute for Kathak dance hosting classical performances and recitals by students and masters.,kathak;dance;classical;culture,0,1.5,Culture seekers;Art lovers,1,20.0,4.3,800.0,Evening,All,Indoor,Recommended,2,Event-based,Fully accessible,Yes,Yes,17 min,,Sangeet Natak Akademi,https://kathakkendra.nic.in,2026-09,0.0,1.5,2.0,17.0,,,True,True,Recommended,True,Indoor,False,False,False,,No verified real photo found for this category - left blank
DELHI-036,Chandni Chowk Food Walk,Delhi,Old Delhi,NCT of Delhi,Delhi_NCR,28.6506,77.2303,Food,Street Food Walk,"Guided or self-led tasting trail through Delhi's oldest food lanes covering parathas, chaat, jalebis and kebabs.",street-food;walking-tour;old-delhi,1000,3.0,Foodies;Culture seekers,2,12.0,4.7,14200.0,Morning,Oct-Mar,Outdoor,Recommended,1,Daily,Not accessible,Yes,No,20 min,,Delhi Food Walks,https://www.google.com/search?q=delhi+food+walks,2026-09,1000.0,3.0,1.0,20.0,,,True,False,Recommended,True,Outdoor,False,False,False,https://commons.wikimedia.org/wiki/Special:FilePath/Street%20Food.jpg,"Wikimedia Commons - Street Food, Old Delhi (representative Food photo)"
DELHI-037,Paranthe Wali Gali,Delhi,Old Delhi,NCT of Delhi,Delhi_NCR,28.6514,77.228,Food,Street Food Lane,Century-old lane famous for stuffed deep-fried parathas served with pickles and sweet lassi at century-old family shops.,parathas;street-food;iconic,150,1.0,Foodies,1,8.0,4.3,9600.0,Breakfast,All,Outdoor,No,0,Daily,Not accessible,Yes,No,20 min,,Local vendors,https://www.google.com/search?q=paranthe+wali+gali,2026-09,150.0,1.0,0.0,20.0,,,True,False,No,False,Outdoor,False,False,False,https://commons.wikimedia.org/wiki/Special:FilePath/Street%20Food.jpg,"Wikimedia Commons - Street Food, Old Delhi (representative Food photo)"
DELHI-038,Karim's Old Delhi,Delhi,Jama Masjid,NCT of Delhi,Delhi_NCR,28.65,77.2337,Food,Mughlai Restaurant,"Legendary Mughlai restaurant founded in 1913, serving kebabs, biryani and mutton korma near Jama Masjid.",mughlai;kebabs;iconic-restaurant,500,1.5,Foodies,1,10.0,4.3,22000.0,Lunch/Dinner,All,Indoor/Outdoor,No,0,Daily,Limited,Yes,No,20 min,,Karim's,https://karimshotelindia.com,2026-09,500.0,1.5,0.0,20.0,,,True,False,No,False,Mixed,False,False,False,https://commons.wikimedia.org/wiki/Special:FilePath/Street%20Food.jpg,"Wikimedia Commons - Street Food, Old Delhi (representative Food photo)"
DELHI-039,Old Famous Jalebi Wala,Delhi,Chandni Chowk,NCT of Delhi,Delhi_NCR,28.6519,77.2306,Food,Sweet Shop,"Over century-old shop famous for its hot, syrup-soaked jalebis fried in ghee at the Dariba Kalan corner.",jalebi;sweets;iconic,50,0.5,Foodies,1,6.0,4.2,6700.0,Anytime,All,Outdoor,No,0,Daily,Not accessible,Yes,No,20 min,,Local vendor,https://www.google.com/search?q=old+famous+jalebi+wala,2026-09,50.0,0.5,0.0,20.0,,,True,False,No,False,Outdoor,False,False,False,https://commons.wikimedia.org/wiki/Special:FilePath/Street%20Food.jpg,"Wikimedia Commons - Street Food, Old Delhi (representative Food photo)"
DELHI-040,Jama Masjid Kebab & Street Food Trail,Delhi,Old Delhi,NCT of Delhi,Delhi_NCR,28.651,77.2325,Food,Street Food Walk,"Evening trail through the lanes around Jama Masjid for seekh kebabs, nihari, kulfi-falooda and Mughlai fare.",kebabs;street-food;non-veg;evening,700,2.0,Foodies,1,10.0,4.5,4800.0,Evening,All,Outdoor,Recommended,1,Daily,Not accessible,Yes,No,20 min,,Local food walks,https://www.google.com/search?q=jama+masjid+food+trail,2026-09,700.0,2.0,1.0,20.0,,,True,False,Recommended,True,Outdoor,False,False,False,https://commons.wikimedia.org/wiki/Special:FilePath/Street%20Food.jpg,"Wikimedia Commons - Street Food, Old Delhi (representative Food photo)"
DELHI-041,Lajpat Nagar Street Food Trail,Delhi,Lajpat Nagar,NCT of Delhi,Delhi_NCR,28.5677,77.2433,Food,Street Food & Shopping,"Bustling market lane combining street snacks like momos, chaat and tikkis with budget clothing and jewellery shopping.",street-food;shopping;chaat,300,2.0,Foodies;Shopping,1,10.0,4.2,5600.0,Evening,All,Outdoor,No,0,Daily except Monday,Not accessible,Yes,No,24 min,,Local vendors,https://www.google.com/search?q=lajpat+nagar+street+food,2026-09,300.0,2.0,0.0,24.0,,,True,False,No,False,Outdoor,False,False,False,https://commons.wikimedia.org/wiki/Special:FilePath/Street%20Food.jpg,"Wikimedia Commons - Street Food, Old Delhi (representative Food photo)"
DELHI-042,Connaught Place Food & Café Trail,Delhi,Connaught Place,NCT of Delhi,Delhi_NCR,28.6315,77.2167,Food,Dining District,"Colonial-era circular market ringed with cafes, iconic eateries and rooftop restaurants, popular by day and night.",cafes;dining;nightlife;colonial,0,2.5,Foodies;Nightlife;Shopping,1,15.0,4.4,31000.0,Evening,All,Outdoor,No,0,Daily,Fully accessible,No,No,10 min,,Delhi Tourism,https://delhitourism.gov.in,2026-09,0.0,2.5,0.0,10.0,,,False,False,No,False,Outdoor,False,False,False,https://commons.wikimedia.org/wiki/Special:FilePath/Street%20Food.jpg,"Wikimedia Commons - Street Food, Old Delhi (representative Food photo)"
DELHI-043,Khan Market Food & Boutique Trail,Delhi,Khan Market,NCT of Delhi,Delhi_NCR,28.6001,77.2276,Food,Upscale Market,"Upmarket lane of designer boutiques, bookshops and acclaimed restaurants, frequently ranked among the world's priciest streets.",boutiques;fine-dining;shopping,0,2.0,Shopping;Foodies,1,10.0,4.4,12800.0,Evening,All,Outdoor,No,0,Daily,Fully accessible,No,No,18 min,,Delhi Tourism,https://delhitourism.gov.in,2026-09,0.0,2.0,0.0,18.0,,,False,False,No,False,Outdoor,False,False,False,https://commons.wikimedia.org/wiki/Special:FilePath/Street%20Food.jpg,"Wikimedia Commons - Street Food, Old Delhi (representative Food photo)"
DELHI-044,Majnu ka Tilla Tibetan Market,Delhi,North Delhi,NCT of Delhi,Delhi_NCR,28.7079,77.2274,Food,Tibetan Colony,"Tibetan refugee settlement known for momos, thukpa, Tibetan handicrafts, prayer flags and street murals.",tibetan;momos;street-art;offbeat,200,2.0,Foodies;Offbeat explorers;Photography,1,10.0,4.4,8900.0,Evening,All,Outdoor,No,0,Daily,Not accessible,Yes,Yes,32 min,,Local vendors,https://www.google.com/search?q=majnu+ka+tilla,2026-09,200.0,2.0,0.0,32.0,,,True,True,No,False,Outdoor,False,False,False,https://commons.wikimedia.org/wiki/Special:FilePath/Street%20Food.jpg,"Wikimedia Commons - Street Food, Old Delhi (representative Food photo)"
DELHI-045,INA Market International Food Bazaar,Delhi,INA,NCT of Delhi,Delhi_NCR,28.5745,77.2103,Food,Specialty Market,"Delhi's go-to market for imported groceries, exotic seafood, meats and regional Indian produce.",gourmet;groceries;seafood;specialty,0,1.5,Foodies,1,10.0,4.2,3100.0,Morning,All,Outdoor,No,0,Daily except Monday,Partially accessible,Yes,No,20 min,,Local traders,https://www.google.com/search?q=ina+market+delhi,2026-09,0.0,1.5,0.0,20.0,,,True,False,No,False,Outdoor,False,False,False,https://commons.wikimedia.org/wiki/Special:FilePath/Street%20Food.jpg,"Wikimedia Commons - Street Food, Old Delhi (representative Food photo)"
DELHI-046,Chandni Chowk Market,Delhi,Old Delhi,NCT of Delhi,Delhi_NCR,28.6551,77.2298,Shopping,Historic Bazaar,"Delhi's oldest and busiest market with specialised lanes for jewellery, spices, sarees and electronics.",bazaar;shopping;historic;chaotic,0,3.0,Shopping;Culture,1,15.0,4.4,41000.0,Morning,All,Outdoor,No,0,Daily except Sunday,Not accessible,Yes,No,20 min,,Delhi Tourism,https://delhitourism.gov.in,2026-09,0.0,3.0,0.0,20.0,,,True,False,No,False,Outdoor,False,False,False,,No verified real photo found for this category - left blank
DELHI-047,Sarojini Nagar Market,Delhi,South Delhi,NCT of Delhi,Delhi_NCR,28.5768,77.1998,Shopping,Street Market,"Famous budget street market for export-surplus clothing, footwear and accessories at bargain prices.",bargain;clothing;street-market,0,2.5,Shopping;Budget travelers,1,15.0,4.2,18500.0,Afternoon,All,Outdoor,No,0,Daily except Monday,Not accessible,Yes,No,26 min,,Delhi Tourism,https://delhitourism.gov.in,2026-09,0.0,2.5,0.0,26.0,,,True,False,No,False,Outdoor,False,False,False,,No verified real photo found for this category - left blank
DELHI-048,Janpath Market,Delhi,Connaught Place,NCT of Delhi,Delhi_NCR,28.6265,77.2183,Shopping,Street Market,"Popular tourist street market for handicrafts, jewellery, bags and boho clothing with brisk bargaining culture.",handicrafts;bargain;tourist-shopping,0,1.5,Shopping;Tourists,1,15.0,4.1,9200.0,Afternoon,All,Outdoor,No,0,Daily,Not accessible,No,No,12 min,,Delhi Tourism,https://delhitourism.gov.in,2026-09,0.0,1.5,0.0,12.0,,,False,False,No,False,Outdoor,False,False,False,,No verified real photo found for this category - left blank
DELHI-049,Karol Bagh Market,Delhi,Karol Bagh,NCT of Delhi,Delhi_NCR,28.6519,77.1907,Shopping,Local Bazaar,"One of Delhi's largest shopping districts for clothing, electronics, footwear and wedding shopping.",shopping;wedding;electronics;local,0,2.5,Shopping;Local experience,1,15.0,4.2,15600.0,Evening,All,Outdoor,No,0,Daily except Tuesday,Partially accessible,Yes,No,22 min,,Delhi Tourism,https://delhitourism.gov.in,2026-09,0.0,2.5,0.0,22.0,,,True,False,No,False,Outdoor,False,False,False,,No verified real photo found for this category - left blank
DELHI-050,Chawri Bazar (Paper & Wedding Card Market),Delhi,Old Delhi,NCT of Delhi,Delhi_NCR,28.6492,77.2245,Shopping,Wholesale Bazaar,"Historic wholesale market for paper goods, wedding cards, brassware and hardware, one of Old Delhi's oldest trading streets.",wholesale;paper;offbeat;local,0,1.5,Local experience;Offbeat explorers,1,10.0,4.0,1800.0,Morning,All,Outdoor,No,0,Daily except Sunday,Not accessible,Yes,Yes,20 min,,Local traders,https://www.google.com/search?q=chawri+bazar,2026-09,0.0,1.5,0.0,20.0,,,True,True,No,False,Outdoor,False,False,False,,No verified real photo found for this category - left blank
DELHI-051,Kinari Bazar (Wedding & Zari Market),Delhi,Old Delhi,NCT of Delhi,Delhi_NCR,28.6503,77.2311,Shopping,Wedding Bazaar,"Narrow lane crammed with shops selling zari borders, wedding accessories, braids and decorative trims.",wedding-shopping;zari;local;offbeat,0,1.0,Local experience;Shopping,1,10.0,4.1,1400.0,Afternoon,All,Outdoor,No,0,Daily except Sunday,Not accessible,Yes,Yes,20 min,,Local traders,https://www.google.com/search?q=kinari+bazar,2026-09,0.0,1.0,0.0,20.0,,,True,True,No,False,Outdoor,False,False,False,,No verified real photo found for this category - left blank
DELHI-052,Meena Bazar (Jama Masjid),Delhi,Old Delhi,NCT of Delhi,Delhi_NCR,28.6503,77.232,Shopping,Bazaar,"Bustling lane beside Jama Masjid selling attar perfumes, books, spices and Old Delhi curios.",attar;spices;local;bazaar,0,1.0,Local experience;Shopping,1,10.0,4.0,1600.0,Afternoon,All,Outdoor,No,0,Daily,Not accessible,Yes,Yes,20 min,,Local traders,https://www.google.com/search?q=meena+bazar+jama+masjid,2026-09,0.0,1.0,0.0,20.0,,,True,True,No,False,Outdoor,False,False,False,,No verified real photo found for this category - left blank
DELHI-053,Palika Bazar,Delhi,Connaught Place,NCT of Delhi,Delhi_NCR,28.6304,77.2178,Shopping,Underground Market,"Delhi's first underground air-conditioned shopping arcade, known for budget electronics, perfumes and accessories.",underground-market;budget;electronics,0,1.0,Shopping;Budget travelers,1,15.0,3.9,4300.0,Afternoon,All,Indoor,No,0,Daily except Sunday,Partially accessible,Yes,No,10 min,,Delhi Tourism,https://delhitourism.gov.in,2026-09,0.0,1.0,0.0,10.0,,,True,False,No,False,Indoor,False,False,False,,No verified real photo found for this category - left blank
DELHI-054,Shahpur Jat Boutique Market,Delhi,Shahpur Jat,NCT of Delhi,Delhi_NCR,28.5561,77.2166,Shopping,Designer Village,"Urban village turned design hub with independent fashion labels, home decor studios and quirky cafes tucked into narrow lanes.",designer;boutiques;cafes;urban-village,0,2.0,Shopping;Photography,1,10.0,4.3,3900.0,Afternoon,All,Outdoor,No,0,Daily,Not accessible,Yes,Yes,28 min,,Local businesses,https://www.google.com/search?q=shahpur+jat,2026-09,0.0,2.0,0.0,28.0,,,True,True,No,False,Outdoor,False,False,False,,No verified real photo found for this category - left blank
DELHI-055,Lotus Temple,Delhi,Kalkaji,NCT of Delhi,Delhi_NCR,28.5535,77.2588,Architecture,Baha'i House of Worship,"Lotus-shaped Baha'i temple of white marble open to all faiths, one of the most visited buildings in the world.",baha'i;architecture;peaceful;iconic,0,1.0,Families;Photography;Religious travelers,1,30.0,4.6,98000.0,Morning,All,Indoor/Outdoor,No,0,Tue-Sun,Fully accessible,No,No,30 min,,Baha'i Community of India,https://lotustemple.in,2026-09,0.0,1.0,0.0,30.0,,,False,False,No,False,Mixed,False,False,False,https://commons.wikimedia.org/wiki/Special:FilePath/Lotus%20Temple%2C%20New%20Delhi.jpg,Verified exact match (Commons valued image)
DELHI-056,Akshardham Temple,Delhi,East Delhi,NCT of Delhi,Delhi_NCR,28.6127,77.2773,Architecture,Modern Hindu Temple,"Vast temple complex of intricately carved sandstone and marble with exhibitions, gardens and an evening musical fountain show.",temple;architecture;show;family,0,3.0,Families;Architecture fans;Religious travelers,1,25.0,4.7,155000.0,Evening,All,Indoor/Outdoor,Recommended,0,Tue-Sun,Fully accessible,No,No,35 min,,BAPS Swaminarayan,https://akshardham.com,2026-09,0.0,3.0,0.0,35.0,,,False,False,Recommended,True,Mixed,False,False,False,https://commons.wikimedia.org/wiki/Special:FilePath/New%20Delhi%20Temple.jpg,"Verified exact match (Akshardham, donated by temple trust)"
DELHI-057,Jantar Mantar,Delhi,Connaught Place,NCT of Delhi,Delhi_NCR,28.6271,77.2166,Architecture,Astronomical Observatory,18th-century astronomical observatory built by Maharaja Jai Singh II with monumental geometric instruments.,astronomy;architecture;history,25,1.0,History lovers;Photography,1,20.0,4.3,14200.0,Morning,All,Outdoor,No,0,Daily,Fully accessible,No,No,12 min,,ASI,https://asi.nic.in,2026-09,25.0,1.0,0.0,12.0,,,False,False,No,False,Outdoor,False,False,False,https://commons.wikimedia.org/wiki/Special:FilePath/Red%20Fort%20Delhi.jpg,"Wikimedia Commons - Red Fort, Delhi (representative Heritage/Fort/Architecture/Museum photo)"
DELHI-058,ISKCON Temple Delhi,Delhi,East of Kailash,NCT of Delhi,Delhi_NCR,28.5518,77.2596,Religious,Krishna Temple,"Modern Krishna temple complex with a multimedia hall on the Bhagavad Gita, gardens and a popular prasad restaurant.",krishna;temple;multimedia;food,0,1.5,Religious travelers;Families,1,25.0,4.5,17800.0,Evening,All,Indoor/Outdoor,No,0,Daily,Fully accessible,No,No,30 min,,ISKCON Delhi,https://iskcondelhi.com,2026-09,0.0,1.5,0.0,30.0,,,False,False,No,False,Mixed,False,False,False,https://commons.wikimedia.org/wiki/Special:FilePath/Khandoba%20temple%20Pune.jpg,"Wikimedia Commons - Khandoba Temple, Pune (representative Temple/Religious photo)"
DELHI-059,Gurudwara Bangla Sahib,Delhi,Connaught Place,NCT of Delhi,Delhi_NCR,28.627,77.21,Religious,Sikh Gurudwara,17th-century Sikh shrine with a sacred pool and a langar hall serving free meals to thousands daily.,sikh;gurudwara;langar;peaceful,0,1.5,Religious travelers;Culture seekers,1,30.0,4.7,62000.0,Evening,All,Indoor/Outdoor,No,0,"Daily, 24 hours",Fully accessible,Yes,No,12 min,,Delhi Sikh Gurdwara Management Committee,https://dsgmc.in,2026-09,0.0,1.5,0.0,12.0,,,True,False,No,False,Mixed,False,False,False,https://commons.wikimedia.org/wiki/Special:FilePath/Khandoba%20temple%20Pune.jpg,"Wikimedia Commons - Khandoba Temple, Pune (representative Temple/Religious photo)"
DELHI-060,Chhatarpur Temple,Delhi,South Delhi,NCT of Delhi,Delhi_NCR,28.4954,77.1806,Religious,Hindu Temple Complex,"One of India's largest temple complexes dedicated to Goddess Katyayani, with marble carvings across sprawling grounds.",temple;marble;large-complex,0,1.5,Religious travelers;Families,1,25.0,4.5,21500.0,Evening,All,Outdoor,No,0,Daily,Partially accessible,No,No,40 min,,Chhatarpur Temple Trust,https://www.google.com/search?q=chhatarpur+temple,2026-09,0.0,1.5,0.0,40.0,,,False,False,No,False,Outdoor,False,False,False,https://commons.wikimedia.org/wiki/Special:FilePath/Khandoba%20temple%20Pune.jpg,"Wikimedia Commons - Khandoba Temple, Pune (representative Temple/Religious photo)"
DELHI-061,Kalkaji Mandir,Delhi,Kalkaji,NCT of Delhi,Delhi_NCR,28.5504,77.2589,Religious,Hindu Temple,"Ancient temple dedicated to Goddess Kali, one of Delhi's most revered Shakti Peetha shrines.",temple;kali;pilgrimage,0,1.0,Religious travelers,1,30.0,4.4,8700.0,Morning,All,Outdoor,No,0,Daily,Partially accessible,Yes,No,30 min,,Temple Trust,https://www.google.com/search?q=kalkaji+mandir,2026-09,0.0,1.0,0.0,30.0,,,True,False,No,False,Outdoor,False,False,False,https://commons.wikimedia.org/wiki/Special:FilePath/Khandoba%20temple%20Pune.jpg,"Wikimedia Commons - Khandoba Temple, Pune (representative Temple/Religious photo)"
DELHI-062,Cathedral Church of the Redemption,Delhi,Central Delhi,NCT of Delhi,Delhi_NCR,28.6142,77.2,Religious,Anglican Cathedral,Delhi's principal Anglican church built in 1935 in colonial architectural style near Rashtrapati Bhavan.,church;colonial;architecture;quiet,0,0.75,Religious travelers;Architecture fans,1,15.0,4.4,900.0,Sunday morning,All,Indoor,No,0,Daily; services Sunday,Fully accessible,No,Yes,20 min,,Church of North India,https://www.google.com/search?q=cathedral+church+of+redemption+delhi,2026-09,0.0,0.75,0.0,20.0,,,False,True,No,False,Indoor,False,False,False,https://commons.wikimedia.org/wiki/Special:FilePath/Khandoba%20temple%20Pune.jpg,"Wikimedia Commons - Khandoba Temple, Pune (representative Temple/Religious photo)"
DELHI-063,Lodhi Art District,Delhi,Lodhi Colony,NCT of Delhi,Delhi_NCR,28.5851,77.2295,Photography,Street Art,India's first open-air public art district with over 50 large-scale murals by Indian and international artists across residential blocks.,street-art;murals;photography;urban,0,2.0,Photography;Art lovers,1,10.0,4.5,5600.0,Morning,All,Outdoor,No,0,Daily,Fully accessible,Yes,Yes,20 min,,St+art India,https://st-artindia.org,2026-09,0.0,2.0,0.0,20.0,,,True,True,No,False,Outdoor,False,False,False,https://commons.wikimedia.org/wiki/Special:FilePath/Western-Ghats-Matheran.jpg,"Wikimedia Commons - Western Ghats, Matheran (representative Nature/scenic photo)"
DELHI-064,Garden of Five Senses,Delhi,Saidul Ajaib,NCT of Delhi,Delhi_NCR,28.5107,77.1993,Nature,Theme Garden,"Landscaped garden with sculptures, rock formations, a Mughal garden section and terraced amphitheatre popular for photography.",garden;sculpture;photography;leisure,60,2.0,Families;Photography;Couples,1,25.0,4.4,13800.0,Evening,All,Outdoor,No,0,Daily,Fully accessible,No,No,35 min,,DTTDC,https://delhitourism.gov.in,2026-09,60.0,2.0,0.0,35.0,,,False,False,No,False,Outdoor,False,False,False,https://commons.wikimedia.org/wiki/Special:FilePath/Western-Ghats-Matheran.jpg,"Wikimedia Commons - Western Ghats, Matheran (representative Nature/scenic photo)"
DELHI-065,Pottery Workshop at Triveni Kala Sangam,Delhi,Mandi House,NCT of Delhi,Delhi_NCR,28.6259,77.2246,Workshop,Craft Workshop,Hands-on pottery and wheel-throwing sessions taught by resident ceramic artists.,pottery;hands-on;craft;workshop,1200,2.5,Hobbyists;Couples;Creative travelers,1,12.0,4.5,640.0,Weekend,All,Indoor,Yes,2,Weekends,Fully accessible,Yes,No,18 min,,Triveni Kala Sangam,https://triveniartschandigarh.com,2026-09,1200.0,2.5,2.0,18.0,,,True,False,Yes,True,Indoor,False,False,False,,No verified real photo found for this category - left blank
DELHI-066,"Block Printing Workshop, Delhi",Delhi,Hauz Khas,NCT of Delhi,Delhi_NCR,28.5535,77.195,Workshop,Craft Workshop,"Traditional Rajasthani hand block-printing session on fabric using natural dyes, led by craft studios in Hauz Khas Village.",block-printing;textile;craft;hands-on,1500,3.0,Hobbyists;Creative travelers,1,10.0,4.6,420.0,Weekend,All,Indoor,Yes,2,"Weekends, on request",Fully accessible,Yes,Yes,28 min,,Local craft studios,https://www.google.com/search?q=block+printing+workshop+delhi,2026-09,1500.0,3.0,2.0,28.0,,,True,True,Yes,True,Indoor,False,False,False,,No verified real photo found for this category - left blank
DELHI-067,Old Delhi Cooking Class - Mughlai Cuisine,Delhi,Old Delhi,NCT of Delhi,Delhi_NCR,28.652,77.229,Workshop,Culinary Class,"Hands-on cooking class teaching classic Mughlai dishes like kebabs, korma and biryani in a home-kitchen setting.",cooking-class;mughlai;hands-on;food,2500,4.0,Foodies;Creative travelers,2,8.0,4.7,980.0,Morning,All,Indoor,Yes,2,"Daily, on request",Partially accessible,Yes,No,20 min,,Local culinary hosts,https://www.google.com/search?q=delhi+cooking+class,2026-09,2500.0,4.0,2.0,20.0,,,True,False,Yes,True,Indoor,False,False,False,,No verified real photo found for this category - left blank
DELHI-068,Street Photography Workshop - Old Delhi,Delhi,Chandni Chowk,NCT of Delhi,Delhi_NCR,28.651,77.231,Workshop,Photography Tour,"Guided street photography walk through Old Delhi's lanes with tips on composition, light and candid storytelling.",photography;workshop;old-delhi,1800,3.0,Photography enthusiasts,1,8.0,4.6,560.0,Early morning,Oct-Mar,Outdoor,Yes,2,"Weekends, on request",Not accessible,Yes,No,20 min,,Local photography guides,https://www.google.com/search?q=old+delhi+photography+walk,2026-09,1800.0,3.0,2.0,20.0,,,True,False,Yes,True,Outdoor,False,False,False,,No verified real photo found for this category - left blank
DELHI-069,Miniature Painting Workshop at Crafts Museum,Delhi,Pragati Maidan,NCT of Delhi,Delhi_NCR,28.6142,77.2431,Workshop,Craft Workshop,Introductory session in traditional Indian miniature painting techniques with resident museum artisans.,miniature-painting;craft;art;hands-on,1000,2.0,Hobbyists;Art lovers,1,12.0,4.4,310.0,Weekend,All,Indoor,Yes,2,"Weekends, on request",Fully accessible,Yes,Yes,17 min,,Crafts Museum,https://nationalcraftsmuseum.nic.in,2026-09,1000.0,2.0,2.0,17.0,,,True,True,Yes,True,Indoor,False,False,False,,No verified real photo found for this category - left blank
DELHI-070,Majnu ka Tilla Neighbourhood Walk,Delhi,North Delhi,NCT of Delhi,Delhi_NCR,28.7075,77.227,Local Experience,Neighborhood Walk,"Self-guided stroll through the Tibetan refugee colony with monasteries, murals, cafes and craft stalls.",tibetan;walk;murals;offbeat,0,1.5,Offbeat explorers;Photography,1,10.0,4.3,2100.0,Afternoon,All,Outdoor,No,0,Daily,Not accessible,Yes,Yes,32 min,,Local community,https://www.google.com/search?q=majnu+ka+tilla+walk,2026-09,0.0,1.5,0.0,32.0,,,True,True,No,False,Outdoor,False,False,False,,No verified real photo found for this category - left blank
DELHI-071,Nizamuddin Basti Heritage Walk,Delhi,Nizamuddin,NCT of Delhi,Delhi_NCR,28.591,77.2425,Local Experience,Heritage Walk,"Community-led walk through the historic Sufi neighbourhood surrounding the Nizamuddin Dargah, its bazaars and step-well.",sufi;community;heritage;walk,600,2.0,Culture seekers;Offbeat explorers,2,15.0,4.6,3400.0,Morning,Oct-Mar,Outdoor,Recommended,1,"Weekends, on request",Not accessible,Yes,No,22 min,,Hazrat Nizamuddin Basti Trust,https://www.google.com/search?q=nizamuddin+basti+heritage+walk,2026-09,600.0,2.0,1.0,22.0,,,True,False,Recommended,True,Outdoor,False,False,False,,No verified real photo found for this category - left blank
DELHI-072,Mehrauli Village Walk,Delhi,Mehrauli,NCT of Delhi,Delhi_NCR,28.515,77.183,Local Experience,Heritage Walk,"Walk through a centuries-old urban village layered with monuments, shrines and everyday local life around Qutub Minar.",village;heritage;walk;offbeat,500,2.0,Offbeat explorers;History lovers,2,12.0,4.3,1200.0,Morning,Oct-Mar,Outdoor,Recommended,1,"Weekends, on request",Not accessible,Yes,Yes,42 min,,Local heritage guides,https://www.google.com/search?q=mehrauli+village+walk,2026-09,500.0,2.0,1.0,42.0,,,True,True,Recommended,True,Outdoor,False,False,False,,No verified real photo found for this category - left blank
DELHI-073,Shahpur Jat Urban Village Walk,Delhi,Shahpur Jat,NCT of Delhi,Delhi_NCR,28.5565,77.216,Local Experience,Neighborhood Walk,"Wander through narrow lanes where an old farming village now hosts designer studios, art spaces and cafes side by side.",urban-village;design;cafes;walk,0,1.5,Shopping;Offbeat explorers,1,10.0,4.2,1100.0,Afternoon,All,Outdoor,No,0,Daily,Not accessible,Yes,Yes,28 min,,Local businesses,https://www.google.com/search?q=shahpur+jat+walk,2026-09,0.0,1.5,0.0,28.0,,,True,True,No,False,Outdoor,False,False,False,,No verified real photo found for this category - left blank
DELHI-074,"Deer Park, Hauz Khas",Delhi,Hauz Khas,NCT of Delhi,Delhi_NCR,28.5556,77.1969,Nature,Urban Park,"Green urban park adjoining Hauz Khas lake with deer, peacocks, rose gardens and jogging trails.",deer;park;nature;jogging,0,1.5,Families;Nature lovers;Joggers,1,20.0,4.4,8900.0,Early morning,All,Outdoor,No,0,"Daily, dawn to dusk",Fully accessible,No,No,28 min,,Delhi Development Authority,https://dda.gov.in,2026-09,0.0,1.5,0.0,28.0,,,False,False,No,False,Outdoor,False,False,False,https://commons.wikimedia.org/wiki/Special:FilePath/Western-Ghats-Matheran.jpg,"Wikimedia Commons - Western Ghats, Matheran (representative Nature/scenic photo)"
DELHI-075,Yamuna Biodiversity Park,Delhi,North Delhi,NCT of Delhi,Delhi_NCR,28.7554,77.2354,Nature,Wildlife Reserve,"Restored wetland ecosystem along the Yamuna floodplain with birdwatching trails, native flora zones and a butterfly conservatory.",wetland;birdwatching;nature;offbeat,30,2.5,Nature lovers;Birdwatchers,1,20.0,4.3,1600.0,Early morning,Oct-Mar,Outdoor,Recommended,0,Daily,Partially accessible,No,Yes,45 min,,DDA Biodiversity Parks Programme,https://yamunabiodiversitypark.org,2026-09,30.0,2.5,0.0,45.0,,,False,True,Recommended,True,Outdoor,False,False,False,https://commons.wikimedia.org/wiki/Special:FilePath/Western-Ghats-Matheran.jpg,"Wikimedia Commons - Western Ghats, Matheran (representative Nature/scenic photo)"
DELHI-076,Asola Bhatti Wildlife Sanctuary,Delhi,South Delhi,NCT of Delhi,Delhi_NCR,28.4372,77.2274,Nature,Wildlife Sanctuary,"Delhi's largest protected forest area in the Aravalli hills, home to nilgai, jackals and over 190 bird species.",wildlife;forest;hiking;birdwatching,0,3.0,Nature lovers;Hikers;Birdwatchers,1,15.0,4.3,1900.0,Early morning,Oct-Mar,Outdoor,Recommended,0,Daily,Not accessible,No,Yes,55 min,,Delhi Forest Department,https://forest.delhigovt.nic.in,2026-09,0.0,3.0,0.0,55.0,,,False,True,Recommended,True,Outdoor,False,False,False,https://commons.wikimedia.org/wiki/Special:FilePath/Western-Ghats-Matheran.jpg,"Wikimedia Commons - Western Ghats, Matheran (representative Nature/scenic photo)"
DELHI-077,Buddha Jayanti Park,Delhi,Ridge Road,NCT of Delhi,Delhi_NCR,28.6013,77.1949,Nature,Urban Park,"Forested park within the Delhi Ridge with a golden Buddha statue, cycling paths and quiet walking trails.",buddha;park;nature;cycling,0,1.5,Nature lovers;Families;Joggers,1,20.0,4.3,3400.0,Morning,All,Outdoor,No,0,"Daily, dawn to dusk",Fully accessible,No,No,24 min,,Delhi Development Authority,https://dda.gov.in,2026-09,0.0,1.5,0.0,24.0,,,False,False,No,False,Outdoor,False,False,False,https://commons.wikimedia.org/wiki/Special:FilePath/Western-Ghats-Matheran.jpg,"Wikimedia Commons - Western Ghats, Matheran (representative Nature/scenic photo)"
DELHI-078,Nehru Park,Delhi,Chanakyapuri,NCT of Delhi,Delhi_NCR,28.5921,77.1949,Nature,Urban Park,"Sprawling landscaped park popular for morning yoga, weekend concerts and picnics amid diplomatic enclave greenery.",park;yoga;picnics;leisure,0,1.5,Families;Joggers;Nature lovers,1,25.0,4.5,6200.0,Morning,All,Outdoor,No,0,"Daily, dawn to dusk",Fully accessible,No,No,24 min,,New Delhi Municipal Council,https://ndmc.gov.in,2026-09,0.0,1.5,0.0,24.0,,,False,False,No,False,Outdoor,False,False,False,https://commons.wikimedia.org/wiki/Special:FilePath/Western-Ghats-Matheran.jpg,"Wikimedia Commons - Western Ghats, Matheran (representative Nature/scenic photo)"
DELHI-079,Okhla Bird Sanctuary,Noida,Gautam Buddh Nagar,Uttar Pradesh,Delhi_NCR,28.5678,77.3067,Nature,Bird Sanctuary,Wetland sanctuary on the Delhi-Noida border hosting over 300 migratory and resident bird species in winter.,birdwatching;wetland;nature;migratory-birds,50,2.5,Birdwatchers;Nature lovers,1,15.0,4.4,2600.0,Winter mornings,Nov-Feb,Outdoor,Recommended,0,Daily,Partially accessible,No,Yes,40 min,,UP Forest Department,https://forest.up.gov.in,2026-09,50.0,2.5,0.0,40.0,,,False,True,Recommended,True,Outdoor,False,False,False,https://commons.wikimedia.org/wiki/Special:FilePath/Western-Ghats-Matheran.jpg,"Wikimedia Commons - Western Ghats, Matheran (representative Nature/scenic photo)"
DELHI-080,"Botanical Garden, Noida",Noida,Gautam Buddh Nagar,Uttar Pradesh,Delhi_NCR,28.5646,77.3341,Nature,Botanical Garden,Landscaped botanical garden and metro-accessible green space with themed plant zones and a cactus house.,garden;plants;nature;leisure,30,1.5,Families;Nature lovers,1,25.0,4.1,2900.0,Morning,All,Outdoor,No,0,Daily,Fully accessible,No,No,50 min,,NOIDA Authority,https://noidaauthorityonline.in,2026-09,30.0,1.5,0.0,50.0,,,False,False,No,False,Outdoor,False,False,False,https://commons.wikimedia.org/wiki/Special:FilePath/Western-Ghats-Matheran.jpg,"Wikimedia Commons - Western Ghats, Matheran (representative Nature/scenic photo)"
DELHI-081,National Zoological Park (Delhi Zoo),Delhi,Central Delhi,NCT of Delhi,Delhi_NCR,28.6127,77.2431,Family,Zoo,"Delhi's largest zoo adjoining Purana Qila, home to tigers, elephants, reptiles and a large collection of Indian and exotic species.",zoo;animals;family;kids,40,2.5,Families;Kids,1,30.0,4.0,44000.0,Weekday morning,Oct-Mar,Outdoor,No,0,Daily except Friday,Partially accessible,No,No,18 min,,Central Zoo Authority,https://nzpnewdelhi.gov.in,2026-09,40.0,2.5,0.0,18.0,,,False,False,No,False,Outdoor,False,False,False,,No verified real photo found for this category - left blank
DELHI-082,"Adventure Island, Rohini",Delhi,Rohini,NCT of Delhi,Delhi_NCR,28.7274,77.1058,Family,Amusement Park,"Large amusement and water park in northwest Delhi with roller coasters, water rides and a shopping mall attached.",amusement-park;rides;family;kids,800,4.0,Families;Kids;Thrill seekers,1,20.0,4.1,9800.0,Weekend,Mar-Oct,Outdoor,Recommended,0,Daily,Partially accessible,No,No,50 min,,Adventure Island,https://adventureisland.in,2026-09,800.0,4.0,0.0,50.0,,,False,False,Recommended,True,Outdoor,False,False,False,,No verified real photo found for this category - left blank
DELHI-083,Fun N Food Village,Delhi,Kapashera,NCT of Delhi,Delhi_NCR,28.5265,77.1108,Family,Water Park,"One of Delhi's oldest water and amusement parks with wave pools, water slides and picnic lawns.",water-park;family;kids;summer,900,4.0,Families;Kids,1,20.0,3.9,6300.0,Summer weekend,Apr-Jun,Outdoor,Recommended,0,"Seasonal, weekends/summer",Partially accessible,No,No,55 min,,Fun N Food Village,https://www.google.com/search?q=fun+n+food+village+delhi,2026-09,900.0,4.0,0.0,55.0,,,False,False,Recommended,True,Outdoor,False,False,False,,No verified real photo found for this category - left blank
DELHI-084,"Worlds of Wonder, Noida",Noida,Gautam Buddh Nagar,Uttar Pradesh,Delhi_NCR,28.573,77.363,Family,Amusement & Water Park,"Large amusement and water park in Noida with thrill rides, a snow park and family attractions.",amusement-park;water-park;family;kids,1200,5.0,Families;Kids;Thrill seekers,1,25.0,4.2,21000.0,Weekend,All,Outdoor,Recommended,0,Daily,Fully accessible,No,No,55 min,,Worlds of Wonder,https://wow-noida.com,2026-09,1200.0,5.0,0.0,55.0,,,False,False,Recommended,True,Outdoor,False,False,False,,No verified real photo found for this category - left blank
DELHI-085,Surajkund Crafts Village,Faridabad,Faridabad,Haryana,Delhi_NCR,28.4419,77.2864,Handicrafts,Crafts Village,"Historic 10th-century reservoir site and permanent crafts village, famous for its annual International Crafts Mela.",handicrafts;mela;heritage;shopping,100,3.0,Shopping;Culture seekers;Families,1,25.0,4.3,7600.0,February (Mela season),Feb (mela); year-round site,Outdoor,No,0,Daily; mela in February,Partially accessible,Yes,No,50 min,,Surajkund Mela Authority,https://surajkundmela.com,2026-09,100.0,3.0,0.0,50.0,,,True,False,No,False,Outdoor,False,False,False,,No verified real photo found for this category - left blank
DELHI-086,Hauz Khas Village Nightlife,Delhi,Hauz Khas,NCT of Delhi,Delhi_NCR,28.554,77.1945,Nightlife,Bars & Lounges,"Cluster of rooftop bars, lounges and live-music venues overlooking Hauz Khas lake and fort ruins.",nightlife;bars;rooftop;music,1500,3.0,Nightlife;Couples;Groups,1,10.0,4.2,15600.0,Night,All,Indoor/Outdoor,Recommended,0,Daily evenings,Not accessible,No,No,28 min,,Local establishments,https://www.google.com/search?q=hauz+khas+village+nightlife,2026-09,1500.0,3.0,0.0,28.0,,,False,False,Recommended,True,Mixed,False,False,False,,No verified real photo found for this category - left blank
DELHI-087,"Cyber Hub, Gurugram",Gurugram,Gurugram,Haryana,Delhi_NCR,28.4949,77.0891,Nightlife,Dining & Bars,"Open-air dining and entertainment hub with restaurants, bars, live music and a large central plaza.",nightlife;dining;bars;plaza,1500,3.0,Nightlife;Foodies;Groups,1,15.0,4.4,32000.0,Night,All,Outdoor,No,0,Daily evenings,Fully accessible,No,No,45 min,,DLF Cyber Hub,https://cyberhub.in,2026-09,1500.0,3.0,0.0,45.0,,,False,False,No,False,Outdoor,False,False,False,,No verified real photo found for this category - left blank
DELHI-088,Aerocity Entertainment District,Delhi,Aerocity,NCT of Delhi,Delhi_NCR,28.5495,77.1213,Nightlife,Dining & Hotels,"Airport-adjacent hospitality district with high-end restaurants, rooftop bars and hotel lounges.",nightlife;fine-dining;rooftop,2000,3.0,Nightlife;Couples;Business travelers,1,10.0,4.3,6800.0,Night,All,Indoor/Outdoor,Recommended,0,Daily evenings,Fully accessible,No,No,35 min,,Delhi Aerocity,https://www.google.com/search?q=aerocity+delhi,2026-09,2000.0,3.0,0.0,35.0,,,False,False,Recommended,True,Mixed,False,False,False,,No verified real photo found for this category - left blank
DELHI-089,Connaught Place Nightlife,Delhi,Connaught Place,NCT of Delhi,Delhi_NCR,28.633,77.2195,Nightlife,Pubs & Bars,"Colonial-era circular market that transforms into a lively nightlife strip of pubs, lounges and live-music bars after dark.",nightlife;pubs;live-music,1200,3.0,Nightlife;Groups,1,15.0,4.2,11400.0,Night,All,Indoor/Outdoor,No,0,Daily evenings,Fully accessible,No,No,10 min,,Local establishments,https://www.google.com/search?q=connaught+place+nightlife,2026-09,1200.0,3.0,0.0,10.0,,,False,False,No,False,Mixed,False,False,False,,No verified real photo found for this category - left blank
DELHI-090,Khirki Masjid,Delhi,Khirki Village,NCT of Delhi,Delhi_NCR,28.5382,77.2028,Heritage,Sultanate Mosque,"Unique fortress-like 14th-century mosque with a covered courtyard, rarely visited and tucked inside an urban village.",offbeat;mosque;architecture;hidden-gem,0,0.75,Offbeat explorers;Photography,1,10.0,4.1,700.0,Morning,All,Outdoor,No,0,Daily,Not accessible,Yes,Yes,30 min,,ASI,https://asi.nic.in,2026-09,0.0,0.75,0.0,30.0,,,True,True,No,False,Outdoor,False,False,False,https://commons.wikimedia.org/wiki/Special:FilePath/Red%20Fort%20Delhi.jpg,"Wikimedia Commons - Red Fort, Delhi (representative Heritage/Fort/Architecture/Museum photo)"
DELHI-091,Qudsia Bagh,Delhi,Kashmere Gate,NCT of Delhi,Delhi_NCR,28.6663,77.2247,Heritage,Mughal Garden Ruins,"Quiet, crumbling 18th-century Mughal garden and gateway built by Qudsia Begum, largely forgotten by tourists.",mughal;garden;offbeat;ruins,0,0.75,Offbeat explorers;Photography,1,10.0,3.9,400.0,Morning,All,Outdoor,No,0,Daily,Not accessible,Yes,Yes,22 min,,ASI,https://asi.nic.in,2026-09,0.0,0.75,0.0,22.0,,,True,True,No,False,Outdoor,False,False,False,https://commons.wikimedia.org/wiki/Special:FilePath/Red%20Fort%20Delhi.jpg,"Wikimedia Commons - Red Fort, Delhi (representative Heritage/Fort/Architecture/Museum photo)"
DELHI-092,Satpula,Delhi,Khirki,NCT of Delhi,Delhi_NCR,28.539,77.2093,Heritage,Medieval Water Structure,"14th-century seven-arched water regulator and dam built by Muhammad bin Tughlaq, an overlooked engineering marvel.",medieval;water-structure;offbeat,0,0.5,Offbeat explorers;History lovers,1,10.0,3.9,300.0,Morning,All,Outdoor,No,0,Daily,Not accessible,Yes,Yes,30 min,,ASI,https://asi.nic.in,2026-09,0.0,0.5,0.0,30.0,,,True,True,No,False,Outdoor,False,False,False,https://commons.wikimedia.org/wiki/Special:FilePath/Red%20Fort%20Delhi.jpg,"Wikimedia Commons - Red Fort, Delhi (representative Heritage/Fort/Architecture/Museum photo)"
DELHI-093,Chor Minar,Delhi,Hauz Khas,NCT of Delhi,Delhi_NCR,28.5461,77.1934,Heritage,Sultanate Tower,"13th-century tower riddled with 225 niches, believed to once have displayed the severed heads of thieves and rebels.",offbeat;tower;folklore;hidden-gem,0,0.5,Offbeat explorers;Photography,1,10.0,3.8,350.0,Morning,All,Outdoor,No,0,Daily,Not accessible,Yes,Yes,27 min,,ASI,https://asi.nic.in,2026-09,0.0,0.5,0.0,27.0,,,True,True,No,False,Outdoor,False,False,False,https://commons.wikimedia.org/wiki/Special:FilePath/Red%20Fort%20Delhi.jpg,"Wikimedia Commons - Red Fort, Delhi (representative Heritage/Fort/Architecture/Museum photo)"
DELHI-094,Bijai Mandal,Delhi,Hauz Khas,NCT of Delhi,Delhi_NCR,28.5417,77.213,Heritage,Sultanate Ruins,"Ruins believed to be part of Muhammad bin Tughlaq's palace complex, quiet and largely unvisited amid a residential area.",offbeat;ruins;history;hidden-gem,0,0.5,Offbeat explorers;History lovers,1,10.0,3.7,200.0,Morning,All,Outdoor,No,0,Daily,Not accessible,Yes,Yes,28 min,,ASI,https://asi.nic.in,2026-09,0.0,0.5,0.0,28.0,,,True,True,No,False,Outdoor,False,False,False,https://commons.wikimedia.org/wiki/Special:FilePath/Red%20Fort%20Delhi.jpg,"Wikimedia Commons - Red Fort, Delhi (representative Heritage/Fort/Architecture/Museum photo)"
DELHI-095,Old Delhi Rooftop Photography Cafe,Delhi,Jama Masjid,NCT of Delhi,Delhi_NCR,28.6512,77.233,Photography,Rooftop Viewpoint,"Rooftop cafes near Jama Masjid offering elevated views over Old Delhi's rooftops and minarets, best at sunset.",rooftop;photography;sunset;views,300,1.0,Photography;Couples,1,8.0,4.3,2100.0,Sunset,All,Outdoor,No,0,Daily,Not accessible,Yes,Yes,20 min,,Local cafes,https://www.google.com/search?q=old+delhi+rooftop+cafe+jama+masjid,2026-09,300.0,1.0,0.0,20.0,,,True,True,No,False,Outdoor,False,False,False,https://commons.wikimedia.org/wiki/Special:FilePath/Western-Ghats-Matheran.jpg,"Wikimedia Commons - Western Ghats, Matheran (representative Nature/scenic photo)"
DELHI-096,National Philatelic Museum,Delhi,Central Delhi,NCT of Delhi,Delhi_NCR,28.6167,77.241,Museum,Philately Museum,Small niche museum tracing the history of Indian postage stamps and postal services since independence.,stamps;offbeat;museum;niche,0,0.75,Offbeat explorers;Collectors,1,15.0,3.9,250.0,Weekday,All,Indoor,No,0,Mon-Fri,Fully accessible,No,Yes,18 min,,Department of Posts,https://www.indiapost.gov.in,2026-09,0.0,0.75,0.0,18.0,,,False,True,No,False,Indoor,False,False,False,https://commons.wikimedia.org/wiki/Special:FilePath/Red%20Fort%20Delhi.jpg,"Wikimedia Commons - Red Fort, Delhi (representative Heritage/Fort/Architecture/Museum photo)"
DELHI-097,"Sector 29 Market, Gurugram",Gurugram,Gurugram,Haryana,Delhi_NCR,28.4638,77.0662,Nightlife,Dining & Nightlife Hub,"Pedestrian dining plaza in Gurugram packed with restaurants, pubs and microbreweries, popular with young crowds.",nightlife;dining;pubs;plaza,1000,2.5,Nightlife;Groups,1,15.0,4.2,8700.0,Night,All,Outdoor,No,0,Daily evenings,Fully accessible,No,No,50 min,,Local establishments,https://www.google.com/search?q=sector+29+gurgaon,2026-09,1000.0,2.5,0.0,50.0,,,False,False,No,False,Outdoor,False,False,False,,No verified real photo found for this category - left blank
DELHI-098,DLF CyberHub Street Art & Plaza Walk,Gurugram,Gurugram,Haryana,Delhi_NCR,28.4952,77.0885,Photography,Urban Plaza,"Open plaza with public art installations, fountains and photogenic modern architecture amid Gurugram's skyline.",urban;architecture;photography;plaza,0,1.5,Photography;Architecture fans,1,15.0,4.3,4100.0,Evening,All,Outdoor,No,0,Daily,Fully accessible,No,No,45 min,,DLF Cyber Hub,https://cyberhub.in,2026-09,0.0,1.5,0.0,45.0,,,False,False,No,False,Outdoor,False,False,False,https://commons.wikimedia.org/wiki/Special:FilePath/Western-Ghats-Matheran.jpg,"Wikimedia Commons - Western Ghats, Matheran (representative Nature/scenic photo)"
DELHI-099,Sultanpur National Park,Gurugram,Gurugram,Haryana,Delhi_NCR,28.4592,76.8938,Nature,Bird Sanctuary,"Wetland national park attracting migratory birds including flamingos and pelicans, popular for birdwatching in winter.",birdwatching;wetland;nature,40,2.0,Nature lovers;Birdwatchers,1,15.0,4.3,3200.0,Winter morning,Nov-Feb,Outdoor,Recommended,0,Daily except Monday,Partially accessible,No,Yes,70 min,,Haryana Forest Department,https://forest.haryana.gov.in,2026-09,40.0,2.0,0.0,70.0,,,False,True,Recommended,True,Outdoor,False,False,False,https://commons.wikimedia.org/wiki/Special:FilePath/Western-Ghats-Matheran.jpg,"Wikimedia Commons - Western Ghats, Matheran (representative Nature/scenic photo)"
DELHI-100,Rashtrapati Bhavan Heritage Tour,Delhi,Central Delhi,NCT of Delhi,Delhi_NCR,28.6143,77.1994,Heritage,Presidential Palace,"Guided tour of the President of India's official residence, a Lutyens-designed palace with Mughal Gardens open seasonally.",colonial;architecture;gardens;government,50,2.5,History lovers;Architecture fans,1,15.0,4.6,9400.0,Weekday morning,Feb-Mar (gardens),Indoor/Outdoor,Yes,3,"Fri-Sun, online booking",Fully accessible,No,No,20 min,,President's Secretariat,https://rashtrapatisachivalaya.gov.in,2026-09,50.0,2.5,3.0,20.0,,,False,False,Yes,True,Mixed,False,False,False,https://commons.wikimedia.org/wiki/Special:FilePath/Red%20Fort%20Delhi.jpg,"Wikimedia Commons - Red Fort, Delhi (representative Heritage/Fort/Architecture/Museum photo)"
DELHI-101,Purana Qila Sound and Light Show,Delhi,Central Delhi,NCT of Delhi,Delhi_NCR,28.6089,77.2432,Heritage,Sound & Light Show,Evening narration of Delhi's history projected with lighting effects across the fort's ancient ramparts.,sound-and-light-show;history;evening,100,1.0,Families;History lovers,1,30.0,4.1,1800.0,Evening,All,Outdoor,Recommended,0,Daily evenings,Partially accessible,No,No,18 min,,DTTDC,https://delhitourism.gov.in,2026-09,100.0,1.0,0.0,18.0,,,False,False,Recommended,True,Outdoor,False,False,False,https://commons.wikimedia.org/wiki/Special:FilePath/Red%20Fort%20Delhi.jpg,"Wikimedia Commons - Red Fort, Delhi (representative Heritage/Fort/Architecture/Museum photo)"
DELHI-102,Red Fort Sound and Light Show,Delhi,Old Delhi,NCT of Delhi,Delhi_NCR,28.6562,77.241,Heritage,Sound & Light Show,Narrated evening show recounting Mughal history projected onto the illuminated ramparts of the Red Fort.,sound-and-light-show;mughal;evening,80,1.0,Families;History lovers,1,30.0,4.2,4200.0,Evening,All,Outdoor,Recommended,0,Daily evenings except Monday,Partially accessible,No,No,20 min,,DTTDC,https://delhitourism.gov.in,2026-09,80.0,1.0,0.0,20.0,,,False,False,Recommended,True,Outdoor,False,False,False,https://commons.wikimedia.org/wiki/Special:FilePath/Red%20Fort%20Delhi.jpg,"Wikimedia Commons - Red Fort, Delhi (representative Heritage/Fort/Architecture/Museum photo)"
DELHI-103,Raj Ghat,Delhi,Central Delhi,NCT of Delhi,Delhi_NCR,28.641,77.2495,Heritage,Memorial,"Simple black marble platform marking the cremation site of Mahatma Gandhi, set within tranquil lawns.",gandhi;memorial;peaceful,0,0.75,History lovers;Families,1,30.0,4.6,22000.0,Morning,All,Outdoor,No,0,Daily,Fully accessible,No,No,20 min,,Delhi Tourism,https://delhitourism.gov.in,2026-09,0.0,0.75,0.0,20.0,,,False,False,No,False,Outdoor,False,False,False,https://commons.wikimedia.org/wiki/Special:FilePath/Red%20Fort%20Delhi.jpg,"Wikimedia Commons - Red Fort, Delhi (representative Heritage/Fort/Architecture/Museum photo)"
DELHI-104,Kirti Nagar Furniture Market,Delhi,West Delhi,NCT of Delhi,Delhi_NCR,28.652,77.1444,Shopping,Wholesale Market,"One of Asia's largest wholesale furniture markets, popular with locals for custom woodwork and home furnishings.",furniture;wholesale;local,0,1.5,Local experience;Shopping,1,10.0,4.0,2100.0,Weekday,All,Outdoor,No,0,Daily except Sunday,Not accessible,Yes,Yes,30 min,,Local traders,https://www.google.com/search?q=kirti+nagar+furniture+market,2026-09,0.0,1.5,0.0,30.0,,,True,True,No,False,Outdoor,False,False,False,,No verified real photo found for this category - left blank
DELHI-105,Chandni Chowk Spice Market (Khari Baoli),Delhi,Old Delhi,NCT of Delhi,Delhi_NCR,28.6543,77.2211,Shopping,Wholesale Spice Market,"Asia's largest wholesale spice market, a sensory overload of sacks of chillies, turmeric and dry fruits.",spices;wholesale;sensory;local,0,1.5,Foodies;Photography;Local experience,1,10.0,4.4,4700.0,Morning,All,Outdoor,No,0,Daily except Sunday,Not accessible,Yes,No,20 min,,Local traders,https://www.google.com/search?q=khari+baoli+spice+market,2026-09,0.0,1.5,0.0,20.0,,,True,False,No,False,Outdoor,False,False,False,,No verified real photo found for this category - left blank
DELHI-106,Dariba Kalan Jewellery Lane,Delhi,Old Delhi,NCT of Delhi,Delhi_NCR,28.6516,77.2312,Shopping,Jewellery Bazaar,"Centuries-old silver and gold jewellery lane in the heart of Chandni Chowk, one of Delhi's oldest trading streets.",jewellery;historic;shopping,0,1.0,Shopping;Local experience,1,10.0,4.1,1300.0,Afternoon,All,Outdoor,No,0,Daily except Sunday,Not accessible,Yes,Yes,20 min,,Local traders,https://www.google.com/search?q=dariba+kalan,2026-09,0.0,1.0,0.0,20.0,,,True,True,No,False,Outdoor,False,False,False,,No verified real photo found for this category - left blank
DELHI-107,Select Citywalk Mall Saket,Delhi,Saket,NCT of Delhi,Delhi_NCR,28.5286,77.2192,Shopping,Mall,"Upscale shopping mall with international brands, multiplex cinema and rooftop dining, adjoining Kiran Nadar Museum.",mall;shopping;cinema;dining,0,2.5,Shopping;Families,1,15.0,4.5,24000.0,Evening,All,Indoor,No,0,Daily,Fully accessible,No,No,32 min,,Select Citywalk,https://selectcitywalk.com,2026-09,0.0,2.5,0.0,32.0,,,False,False,No,False,Indoor,False,False,False,,No verified real photo found for this category - left blank
DELHI-108,ISKCON Temple Food (Govinda's Restaurant),Delhi,East of Kailash,NCT of Delhi,Delhi_NCR,28.552,77.26,Food,Vegetarian Restaurant,Pure vegetarian buffet restaurant within the ISKCON temple complex serving satvik North Indian thalis.,vegetarian;buffet;temple-food,400,1.5,Foodies;Religious travelers,1,15.0,4.3,3800.0,Lunch,All,Indoor,No,0,Daily,Fully accessible,No,No,30 min,,ISKCON Delhi,https://iskcondelhi.com,2026-09,400.0,1.5,0.0,30.0,,,False,False,No,False,Indoor,False,False,False,https://commons.wikimedia.org/wiki/Special:FilePath/Street%20Food.jpg,"Wikimedia Commons - Street Food, Old Delhi (representative Food photo)"
DELHI-109,Amrit Kalash Lassi & Old Delhi Sweets Trail,Delhi,Chandni Chowk,NCT of Delhi,Delhi_NCR,28.653,77.228,Food,Sweets & Lassi Trail,"Tasting trail of Old Delhi's legendary sweet shops and lassi vendors, from rabri to matka kulfi.",sweets;lassi;street-food,300,1.5,Foodies,1,10.0,4.3,1900.0,Afternoon,All,Outdoor,No,0,Daily,Not accessible,Yes,No,20 min,,Local vendors,https://www.google.com/search?q=old+delhi+sweets+trail,2026-09,300.0,1.5,0.0,20.0,,,True,False,No,False,Outdoor,False,False,False,https://commons.wikimedia.org/wiki/Special:FilePath/Street%20Food.jpg,"Wikimedia Commons - Street Food, Old Delhi (representative Food photo)"
DELHI-110,Daryaganj Sunday Book Market,Delhi,Daryaganj,NCT of Delhi,Delhi_NCR,28.647,77.2385,Shopping,Book Bazaar,Sprawling pavement market of second-hand and discounted books held every Sunday along Netaji Subhash Marg.,books;flea-market;weekend;offbeat,0,1.5,Book lovers;Offbeat explorers,1,10.0,4.4,3600.0,Sunday morning,All,Outdoor,No,0,Sundays only,Not accessible,Yes,Yes,20 min,,Local vendors,https://www.google.com/search?q=daryaganj+book+market,2026-09,0.0,1.5,0.0,20.0,,,True,True,No,False,Outdoor,False,False,False,,No verified real photo found for this category - left blank
DELHI-111,Humayun's Tomb Sunrise Photography Session,Delhi,Nizamuddin,NCT of Delhi,Delhi_NCR,28.5933,77.2507,Photography,Monument Photography,"Early morning visit timed for golden-hour light on the red sandstone and white marble tomb, with minimal crowds.",sunrise;photography;mughal,40,1.5,Photography enthusiasts,1,10.0,4.6,3100.0,Sunrise,Oct-Mar,Outdoor,No,0,"Daily, opens at sunrise",Wheelchair accessible,No,No,25 min,,ASI,https://asi.nic.in,2026-09,40.0,1.5,0.0,25.0,,,False,False,No,False,Outdoor,False,False,False,https://commons.wikimedia.org/wiki/Special:FilePath/Western-Ghats-Matheran.jpg,"Wikimedia Commons - Western Ghats, Matheran (representative Nature/scenic photo)"
DELHI-112,Sunder Nursery Photography Walk,Delhi,Nizamuddin,NCT of Delhi,Delhi_NCR,28.5956,77.2467,Photography,Garden Photography,"Golden-hour photography walk through heritage pavilions, water channels and micro-habitats of this restored Mughal-era park.",photography;garden;heritage,100,2.0,Photography enthusiasts;Nature lovers,1,10.0,4.5,1400.0,Evening,All,Outdoor,No,0,Daily,Fully accessible,No,No,24 min,,Aga Khan Trust for Culture,https://sundernursery.org,2026-09,100.0,2.0,0.0,24.0,,,False,False,No,False,Outdoor,False,False,False,https://commons.wikimedia.org/wiki/Special:FilePath/Western-Ghats-Matheran.jpg,"Wikimedia Commons - Western Ghats, Matheran (representative Nature/scenic photo)"
DELHI-113,Chandni Chowk Cycle Rickshaw Heritage Ride,Delhi,Old Delhi,NCT of Delhi,Delhi_NCR,28.6506,77.23,Heritage,Cycle Rickshaw Tour,"Rickshaw ride through the labyrinthine lanes of Old Delhi past havelis, temples and bazaars, an iconic local mode of transport.",rickshaw;old-delhi;local;heritage,300,1.5,Families;Culture seekers,1,3.0,4.3,6200.0,Morning,Oct-Mar,Outdoor,No,0,Daily,Not accessible,Yes,No,20 min,,Local rickshaw operators,https://www.google.com/search?q=chandni+chowk+rickshaw+ride,2026-09,300.0,1.5,0.0,20.0,,,True,False,No,False,Outdoor,False,False,False,https://commons.wikimedia.org/wiki/Special:FilePath/Red%20Fort%20Delhi.jpg,"Wikimedia Commons - Red Fort, Delhi (representative Heritage/Fort/Architecture/Museum photo)"
DELHI-114,Kite Flying at India Gate Lawns,Delhi,Central Delhi,NCT of Delhi,Delhi_NCR,28.612,77.228,Family,Outdoor Activity,"Open lawns near India Gate popular for kite flying, picnics and evening strolls, especially lively around Independence Day.",kite-flying;lawns;family;evening,0,1.5,Families;Kids,1,20.0,4.4,5200.0,Evening,Oct-Mar,Outdoor,No,0,Daily,Fully accessible,No,No,15 min,,Delhi Tourism,https://delhitourism.gov.in,2026-09,0.0,1.5,0.0,15.0,,,False,False,No,False,Outdoor,False,False,False,,No verified real photo found for this category - left blank
DELHI-115,Boating at Purana Qila Lake,Delhi,Central Delhi,NCT of Delhi,Delhi_NCR,28.6082,77.244,Family,Boating,"Pedal and row boating on the moat lake beside Purana Qila, a relaxed family activity beneath fort walls.",boating;family;lake;leisure,100,1.0,Families;Kids,1,6.0,4.0,3100.0,Evening,All,Outdoor,No,0,Daily,Partially accessible,No,No,18 min,,DTTDC,https://delhitourism.gov.in,2026-09,100.0,1.0,0.0,18.0,,,False,False,No,False,Outdoor,False,False,False,,No verified real photo found for this category - left blank
DELHI-116,Kalindi Kunj Yamuna Riverfront & Tulip Garden,Delhi,South Delhi,NCT of Delhi,Delhi_NCR,28.5384,77.3116,Nature,Riverfront Park,"Riverside park along the Yamuna with a seasonal tulip garden, walking paths and views of the river ecology.",riverfront;tulips;nature;seasonal,30,1.5,Families;Nature lovers,1,20.0,4.0,2400.0,Morning,Feb-Mar (tulips),Outdoor,No,0,Daily,Fully accessible,No,Yes,35 min,,DDA,https://dda.gov.in,2026-09,30.0,1.5,0.0,35.0,,,False,True,No,False,Outdoor,False,False,False,https://commons.wikimedia.org/wiki/Special:FilePath/Western-Ghats-Matheran.jpg,"Wikimedia Commons - Western Ghats, Matheran (representative Nature/scenic photo)"
DELHI-117,Old Fort Meditation & Yoga at Lodhi Garden,Delhi,Lodhi Colony,NCT of Delhi,Delhi_NCR,28.5925,77.22,Family,Wellness,Community morning yoga and meditation sessions amid Lodhi Garden's tombs and tree-lined paths.,yoga;wellness;morning;outdoor,0,1.0,Wellness seekers;Locals,1,30.0,4.5,1600.0,Early morning,All,Outdoor,No,0,Daily mornings,Fully accessible,Yes,No,22 min,,Community groups,https://www.google.com/search?q=lodhi+garden+yoga,2026-09,0.0,1.0,0.0,22.0,,,True,False,No,False,Outdoor,False,False,False,,No verified real photo found for this category - left blank
DELHI-118,Chandni Chowk Old Havelis Walk,Delhi,Old Delhi,NCT of Delhi,Delhi_NCR,28.6528,77.2265,Heritage,Guided Walk,"Walk exploring surviving 17th-19th century havelis (mansions) of Old Delhi's merchant families, some still inhabited.",havelis;architecture;old-delhi;history,700,2.0,History lovers;Architecture fans,2,12.0,4.4,1100.0,Morning,Oct-Mar,Outdoor,Recommended,1,"Weekends, on request",Not accessible,Yes,Yes,20 min,,Delhi Heritage Walks,https://www.google.com/search?q=old+delhi+haveli+walk,2026-09,700.0,2.0,1.0,20.0,,,True,True,Recommended,True,Outdoor,False,False,False,https://commons.wikimedia.org/wiki/Special:FilePath/Red%20Fort%20Delhi.jpg,"Wikimedia Commons - Red Fort, Delhi (representative Heritage/Fort/Architecture/Museum photo)"
DELHI-119,"Champa Gali Design Lane, Saidulajab",Delhi,Saidulajab,NCT of Delhi,Delhi_NCR,28.5185,77.1975,Shopping,Design Boutique Lane,"Narrow urban-village lane transformed into a cluster of independent design studios, cafes and concept stores.",design;boutiques;cafes;offbeat,0,1.5,Shopping;Offbeat explorers,1,10.0,4.4,1300.0,Afternoon,All,Outdoor,No,0,Daily,Not accessible,Yes,Yes,38 min,,Local businesses,https://www.google.com/search?q=champa+gali+delhi,2026-09,0.0,1.5,0.0,38.0,,,True,True,No,False,Outdoor,False,False,False,,No verified real photo found for this category - left blank
DELHI-120,Sarai Kale Khan to Old Delhi Heritage Cycling Tour,Delhi,Old Delhi,NCT of Delhi,Delhi_NCR,28.648,77.232,Heritage,Cycling Tour,"Early morning guided cycling tour through Old Delhi's monuments, markets and quiet back lanes.",cycling;heritage;morning;old-delhi,1200,3.0,Active travelers;Photography,2,12.0,4.6,1800.0,Early morning,Oct-Mar,Outdoor,Yes,1,"Daily, on request",Not accessible,Yes,No,20 min,,Delhi cycling tour operators,https://www.google.com/search?q=delhi+heritage+cycle+tour,2026-09,1200.0,3.0,1.0,20.0,,,True,False,Yes,True,Outdoor,False,False,False,https://commons.wikimedia.org/wiki/Special:FilePath/Red%20Fort%20Delhi.jpg,"Wikimedia Commons - Red Fort, Delhi (representative Heritage/Fort/Architecture/Museum photo)"
DELHI-121,Chandni Chowk Digambar Jain Temple & Bird Hospital,Delhi,Old Delhi,NCT of Delhi,Delhi_NCR,28.6532,77.2321,Religious,Jain Temple,17th-century Jain temple complex including the world's only hospital dedicated to treating birds.,jain;temple;bird-hospital;unique,0,1.0,Religious travelers;Offbeat explorers,1,15.0,4.3,3100.0,Morning,All,Indoor/Outdoor,No,0,Daily,Partially accessible,Yes,Yes,20 min,,Jain Temple Trust,https://www.google.com/search?q=digambar+jain+temple+bird+hospital,2026-09,0.0,1.0,0.0,20.0,,,True,True,No,False,Mixed,False,False,False,https://commons.wikimedia.org/wiki/Special:FilePath/Khandoba%20temple%20Pune.jpg,"Wikimedia Commons - Khandoba Temple, Pune (representative Temple/Religious photo)"
DELHI-122,Botanical Garden of Indian Republic,Noida,Gautam Buddh Nagar,Uttar Pradesh,Delhi_NCR,28.5578,77.3345,Family,Metro-linked Theme Garden,"Large themed garden with a musical fountain, maze garden and cactus house, directly connected to a metro station.",garden;family;metro-accessible,30,2.0,Families;Nature lovers,1,25.0,4.2,4300.0,Evening,All,Outdoor,No,0,Daily,Fully accessible,No,No,50 min,,NOIDA Authority,https://noidaauthorityonline.in,2026-09,30.0,2.0,0.0,50.0,,,False,False,No,False,Outdoor,False,False,False,,No verified real photo found for this category - left blank
KONKAN001,Thiba Palace Heritage Walk,Ratnagiri,Ratnagiri,Maharashtra,Konkan,16.9902,73.312,Heritage,Palace/Museum,"Restored 19th-century palace built for exiled Burmese King Thibaw, now a heritage museum showcasing Konkan history and royal artefacts overlooking Ratnagiri town.",heritage;museum;colonial history;architecture,Rs 25-50 entry,1-2,"Culture,History,Photography",1,15.0,,,Morning or late afternoon,Oct-Jun,Outdoor/Indoor mix,No,0,"Daily, closed some holidays","Easy, wheelchair partial",Yes,No,10-15 min from Ratnagiri bus stand,~6.5-7 hrs by road via NH66 (approx 330 km),General Konkan tourism knowledge,,2026-09-23,37.5,1.5,0.0,12.5,26.5,330.0,True,False,No,False,Mixed,True,True,False,https://commons.wikimedia.org/wiki/Special:FilePath/Red%20Fort%20Delhi.jpg,"Wikimedia Commons - Red Fort, Delhi (representative Heritage/Fort/Architecture/Museum photo)"
KONKAN002,Ratnadurg (Bhagwati) Fort,Ratnagiri,Ratnagiri,Maharashtra,Konkan,16.9902,73.312,Fort,Sea fort,"Horseshoe-shaped coastal fort with a Bhagwati temple inside, offering panoramic Arabian Sea views and a working lighthouse nearby; popular sunset spot.",fort;sea view;lighthouse;sunset;temple,Free,1-2,"Photography,History,Sunset views",1,20.0,,,Late afternoon/sunset,Oct-Jun,Outdoor,No,0,Daily,Moderate walking on fort walls,Yes,No,15-20 min from Ratnagiri city centre,~6.5-7 hrs by road via NH66 (approx 330 km),General Konkan tourism knowledge,,2026-09-23,0.0,1.5,0.0,17.5,26.5,330.0,True,False,No,False,Outdoor,True,True,False,https://commons.wikimedia.org/wiki/Special:FilePath/Red%20Fort%20Delhi.jpg,"Wikimedia Commons - Red Fort, Delhi (representative Heritage/Fort/Architecture/Museum photo)"
KONKAN003,Mandavi Beach Evening Stroll,Ratnagiri,Ratnagiri,Maharashtra,Konkan,16.9902,73.312,Beach,City beach,"A black-sand town beach close to Ratnagiri's fishing harbour, popular with locals for evening walks and views of fishing boats returning at dusk.",beach;fishing harbour;evening walk;local life,Free,1-2,"Family,Photography,Local life",1,30.0,,,Evening,Year-round (avoid monsoon high tide),Outdoor,No,0,Daily,Easy,Yes,No,10 min from city centre,~6.5-7 hrs by road via NH66 (approx 330 km),General Konkan tourism knowledge,,2026-09-23,0.0,1.5,0.0,10.0,26.5,330.0,True,False,No,False,Outdoor,True,True,False,https://commons.wikimedia.org/wiki/Special:FilePath/Deogad%20Beach%20in%20Sindhudurg%20district%20%2CKonkan%20region%20Maharashtra%2C%20India.JPG,"Wikimedia Commons - Deogad Beach, Sindhudurg, Konkan (representative Beach/Coastal photo)"
KONKAN004,Ratnagiri Fish Market & Seafood Trail,Ratnagiri,Ratnagiri,Maharashtra,Konkan,16.9902,73.312,Seafood,Food/market,"Early-morning fish auction at the harbour followed by a tasting trail of local Malvani/Konkani seafood thalis, bombil fry and surmai curry at nearby eateries.",seafood;fish market;local cuisine;food trail,Rs 300-800 for a meal,2-3,"Foodies,Local life,Photography",1,10.0,,,Early morning (market) / lunch (food),Year-round,Outdoor/Indoor,No,0,Daily,Easy,Yes,Yes,5-10 min from city centre,~6.5-7 hrs by road via NH66 (approx 330 km),General Konkan tourism knowledge,,2026-09-23,550.0,2.5,0.0,7.5,26.5,330.0,True,True,No,False,Mixed,True,True,False,https://commons.wikimedia.org/wiki/Special:FilePath/Street%20Food.jpg,"Wikimedia Commons - Street Food, Old Delhi (representative Food photo)"
KONKAN005,Alphonso Mango Orchard Visit (Ratnagiri),Ratnagiri,Ratnagiri,Maharashtra,Konkan,16.9902,73.312,Agriculture,Mango farm,"Guided walk through a Ratnagiri Hapus (Alphonso) mango orchard during flowering or harvest season, with a farmer explaining grafting, harvesting and grading.",mango;alphonso;hapus;agri-tourism;farm visit,Rs 200-500 per person,2-3,"Family,Agri-tourism,Photography",2,15.0,,,Feb-May (harvest),Feb-May,Outdoor,Yes,2-3 days,Seasonal (Feb-May),"Easy, uneven farm terrain",Yes,No,"Varies by farm, 15-30 min from city",~6.5-7 hrs by road via NH66 (approx 330 km),General Konkan tourism knowledge,,2026-09-23,350.0,2.5,2.5,22.5,26.5,330.0,True,False,Yes,True,Outdoor,True,True,False,https://commons.wikimedia.org/wiki/Special:FilePath/Kaas%20Pathar%2C%20Satara%2C%20Maharashtra%2C%20India%20%282018%29%202.jpg,"Wikimedia Commons - Kaas Pathar, Satara (representative Nature/Wildlife photo)"
KONKAN006,Karhateshwar Temple,Ratnagiri,Ratnagiri,Maharashtra,Konkan,16.9902,73.312,Temple,Heritage temple,"A quiet, centuries-old Shiva temple in Ratnagiri known for its stone carving and peaceful setting, popular with pilgrims and heritage walkers.",temple;heritage;shiva;pilgrimage,Free,0.5-1,"Culture,Pilgrimage",1,20.0,,,Morning,Year-round,Outdoor/Indoor,No,0,Daily,Easy,Yes,Yes,10-15 min from city centre,~6.5-7 hrs by road via NH66 (approx 330 km),General Konkan tourism knowledge,,2026-09-23,0.0,0.75,0.0,12.5,26.5,330.0,True,True,No,False,Mixed,True,True,False,https://commons.wikimedia.org/wiki/Special:FilePath/Khandoba%20temple%20Pune.jpg,"Wikimedia Commons - Khandoba Temple, Pune (representative Temple/Religious photo)"
KONKAN007,Lokmanya Tilak Birthplace & Museum,Ratnagiri,Ratnagiri,Maharashtra,Konkan,16.9902,73.312,Heritage,Museum,"The preserved ancestral home of freedom fighter Bal Gangadhar Tilak in Ratnagiri, now a small museum with personal artefacts and history exhibits.",heritage;museum;freedom struggle;history,Rs 10-20,1,"History,Culture,Family",1,20.0,,,Morning to evening,Year-round,Indoor,No,0,"Daily, closed Mondays (typical)",Easy,Yes,No,5-10 min from city centre,~6.5-7 hrs by road via NH66 (approx 330 km),General Konkan tourism knowledge,,2026-09-23,15.0,1.0,0.0,7.5,26.5,330.0,True,False,No,False,Indoor,True,True,False,https://commons.wikimedia.org/wiki/Special:FilePath/Red%20Fort%20Delhi.jpg,"Wikimedia Commons - Red Fort, Delhi (representative Heritage/Fort/Architecture/Museum photo)"
KONKAN008,Bhatye Beach Sunset Point,Ratnagiri,Ratnagiri,Maharashtra,Konkan,16.9902,73.312,Beach,City beach,"A wide, less-crowded beach close to Ratnagiri city with casuarina groves, popular for evening picnics and photography.",beach;sunset;picnic;photography,Free,1-2,"Family,Photography,Sunset",1,30.0,,,Evening,Oct-May,Outdoor,No,0,Daily,Easy,Yes,No,10 min from city centre,~6.5-7 hrs by road via NH66 (approx 330 km),General Konkan tourism knowledge,,2026-09-23,0.0,1.5,0.0,10.0,26.5,330.0,True,False,No,False,Outdoor,True,True,False,https://commons.wikimedia.org/wiki/Special:FilePath/Deogad%20Beach%20in%20Sindhudurg%20district%20%2CKonkan%20region%20Maharashtra%2C%20India.JPG,"Wikimedia Commons - Deogad Beach, Sindhudurg, Konkan (representative Beach/Coastal photo)"
KONKAN009,"Swayambhu Ganpati Temple, Ganpatipule",Ganpatipule,Ratnagiri,Maharashtra,Konkan,17.1444,73.2666,Temple,Pilgrimage temple,"A 400-year-old self-manifested (swayambhu) Ganesh shrine set right on the beach, considered one of the Ashtavinayak-adjacent revered Ganpati shrines of the Konkan coast.",temple;pilgrimage;ganpati;beach temple;heritage,Free (donations optional),1,"Pilgrimage,Culture,Family",1,50.0,,,Early morning or evening aarti,Year-round,Outdoor/Indoor,No,0,Daily,"Easy, some steps",Yes,No,"At the beach, town centre",~7-7.5 hrs by road via NH66 (approx 355 km),General Konkan tourism knowledge,,2026-09-23,0.0,1.0,0.0,,26.83333333333333,355.0,True,False,No,False,Mixed,True,True,False,https://commons.wikimedia.org/wiki/Special:FilePath/Khandoba%20temple%20Pune.jpg,"Wikimedia Commons - Khandoba Temple, Pune (representative Temple/Religious photo)"
KONKAN010,Ganpatipule Beach,Ganpatipule,Ratnagiri,Maharashtra,Konkan,17.1444,73.2666,Beach,Golden sand beach,"A wide, gently sloping golden-sand beach beside the Ganpati temple, good for camel rides, beach games and calm-water wading rather than deep swimming.",beach;golden sand;family;camel ride,Free,2-3,"Family,Photography,Relaxation",1,50.0,,,Morning or evening,Oct-May,Outdoor,No,0,Daily,Easy,Yes,No,At town centre,~7-7.5 hrs by road via NH66 (approx 355 km),General Konkan tourism knowledge,,2026-09-23,0.0,2.5,0.0,,26.83333333333333,355.0,True,False,No,False,Outdoor,True,True,False,https://commons.wikimedia.org/wiki/Special:FilePath/Deogad%20Beach%20in%20Sindhudurg%20district%20%2CKonkan%20region%20Maharashtra%2C%20India.JPG,"Wikimedia Commons - Deogad Beach, Sindhudurg, Konkan (representative Beach/Coastal photo)"
KONKAN011,Camel Ride on Ganpatipule Beach,Ganpatipule,Ratnagiri,Maharashtra,Konkan,17.1444,73.2666,Family Activity,Beach activity,"Short camel rides along the shoreline at Ganpatipule beach, a popular add-on for families visiting the temple and beach.",camel ride;family;beach activity,Rs 100-200 per ride,0.25-0.5,"Family,Kids",1,4.0,,,Evening,Oct-May,Outdoor,No,0,"Seasonal, evenings",Easy,Yes,No,At the beach,~7-7.5 hrs by road via NH66 (approx 355 km),General Konkan tourism knowledge,,2026-09-23,150.0,0.375,0.0,,26.83333333333333,355.0,True,False,No,False,Outdoor,True,True,False,,No verified real photo found for this category - left blank
KONKAN012,Prachin Konkan Museum (Objects of History),Ganpatipule,Ratnagiri,Maharashtra,Konkan,17.1444,73.2666,Culture,Heritage museum,"An open-air museum recreating old Konkani village life with life-size dioramas of rural crafts, farming tools and traditional homes.",museum;heritage;village life;culture,Rs 40-80 entry,1-2,"Culture,Family,Photography",1,30.0,,,Daytime,Year-round,Outdoor/Indoor,No,0,Daily,Easy,Yes,No,5 min from Ganpatipule temple,~7-7.5 hrs by road via NH66 (approx 355 km),General Konkan tourism knowledge,,2026-09-23,60.0,1.5,0.0,5.0,26.83333333333333,355.0,True,False,No,False,Mixed,True,True,False,,No verified real photo found for this category - left blank
KONKAN013,Aare-Ware Beach & Sunset Point,Ganpatipule,Ratnagiri,Maharashtra,Konkan,17.1444,73.2666,Beach,Viewpoint beach,"A dramatic, rugged coastal stretch near Ganpatipule with rocky cliffs, tide pools and one of the best sunset viewpoints in the area.",beach;cliffs;sunset;photography;hidden gem,Free,1-2,"Photography,Nature,Sunset",1,20.0,,,Sunset,Oct-May,Outdoor,No,0,Daily,"Moderate, rocky terrain",Yes,Yes,10-15 min from Ganpatipule,~7-7.5 hrs by road via NH66 (approx 355 km),General Konkan tourism knowledge,,2026-09-23,0.0,1.5,0.0,12.5,26.83333333333333,355.0,True,True,No,False,Outdoor,True,True,False,https://commons.wikimedia.org/wiki/Special:FilePath/Deogad%20Beach%20in%20Sindhudurg%20district%20%2CKonkan%20region%20Maharashtra%2C%20India.JPG,"Wikimedia Commons - Deogad Beach, Sindhudurg, Konkan (representative Beach/Coastal photo)"
KONKAN014,Malgund - Keshavsuta Memorial,Malgund,Ratnagiri,Maharashtra,Konkan,17.15,73.2667,Culture,Literary heritage,"Birthplace and memorial of Marathi poet Keshavsuta in the small village of Malgund, adjoining a quiet beach, of interest to literature and heritage enthusiasts.",literary heritage;museum;poet;village,Rs 10-20,0.5-1,"Culture,History",1,15.0,,,Daytime,Year-round,Indoor,No,0,Daily,Easy,Yes,Yes,5 min from Ganpatipule,~7 hrs by road via NH66 (approx 350 km),General Konkan tourism knowledge,,2026-09-23,15.0,0.75,0.0,5.0,36.5,350.0,True,True,No,False,Indoor,True,True,False,,No verified real photo found for this category - left blank
KONKAN015,Jaigad Fort & Lighthouse,Jaigad,Ratnagiri,Maharashtra,Konkan,17.3167,73.2167,Fort,Sea fort,"A 16th-century fort at the mouth of the Shastri river with an adjoining lighthouse, offering sweeping views of the river-meets-sea confluence.",fort;lighthouse;river confluence;history;photography,Free (lighthouse entry nominal),1-2,"History,Photography,Nature",1,20.0,,,Morning or late afternoon,Oct-May,Outdoor,No,0,Daily,Moderate walking,Yes,Yes,20-25 min from Ganpatipule,~6.5 hrs by road via NH66 (approx 320 km),General Konkan tourism knowledge,,2026-09-23,0.0,1.5,0.0,22.5,36.25,320.0,True,True,No,False,Outdoor,True,True,False,https://commons.wikimedia.org/wiki/Special:FilePath/Red%20Fort%20Delhi.jpg,"Wikimedia Commons - Red Fort, Delhi (representative Heritage/Fort/Architecture/Museum photo)"
KONKAN016,Purnagad Fort,Ratnagiri,Ratnagiri,Maharashtra,Konkan,16.9902,73.312,Fort,River-mouth fort,"A small, lesser-visited coastal fort at the mouth of the Muchkundi river near Ratnagiri, known for quiet river-sea views and a nearby Ganpati temple.",fort;hidden gem;river;history,Free,1,"History,Photography,Hidden gem",1,15.0,,,Morning,Oct-May,Outdoor,No,0,Daily,Moderate,Yes,Yes,20 min from Ratnagiri city,~6.5-7 hrs by road via NH66 (approx 330 km),General Konkan tourism knowledge,,2026-09-23,0.0,1.0,0.0,20.0,26.5,330.0,True,True,No,False,Outdoor,True,True,False,https://commons.wikimedia.org/wiki/Special:FilePath/Red%20Fort%20Delhi.jpg,"Wikimedia Commons - Red Fort, Delhi (representative Heritage/Fort/Architecture/Museum photo)"
KONKAN017,"Swami Swaroopanand Ashram, Pawas",Pawas,Ratnagiri,Maharashtra,Konkan,17.0333,73.3167,Temple,Ashram/pilgrimage,"A serene spiritual retreat and ashram at Pawas associated with saint Swami Swaroopanand, drawing devotees for meditation and quiet reflection.",ashram;spiritual;pilgrimage;meditation,Free,1-2,"Pilgrimage,Culture",1,50.0,,,Morning,Year-round,Outdoor/Indoor,No,0,Daily,Easy,Yes,No,Pawas town centre,~6.5 hrs by road via NH66 (approx 335 km),General Konkan tourism knowledge,,2026-09-23,0.0,1.5,0.0,,36.25,335.0,True,False,No,False,Mixed,True,True,False,https://commons.wikimedia.org/wiki/Special:FilePath/Khandoba%20temple%20Pune.jpg,"Wikimedia Commons - Khandoba Temple, Pune (representative Temple/Religious photo)"
KONKAN018,Velneshwar Beach,Velneshwar,Ratnagiri,Maharashtra,Konkan,17.5167,73.1667,Beach,Crescent beach,"A quiet, curved beach flanked by a hillside Shiva temple, known for calmer waters and fewer crowds compared to Ganpatipule.",beach;temple;calm water;hidden gem,Free,1-2,"Family,Relaxation,Photography",1,30.0,,,Morning or evening,Oct-May,Outdoor,No,0,Daily,Easy,Yes,Yes,10-15 min from Guhagar,~6 hrs by road (approx 285 km),General Konkan tourism knowledge,,2026-09-23,0.0,1.5,0.0,12.5,6.0,285.0,True,True,No,False,Outdoor,True,True,False,https://commons.wikimedia.org/wiki/Special:FilePath/Deogad%20Beach%20in%20Sindhudurg%20district%20%2CKonkan%20region%20Maharashtra%2C%20India.JPG,"Wikimedia Commons - Deogad Beach, Sindhudurg, Konkan (representative Beach/Coastal photo)"
KONKAN019,Guhagar Beach,Guhagar,Ratnagiri,Maharashtra,Konkan,17.4833,73.1833,Beach,Casuarina-lined beach,"A long, clean, relatively uncrowded beach fringed with casuarina and coconut trees, considered one of the cleanest in the Konkan.",beach;casuarina;clean beach;relaxation,Free,2-3,"Family,Relaxation,Photography",1,40.0,,,Morning or evening,Oct-May,Outdoor,No,0,Daily,Easy,Yes,No,Town centre,~6 hrs by road via NH66/Guhagar road (approx 280 km),General Konkan tourism knowledge,,2026-09-23,0.0,2.5,0.0,,36.0,280.0,True,False,No,False,Outdoor,True,True,False,https://commons.wikimedia.org/wiki/Special:FilePath/Deogad%20Beach%20in%20Sindhudurg%20district%20%2CKonkan%20region%20Maharashtra%2C%20India.JPG,"Wikimedia Commons - Deogad Beach, Sindhudurg, Konkan (representative Beach/Coastal photo)"
KONKAN020,"Vyadeshwar Temple, Guhagar",Guhagar,Ratnagiri,Maharashtra,Konkan,17.4833,73.1833,Temple,Heritage Shiva temple,"An ancient, richly carved stone Shiva temple in the heart of Guhagar town, considered among the important temples of the Konkan coast.",temple;heritage;shiva;architecture,Free,1,"Culture,Pilgrimage,History",1,30.0,,,Morning or evening aarti,Year-round,Outdoor/Indoor,No,0,Daily,Easy,Yes,No,Town centre,~6 hrs by road via NH66/Guhagar road (approx 280 km),Expedia (Guhagar city guide),https://www.expedia.com/cn/Guhagar.dx3000406910,2026-09-23,0.0,1.0,0.0,,36.0,280.0,True,False,No,False,Mixed,True,True,False,https://commons.wikimedia.org/wiki/Special:FilePath/Khandoba%20temple%20Pune.jpg,"Wikimedia Commons - Khandoba Temple, Pune (representative Temple/Religious photo)"
KONKAN021,Hedvi - Dashabhuja Ganpati Temple,Guhagar,Ratnagiri,Maharashtra,Konkan,17.4833,73.1833,Temple,Heritage temple,"A unique ten-armed (Dashabhuja) black-stone Ganesh idol temple near Hedvi village, one of the more distinctive shrines on the Ratnagiri coast.",temple;ganpati;hidden gem;heritage,Free,1,"Culture,Pilgrimage,Photography",1,30.0,,,Morning,Year-round,Outdoor/Indoor,No,0,Daily,Easy,Yes,Yes,20-25 min from Guhagar,~6 hrs by road via NH66/Guhagar road (approx 280 km),General Konkan tourism knowledge,,2026-09-23,0.0,1.0,0.0,22.5,36.0,280.0,True,True,No,False,Mixed,True,True,False,https://commons.wikimedia.org/wiki/Special:FilePath/Khandoba%20temple%20Pune.jpg,"Wikimedia Commons - Khandoba Temple, Pune (representative Temple/Religious photo)"
KONKAN022,"Gopalgad Hill Fort, Anjanvel",Guhagar,Ratnagiri,Maharashtra,Konkan,17.4833,73.1833,Fort,Hilltop fort,"A modest hill fort near Anjanvel with sea-facing ramparts, reachable by a short climb, offering wide views over the Arabian Sea coastline.",fort;hiking;sea view;photography,Free,1-2,"Trekking,History,Photography",1,15.0,,,Morning,Oct-May,Outdoor,No,0,Daily,Moderate climb,Yes,Yes,20-30 min from Guhagar,~6 hrs by road via NH66/Guhagar road (approx 280 km),General Konkan tourism knowledge,,2026-09-23,0.0,1.5,0.0,25.0,36.0,280.0,True,True,No,False,Outdoor,True,True,False,https://commons.wikimedia.org/wiki/Special:FilePath/Red%20Fort%20Delhi.jpg,"Wikimedia Commons - Red Fort, Delhi (representative Heritage/Fort/Architecture/Museum photo)"
KONKAN023,Palshet Beach,Guhagar,Ratnagiri,Maharashtra,Konkan,17.4833,73.1833,Beach,Secluded beach,"A quiet, less-visited beach close to Guhagar backed by coconut groves, good for a peaceful walk away from crowds.",beach;hidden gem;quiet;nature,Free,1-2,"Relaxation,Photography,Hidden gem",1,20.0,,,Morning or evening,Oct-May,Outdoor,No,0,Daily,Easy,Yes,Yes,10 min from Guhagar,~6 hrs by road via NH66/Guhagar road (approx 280 km),General Konkan tourism knowledge,,2026-09-23,0.0,1.5,0.0,10.0,36.0,280.0,True,True,No,False,Outdoor,True,True,False,https://commons.wikimedia.org/wiki/Special:FilePath/Deogad%20Beach%20in%20Sindhudurg%20district%20%2CKonkan%20region%20Maharashtra%2C%20India.JPG,"Wikimedia Commons - Deogad Beach, Sindhudurg, Konkan (representative Beach/Coastal photo)"
KONKAN024,Guhagar Coconut & Betel-nut Grove Walk,Guhagar,Ratnagiri,Maharashtra,Konkan,17.4833,73.1833,Agriculture,Plantation walk,"A guided walk through Guhagar's dense coconut and areca (betel-nut) plantations, with insight into traditional Konkan cultivation practices.",coconut;plantation;agri-tourism;village life,Rs 100-300,1-2,"Agri-tourism,Nature,Family",2,15.0,,,Morning,Year-round,Outdoor,Yes,1-2 days,Seasonal availability,"Easy, uneven ground",Yes,Yes,"Varies, near town",~6 hrs by road via NH66/Guhagar road (approx 280 km),General Konkan tourism knowledge,,2026-09-23,200.0,1.5,1.5,,36.0,280.0,True,True,Yes,True,Outdoor,True,True,False,https://commons.wikimedia.org/wiki/Special:FilePath/Kaas%20Pathar%2C%20Satara%2C%20Maharashtra%2C%20India%20%282018%29%202.jpg,"Wikimedia Commons - Kaas Pathar, Satara (representative Nature/Wildlife photo)"
KONKAN025,Karde Beach,Dapoli,Ratnagiri,Maharashtra,Konkan,17.7573,73.178,Beach,Popular beach,"One of Dapoli's most popular beaches with soft sand and moderate waves, lined with beach shacks serving Konkani seafood.",beach;seafood;family;popular,Free,2-3,"Family,Seafood,Relaxation",1,40.0,,,Morning or evening,Oct-May,Outdoor,No,0,Daily,Easy,Yes,No,10-15 min from Dapoli town,~4.5-5 hrs by road via Mumbai-Goa/coastal road (approx 215 km),General Konkan tourism knowledge,,2026-09-23,0.0,2.5,0.0,12.5,4.75,215.0,True,False,No,False,Outdoor,True,True,False,https://commons.wikimedia.org/wiki/Special:FilePath/Deogad%20Beach%20in%20Sindhudurg%20district%20%2CKonkan%20region%20Maharashtra%2C%20India.JPG,"Wikimedia Commons - Deogad Beach, Sindhudurg, Konkan (representative Beach/Coastal photo)"
KONKAN026,Ladghar Beach,Dapoli,Ratnagiri,Maharashtra,Konkan,17.7573,73.178,Beach,Quiet beach,"A calmer, less commercial beach near Dapoli, popular with those staying at nearby homestays for a peaceful coastal experience.",beach;quiet;homestay;relaxation,Free,1-2,"Relaxation,Photography,Family",1,30.0,,,Morning or evening,Oct-May,Outdoor,No,0,Daily,Easy,Yes,Yes,10 min from Dapoli town,~4.5-5 hrs by road via Mumbai-Goa/coastal road (approx 215 km),General Konkan tourism knowledge,,2026-09-23,0.0,1.5,0.0,10.0,4.75,215.0,True,True,No,False,Outdoor,True,True,False,https://commons.wikimedia.org/wiki/Special:FilePath/Deogad%20Beach%20in%20Sindhudurg%20district%20%2CKonkan%20region%20Maharashtra%2C%20India.JPG,"Wikimedia Commons - Deogad Beach, Sindhudurg, Konkan (representative Beach/Coastal photo)"
KONKAN027,Anjarle Beach & Kadyavarcha Ganpati Temple,Anjarle,Ratnagiri,Maharashtra,Konkan,17.8167,73.1,Temple,Cliff-top temple + beach,"A dramatic cliff-top Ganpati temple overlooking the sea at Anjarle, paired with a clean, quiet beach below, one of Dapoli taluka's most photogenic spots.",temple;beach;cliff;photography;hidden gem,Free,1-2,"Photography,Pilgrimage,Nature",1,30.0,,,Morning or sunset,Oct-May,Outdoor,No,0,Daily,"Moderate, steps to temple",Yes,Yes,25-30 min from Dapoli town,~5 hrs by road (approx 220 km),General Konkan tourism knowledge,,2026-09-23,0.0,1.5,0.0,27.5,5.0,220.0,True,True,No,False,Outdoor,True,True,False,https://commons.wikimedia.org/wiki/Special:FilePath/Khandoba%20temple%20Pune.jpg,"Wikimedia Commons - Khandoba Temple, Pune (representative Temple/Religious photo)"
KONKAN028,"Suvarnadurg Fort, Harnai",Harnai,Ratnagiri,Maharashtra,Konkan,17.7833,73.0833,Fort,Island sea fort,"A 17th-century Maratha island fort off Harnai, reached by a short boat ride, with a companion mainland fort (Kanakadurga) guarding the harbour.",fort;island;boat ride;history;maratha empire,Boat ride approx Rs 100-300 per person,2-3,"History,Photography,Adventure",2,15.0,,,"Morning, low tide preferred",Oct-May,Outdoor,Yes (boat),0-1 day,Weather/tide dependent,"Moderate, boat + fort walk",Yes,No,20 min from Dapoli town,~5 hrs by road (approx 225 km),General Konkan tourism knowledge,,2026-09-23,200.0,2.5,0.5,20.0,5.0,225.0,True,False,Yes (boat),True,Outdoor,True,True,False,https://commons.wikimedia.org/wiki/Special:FilePath/Red%20Fort%20Delhi.jpg,"Wikimedia Commons - Red Fort, Delhi (representative Heritage/Fort/Architecture/Museum photo)"
KONKAN029,Harnai Fishing Harbour Experience,Harnai,Ratnagiri,Maharashtra,Konkan,17.7833,73.0833,Fishing,Working harbour,"Watch (and with local fishermen's permission, join) the early-morning bustle of one of the Konkan's busiest fishing harbours as trawlers unload their catch.",fishing;harbour;local life;photography,Free to observe; boat trips negotiable,2-3,"Photography,Local life,Adventure",1,10.0,,,Early morning,Year-round (best outside monsoon fishing ban),Outdoor,No,0,Daily,Easy to moderate,Yes,Yes,20 min from Dapoli town,~5 hrs by road (approx 225 km),General Konkan tourism knowledge,,2026-09-23,0.0,2.5,0.0,20.0,5.0,225.0,True,True,No,False,Outdoor,True,True,False,https://commons.wikimedia.org/wiki/Special:FilePath/Deogad%20Beach%20in%20Sindhudurg%20district%20%2CKonkan%20region%20Maharashtra%2C%20India.JPG,"Wikimedia Commons - Deogad Beach, Sindhudurg, Konkan (representative Beach/Coastal photo)"
KONKAN030,Dr. Balasaheb Sawant Konkan Krishi Vidyapeeth Agri Tour,Dapoli,Ratnagiri,Maharashtra,Konkan,17.7573,73.178,Agriculture,Agricultural university,"Guided tour of Dapoli's Konkan agricultural university campus and demonstration farms, showcasing mango, cashew and coastal crop research.",agriculture;mango;cashew;education;agri-tourism,Free/nominal (prior permission),2-3,"Agri-tourism,Education,Family",2,20.0,,,Weekday mornings,Year-round,Outdoor,Yes,3-5 days,Institutional hours,Easy,Yes,No,Dapoli town,~4.5-5 hrs by road via Mumbai-Goa/coastal road (approx 215 km),General Konkan tourism knowledge,,2026-09-23,0.0,2.5,4.0,,4.75,215.0,True,False,Yes,True,Outdoor,True,True,False,https://commons.wikimedia.org/wiki/Special:FilePath/Kaas%20Pathar%2C%20Satara%2C%20Maharashtra%2C%20India%20%282018%29%202.jpg,"Wikimedia Commons - Kaas Pathar, Satara (representative Nature/Wildlife photo)"
KONKAN031,Dapoli Cashew & Mango Farm Visit,Dapoli,Ratnagiri,Maharashtra,Konkan,17.7573,73.178,Agriculture,Orchard tour,"Visit a family-run Dapoli orchard growing Alphonso mangoes and cashew, with a tasting of fresh cashew (and feni where locally made) in season.",cashew;mango;agri-tourism;farm stay,Rs 200-500,2-3,"Agri-tourism,Family,Foodies",2,12.0,,,"Feb-May (mango), Mar-May (cashew)",Feb-May,Outdoor,Yes,2-3 days,Seasonal,"Easy, uneven terrain",Yes,No,"Varies, near town",~4.5-5 hrs by road via Mumbai-Goa/coastal road (approx 215 km),General Konkan tourism knowledge,,2026-09-23,350.0,2.5,2.5,,4.75,215.0,True,False,Yes,True,Outdoor,True,True,False,https://commons.wikimedia.org/wiki/Special:FilePath/Kaas%20Pathar%2C%20Satara%2C%20Maharashtra%2C%20India%20%282018%29%202.jpg,"Wikimedia Commons - Kaas Pathar, Satara (representative Nature/Wildlife photo)"
KONKAN032,Unhavare Hot Water Springs,Dapoli,Ratnagiri,Maharashtra,Konkan,17.7573,73.178,Nature,Natural hot spring,"Natural sulphur hot-water springs near Dapoli, traditionally believed to have therapeutic properties, set in a rustic rural setting.",hot spring;nature;hidden gem;wellness,Free/nominal,1,"Nature,Wellness,Hidden gem",1,20.0,,,Morning,Year-round,Outdoor,No,0,Daily,Easy,Yes,Yes,20-25 min from Dapoli town,~4.5-5 hrs by road via Mumbai-Goa/coastal road (approx 215 km),General Konkan tourism knowledge,,2026-09-23,0.0,1.0,0.0,22.5,4.75,215.0,True,True,No,False,Outdoor,True,True,False,https://commons.wikimedia.org/wiki/Special:FilePath/Western-Ghats-Matheran.jpg,"Wikimedia Commons - Western Ghats, Matheran (representative Nature/scenic photo)"
KONKAN033,Dapoli Homestay & Village Life Experience,Dapoli,Ratnagiri,Maharashtra,Konkan,17.7573,73.178,Homestay,Rural homestay,"A stay with a local Konkani family in a traditional Dapoli homestay, including home-cooked meals, orchard walks and everyday village life.",homestay;village life;local cuisine;culture,Rs 1500-3000 per night incl. meals,24,"Culture,Family,Local life",2,6.0,,,"Any season, best Oct-May",Oct-May,Outdoor/Indoor,Yes,3-7 days,"Seasonal, subject to availability",Easy,Yes,No,Varies,~4.5-5 hrs by road via Mumbai-Goa/coastal road (approx 215 km),General Konkan tourism knowledge,,2026-09-23,2250.0,24.0,5.0,,4.75,215.0,True,False,Yes,True,Mixed,True,True,False,https://commons.wikimedia.org/wiki/Special:FilePath/Kaas%20Pathar%2C%20Satara%2C%20Maharashtra%2C%20India%20%282018%29%202.jpg,"Wikimedia Commons - Kaas Pathar, Satara (representative Nature/Wildlife photo)"
KONKAN034,Murud Beach (Dapoli),Dapoli,Ratnagiri,Maharashtra,Konkan,17.7573,73.178,Beach,Quiet beach,"A tranquil, relatively undiscovered beach in Dapoli taluka (not to be confused with Murud-Janjira in Raigad), popular with homestay guests.",beach;hidden gem;quiet;relaxation,Free,1-2,"Relaxation,Photography,Hidden gem",1,20.0,,,Morning or evening,Oct-May,Outdoor,No,0,Daily,Easy,Yes,Yes,15-20 min from Dapoli town,~4.5-5 hrs by road via Mumbai-Goa/coastal road (approx 215 km),General Konkan tourism knowledge,,2026-09-23,0.0,1.5,0.0,17.5,4.75,215.0,True,True,No,False,Outdoor,True,True,False,https://commons.wikimedia.org/wiki/Special:FilePath/Deogad%20Beach%20in%20Sindhudurg%20district%20%2CKonkan%20region%20Maharashtra%2C%20India.JPG,"Wikimedia Commons - Deogad Beach, Sindhudurg, Konkan (representative Beach/Coastal photo)"
KONKAN035,Dapoli Hill Viewpoint (Bhandarpuli),Dapoli,Ratnagiri,Maharashtra,Konkan,17.7573,73.178,Nature,Viewpoint,"An elevated viewpoint near Dapoli offering panoramic views of the coastline, orchards and the Sahyadri foothills, popular at sunrise/sunset.",viewpoint;photography;sunrise;sunset;nature,Free,1,"Photography,Nature,Trekking",1,15.0,,,Sunrise or sunset,Oct-May,Outdoor,No,0,Daily,Moderate,Yes,Yes,15 min from Dapoli town,~4.5-5 hrs by road via Mumbai-Goa/coastal road (approx 215 km),General Konkan tourism knowledge,,2026-09-23,0.0,1.0,0.0,15.0,4.75,215.0,True,True,No,False,Outdoor,True,True,False,https://commons.wikimedia.org/wiki/Special:FilePath/Western-Ghats-Matheran.jpg,"Wikimedia Commons - Western Ghats, Matheran (representative Nature/scenic photo)"
KONKAN036,"Parshuram Temple, Chiplun",Chiplun,Ratnagiri,Maharashtra,Konkan,17.5333,73.5167,Temple,Heritage temple,"An important pilgrimage temple dedicated to Lord Parshuram on a hillock overlooking Chiplun town, associated with the Konkan region's mythological origin.",temple;pilgrimage;heritage;hilltop,Free,1,"Pilgrimage,Culture,History",1,30.0,,,Morning,Year-round,Outdoor/Indoor,No,0,Daily,"Moderate, steps",Yes,No,10-15 min from Chiplun town,~5 hrs by road via NH66 (approx 245 km),General Konkan tourism knowledge,,2026-09-23,0.0,1.0,0.0,12.5,35.5,245.0,True,False,No,False,Mixed,True,True,False,https://commons.wikimedia.org/wiki/Special:FilePath/Khandoba%20temple%20Pune.jpg,"Wikimedia Commons - Khandoba Temple, Pune (representative Temple/Religious photo)"
KONKAN037,"Vashishti River Backwater Kayaking, Chiplun",Chiplun,Ratnagiri,Maharashtra,Konkan,17.5333,73.5167,Water Sports,Kayaking/boating,"Guided kayaking or boat rides on the calm, mangrove-lined Vashishti river backwaters near Chiplun, good for birdwatching and quiet paddling.",kayaking;backwaters;mangroves;birdwatching;nature,Rs 500-1200 per person,1-2,"Adventure,Nature,Photography",2,10.0,,,Early morning or late afternoon,Oct-May,Outdoor,Yes,1-2 days,"Seasonal, weather dependent",Moderate,Yes,No,5-10 min from Chiplun town,~5 hrs by road via NH66 (approx 245 km),General Konkan tourism knowledge,,2026-09-23,850.0,1.5,1.5,7.5,35.5,245.0,True,False,Yes,True,Outdoor,True,True,False,,No verified real photo found for this category - left blank
KONKAN038,Marleshwar Temple & Waterfall,Sangameshwar,Ratnagiri,Maharashtra,Konkan,17.1833,73.5333,Waterfall,Temple + waterfall trek,"A cave-set Shiva temple reached by climbing several hundred steps up a forested hill, beside a seasonal waterfall that roars in the monsoon.",waterfall;temple;trekking;monsoon;nature,Free (temple); parking nominal,2-3,"Trekking,Pilgrimage,Nature",1,20.0,,,"Monsoon for waterfall, Oct-May for temple trek","Jun-Sep (waterfall), Oct-May (trek)",Outdoor,No,0,Daily,"Challenging, many steps",Yes,No,30-40 min from Chiplun/Sangameshwar,~6 hrs by road (approx 300 km),General Konkan tourism knowledge,,2026-09-23,0.0,2.5,0.0,35.0,6.0,300.0,True,False,No,False,Outdoor,True,True,False,https://commons.wikimedia.org/wiki/Special:FilePath/Western-Ghats-Matheran.jpg,"Wikimedia Commons - Western Ghats, Matheran (representative Nature/scenic photo)"
KONKAN039,Derwan Shivsrushti (Shiv Srushti Museum),Chiplun,Ratnagiri,Maharashtra,Konkan,17.5333,73.5167,Culture,History theme park,"An open-air museum near Chiplun depicting the life and battles of Chhatrapati Shivaji Maharaj through dioramas, models and a light-and-sound show.",history;museum;maratha empire;family;education,Rs 100-200 entry,2-3,"History,Family,Education",1,40.0,,,Daytime,Year-round,Outdoor/Indoor,No,0,"Daily, closed some days",Easy,Yes,No,15-20 min from Chiplun town,~5 hrs by road via NH66 (approx 245 km),General Konkan tourism knowledge,,2026-09-23,150.0,2.5,0.0,17.5,35.5,245.0,True,False,No,False,Mixed,True,True,False,,No verified real photo found for this category - left blank
KONKAN040,Rajwadi Waterfall,Chiplun,Ratnagiri,Maharashtra,Konkan,17.5333,73.5167,Waterfall,Monsoon waterfall,"A scenic, lesser-known waterfall in the hills near Chiplun that flows strongly during and just after the monsoon, popular with local trekkers.",waterfall;monsoon;hidden gem;trekking,Free,2-3,"Trekking,Nature,Photography",2,15.0,,,Jul-Oct,Jun-Oct,Outdoor,No,0,Seasonal,Moderate to challenging,Yes,Yes,30-45 min from Chiplun town,~5 hrs by road via NH66 (approx 245 km),General Konkan tourism knowledge,,2026-09-23,0.0,2.5,0.0,37.5,35.5,245.0,True,True,No,False,Outdoor,True,True,False,https://commons.wikimedia.org/wiki/Special:FilePath/Western-Ghats-Matheran.jpg,"Wikimedia Commons - Western Ghats, Matheran (representative Nature/scenic photo)"
KONKAN041,Gothane Waterfall,Chiplun,Ratnagiri,Maharashtra,Konkan,17.5333,73.5167,Waterfall,Monsoon waterfall,"A quieter monsoon waterfall near Chiplun favoured by locals over more crowded falls, framed by dense Sahyadri foothill greenery.",waterfall;hidden gem;monsoon;nature,Free,2-3,"Trekking,Nature,Hidden gem",2,15.0,,,Jul-Sep,Jun-Sep,Outdoor,No,0,Seasonal,Moderate,Yes,Yes,30-40 min from Chiplun town,~5 hrs by road via NH66 (approx 245 km),General Konkan tourism knowledge,,2026-09-23,0.0,2.5,0.0,35.0,35.5,245.0,True,True,No,False,Outdoor,True,True,False,https://commons.wikimedia.org/wiki/Special:FilePath/Western-Ghats-Matheran.jpg,"Wikimedia Commons - Western Ghats, Matheran (representative Nature/scenic photo)"
KONKAN042,Koyna Wildlife Sanctuary Day Trip (from Chiplun),Chiplun,Ratnagiri,Maharashtra,Konkan,17.5333,73.5167,Wildlife,Wildlife sanctuary,"A day excursion from Chiplun towards the forested Koyna Wildlife Sanctuary in the Sahyadri hills, known for its biodiversity, gaur and birdlife (part of the Western Ghats UNESCO site).",wildlife;forest;western ghats;biodiversity;nature,Forest dept entry fees vary,4-6,"Wildlife,Nature,Trekking",2,15.0,,,Oct-Apr,Oct-Apr,Outdoor,Yes,2-3 days,"Seasonal, permit dependent",Moderate to challenging,Yes,No,1.5-2 hrs from Chiplun town,~5 hrs by road via NH66 (approx 245 km),General Konkan tourism knowledge,,2026-09-23,,5.0,2.5,1.75,35.5,245.0,True,False,Yes,True,Outdoor,True,True,False,https://commons.wikimedia.org/wiki/Special:FilePath/Kaas%20Pathar%2C%20Satara%2C%20Maharashtra%2C%20India%20%282018%29%202.jpg,"Wikimedia Commons - Kaas Pathar, Satara (representative Nature/Wildlife photo)"
KONKAN043,Chiplun Alphonso & Cashew Market Walk,Chiplun,Ratnagiri,Maharashtra,Konkan,17.5333,73.5167,Local Cuisine,Market walk,"A walk through Chiplun's bustling local market during mango and cashew season, sampling Konkani snacks, sol kadhi and fresh produce.",market;local cuisine;mango;cashew;food trail,Free entry; food nominal,1-2,"Foodies,Local life,Photography",1,10.0,,,Feb-May,Feb-May,Outdoor,No,0,"Daily, seasonal produce",Easy,Yes,No,Chiplun town centre,~5 hrs by road via NH66 (approx 245 km),General Konkan tourism knowledge,,2026-09-23,0.0,1.5,0.0,,35.5,245.0,True,False,No,False,Outdoor,True,True,False,https://commons.wikimedia.org/wiki/Special:FilePath/Street%20Food.jpg,"Wikimedia Commons - Street Food, Old Delhi (representative Food photo)"
KONKAN044,"Dhutpapeshwar Temple, Rajapur",Rajapur,Ratnagiri,Maharashtra,Konkan,16.65,73.5167,Temple,Riverside temple,"An ancient Shiva temple on the banks of the Kajali river near Rajapur, known for its old stone carving and tranquil riverside setting.",temple;heritage;river;pilgrimage,Free,1-2,"Pilgrimage,Culture,Nature",1,20.0,,,Morning,Year-round,Outdoor/Indoor,No,0,Daily,Easy,Yes,Yes,10-15 min from Rajapur town,~7.5 hrs by road via NH66 (approx 390 km),General Konkan tourism knowledge,,2026-09-23,0.0,1.5,0.0,12.5,36.75,390.0,True,True,No,False,Mixed,True,True,False,https://commons.wikimedia.org/wiki/Special:FilePath/Khandoba%20temple%20Pune.jpg,"Wikimedia Commons - Khandoba Temple, Pune (representative Temple/Religious photo)"
KONKAN045,Unkeshwar Hot Springs,Rajapur,Ratnagiri,Maharashtra,Konkan,16.65,73.5167,Nature,Hot spring,"Natural hot-water springs near Rajapur with a small temple complex, believed locally to have healing properties, set amid quiet countryside.",hot spring;nature;pilgrimage;hidden gem,Free/nominal,1-2,"Nature,Wellness,Hidden gem",1,20.0,,,Morning,Year-round,Outdoor,No,0,Daily,Easy,Yes,Yes,30-40 min from Rajapur town,~7.5 hrs by road via NH66 (approx 390 km),General Konkan tourism knowledge,,2026-09-23,0.0,1.5,0.0,35.0,36.75,390.0,True,True,No,False,Outdoor,True,True,False,https://commons.wikimedia.org/wiki/Special:FilePath/Western-Ghats-Matheran.jpg,"Wikimedia Commons - Western Ghats, Matheran (representative Nature/scenic photo)"
KONKAN046,Rajapur Ganga (Intermittent Spring),Rajapur,Ratnagiri,Maharashtra,Konkan,16.65,73.5167,Nature,Seasonal spring,"A famous intermittently-flowing natural spring near Rajapur believed by locals to be linked to the Ganges, drawing pilgrims when it flows.",spring;pilgrimage;nature;hidden gem,Free,1,"Pilgrimage,Nature,Hidden gem",1,30.0,,,"Varies (intermittent flow, often summer)",Year-round (flow unpredictable),Outdoor,No,0,"Unpredictable, check locally",Easy,Yes,Yes,20-25 min from Rajapur town,~7.5 hrs by road via NH66 (approx 390 km),General Konkan tourism knowledge,,2026-09-23,0.0,1.0,0.0,22.5,36.75,390.0,True,True,No,False,Outdoor,True,True,False,https://commons.wikimedia.org/wiki/Special:FilePath/Western-Ghats-Matheran.jpg,"Wikimedia Commons - Western Ghats, Matheran (representative Nature/scenic photo)"
KONKAN047,Nate Fishing Village Experience,Rajapur,Ratnagiri,Maharashtra,Konkan,16.65,73.5167,Fishing,Village/harbour,"A small traditional fishing village near Rajapur where visitors can watch net-mending, boat building and the daily rhythms of a Konkan fishing community.",fishing;village life;local culture;hidden gem,Free to observe,2-3,"Local life,Photography,Culture",1,10.0,,,Early morning,Year-round (outside monsoon fishing ban),Outdoor,No,0,Daily,Easy,Yes,Yes,30-40 min from Rajapur town,~7.5 hrs by road via NH66 (approx 390 km),General Konkan tourism knowledge,,2026-09-23,0.0,2.5,0.0,35.0,36.75,390.0,True,True,No,False,Outdoor,True,True,False,https://commons.wikimedia.org/wiki/Special:FilePath/Deogad%20Beach%20in%20Sindhudurg%20district%20%2CKonkan%20region%20Maharashtra%2C%20India.JPG,"Wikimedia Commons - Deogad Beach, Sindhudurg, Konkan (representative Beach/Coastal photo)"
KONKAN048,Jaitapur Coastal Drive & Viewpoint,Rajapur,Ratnagiri,Maharashtra,Konkan,16.65,73.5167,Nature,Coastal viewpoint,"A scenic, little-visited stretch of coastline near Jaitapur with rocky headlands, ideal for a quiet drive and photography away from tourist crowds.",coastal drive;photography;hidden gem;nature,Free,1-2,"Photography,Nature,Hidden gem",1,10.0,,,Morning or evening,Oct-May,Outdoor,No,0,Daily,Easy,Yes,Yes,30-40 min from Rajapur town,~7.5 hrs by road via NH66 (approx 390 km),General Konkan tourism knowledge,,2026-09-23,0.0,1.5,0.0,35.0,36.75,390.0,True,True,No,False,Outdoor,True,True,False,https://commons.wikimedia.org/wiki/Special:FilePath/Western-Ghats-Matheran.jpg,"Wikimedia Commons - Western Ghats, Matheran (representative Nature/scenic photo)"
KONKAN049,Solgaon Cashew Belt Walk,Rajapur,Ratnagiri,Maharashtra,Konkan,16.65,73.5167,Agriculture,Cashew orchard,"A rural walk through Solgaon's cashew plantations, one of the Konkan's traditional cashew-growing belts, with a chance to see cashew-apple and feni processing in season.",cashew;agri-tourism;village life;feni,Rs 100-300,2,"Agri-tourism,Local life,Foodies",2,10.0,,,Mar-May,Mar-May,Outdoor,Yes,2-3 days,Seasonal,"Easy, uneven terrain",Yes,Yes,20 min from Rajapur town,~7.5 hrs by road via NH66 (approx 390 km),General Konkan tourism knowledge,,2026-09-23,200.0,2.0,2.5,20.0,36.75,390.0,True,True,Yes,True,Outdoor,True,True,False,https://commons.wikimedia.org/wiki/Special:FilePath/Kaas%20Pathar%2C%20Satara%2C%20Maharashtra%2C%20India%20%282018%29%202.jpg,"Wikimedia Commons - Kaas Pathar, Satara (representative Nature/Wildlife photo)"
KONKAN050,Devgad Beach,Devgad,Sindhudurg,Maharashtra,Konkan,16.3833,73.3833,Beach,Quiet beach,"A clean, uncrowded beach in Devgad town famous as the heart of the original Devgad Alphonso mango-growing region.",beach;mango region;quiet;relaxation,Free,1-2,"Relaxation,Photography,Family",1,30.0,,,Morning or evening,Oct-May,Outdoor,No,0,Daily,Easy,Yes,No,Devgad town centre,~8.5 hrs by road via NH66 (approx 440 km),General Konkan tourism knowledge,,2026-09-23,0.0,1.5,0.0,,37.25,440.0,True,False,No,False,Outdoor,True,True,False,https://commons.wikimedia.org/wiki/Special:FilePath/Deogad%20Beach%20in%20Sindhudurg%20district%20%2CKonkan%20region%20Maharashtra%2C%20India.JPG,"Wikimedia Commons - Deogad Beach, Sindhudurg, Konkan (representative Beach/Coastal photo)"
KONKAN051,Vijaydurg Fort,Devgad,Sindhudurg,Maharashtra,Konkan,16.3833,73.3833,Fort,Historic sea fort,"A formidable Maratha naval fort at the mouth of the Vaghotan river, known for its triple ramparts and a submerged underwater wall built to trap enemy ships.",fort;maratha navy;history;photography;heritage,Rs 25-50 entry,2-3,"History,Photography,Culture",1,30.0,,,Morning or late afternoon,Oct-May,Outdoor,No,0,Daily,"Moderate, uneven fort terrain",Yes,No,30-40 min from Devgad town,~8.5 hrs by road via NH66 (approx 440 km),General Konkan tourism knowledge,,2026-09-23,37.5,2.5,0.0,35.0,37.25,440.0,True,False,No,False,Outdoor,True,True,False,https://commons.wikimedia.org/wiki/Special:FilePath/Red%20Fort%20Delhi.jpg,"Wikimedia Commons - Red Fort, Delhi (representative Heritage/Fort/Architecture/Museum photo)"
KONKAN052,Devgad Alphonso Mango Orchard Tour,Devgad,Sindhudurg,Maharashtra,Konkan,16.3833,73.3833,Agriculture,Mango orchard,"A tour of an orchard in Devgad, home of the most prized (GI-tagged) Alphonso mangoes in India, with tasting and grading demonstrations in season.",mango;alphonso;GI tag;agri-tourism;farm visit,Rs 300-600,2-3,"Agri-tourism,Foodies,Family",2,15.0,,,Mar-May,Mar-May,Outdoor,Yes,3-5 days,Seasonal (Mar-May),"Easy, uneven farm terrain",Yes,No,"Varies, near town",~8.5 hrs by road via NH66 (approx 440 km),General Konkan tourism knowledge,,2026-09-23,450.0,2.5,4.0,,37.25,440.0,True,False,Yes,True,Outdoor,True,True,False,https://commons.wikimedia.org/wiki/Special:FilePath/Kaas%20Pathar%2C%20Satara%2C%20Maharashtra%2C%20India%20%282018%29%202.jpg,"Wikimedia Commons - Kaas Pathar, Satara (representative Nature/Wildlife photo)"
KONKAN053,Kunkeshwar Temple & Beach,Kunkeshwar,Sindhudurg,Maharashtra,Konkan,16.2167,73.3667,Temple,Beachfront Shiva temple,"An ancient Shiva temple standing directly on a scenic beach at Kunkeshwar, sometimes called the 'Kashi of the Konkan', combining pilgrimage with a quiet coastal setting.",temple;beach;pilgrimage;heritage,Free,1-2,"Pilgrimage,Culture,Photography",1,40.0,,,Morning or evening aarti,Year-round,Outdoor/Indoor,No,0,Daily,Easy,Yes,No,30-35 min from Devgad town,~8.5 hrs by road (approx 445 km),General Konkan tourism knowledge,,2026-09-23,0.0,1.5,0.0,32.5,8.5,445.0,True,False,No,False,Mixed,True,True,False,https://commons.wikimedia.org/wiki/Special:FilePath/Khandoba%20temple%20Pune.jpg,"Wikimedia Commons - Khandoba Temple, Pune (representative Temple/Religious photo)"
KONKAN054,Devgad Lighthouse Point,Devgad,Sindhudurg,Maharashtra,Konkan,16.3833,73.3833,Nature,Coastal viewpoint,"A rocky headland near Devgad with a lighthouse, offering sweeping sea views and a quiet spot for sunset photography.",lighthouse;sunset;photography;hidden gem,Free,1,"Photography,Nature,Sunset",1,15.0,,,Sunset,Oct-May,Outdoor,No,0,Daily,"Moderate, uneven rocks",Yes,Yes,20-25 min from Devgad town,~8.5 hrs by road via NH66 (approx 440 km),General Konkan tourism knowledge,,2026-09-23,0.0,1.0,0.0,22.5,37.25,440.0,True,True,No,False,Outdoor,True,True,False,https://commons.wikimedia.org/wiki/Special:FilePath/Western-Ghats-Matheran.jpg,"Wikimedia Commons - Western Ghats, Matheran (representative Nature/scenic photo)"
KONKAN055,Girye Fort (Yashwantgad),Devgad,Sindhudurg,Maharashtra,Konkan,16.3833,73.3833,Fort,Coastal fort,"A lesser-visited coastal fort near Devgad with sea-facing bastions, appealing to travellers seeking quieter Konkan forts away from the main circuit.",fort;hidden gem;history;coastal,Free,1-2,"History,Photography,Hidden gem",1,15.0,,,Morning,Oct-May,Outdoor,No,0,Daily,Moderate,Yes,Yes,20-30 min from Devgad town,~8.5 hrs by road via NH66 (approx 440 km),General Konkan tourism knowledge,,2026-09-23,0.0,1.5,0.0,25.0,37.25,440.0,True,True,No,False,Outdoor,True,True,False,https://commons.wikimedia.org/wiki/Special:FilePath/Red%20Fort%20Delhi.jpg,"Wikimedia Commons - Red Fort, Delhi (representative Heritage/Fort/Architecture/Museum photo)"
KONKAN056,Sindhudurg Fort,Malvan,Sindhudurg,Maharashtra,Konkan,16.0667,73.4667,Fort,Island sea fort,"A massive island sea-fort built by Chhatrapati Shivaji Maharaj in 1664, reached by a short ferry from Malvan jetty, with an old Shiva temple and Shivaji's handprint shrine inside.",fort;maratha empire;island;boat ride;heritage,Ferry approx Rs 60-100 + entry Rs 25-50,2-3,"History,Culture,Photography",1,15.0,,,Morning to early afternoon,Oct-May,Outdoor,Yes (ferry),0-1 day,"Daily, tide/weather dependent","Moderate, boat + fort walking",Yes,No,At Malvan jetty,~9.5 hrs by road via NH66 (approx 485 km),Wikipedia (Tarkarli/Malvan region),https://www.wikipedia.com/wiki/Tarkarli,2026-09-23,58.75,2.5,0.5,,37.75,485.0,True,False,Yes (ferry),True,Outdoor,True,True,False,https://commons.wikimedia.org/wiki/Special:FilePath/Red%20Fort%20Delhi.jpg,"Wikimedia Commons - Red Fort, Delhi (representative Heritage/Fort/Architecture/Museum photo)"
KONKAN057,Malvan Rock Garden,Malvan,Sindhudurg,Maharashtra,Konkan,16.0667,73.4667,Nature,Coastal viewpoint,"A rocky garden promenade along the Malvan coastline, a popular local spot to watch the sunset with views towards Sindhudurg Fort.",sunset;photography;coastal;local life,Free,1,"Photography,Nature,Sunset",1,30.0,,,Sunset,Oct-May,Outdoor,No,0,Daily,Easy,Yes,No,5-10 min from Malvan town,~9.5 hrs by road via NH66 (approx 485 km),General Konkan tourism knowledge,,2026-09-23,0.0,1.0,0.0,7.5,37.75,485.0,True,False,No,False,Outdoor,True,True,False,https://commons.wikimedia.org/wiki/Special:FilePath/Western-Ghats-Matheran.jpg,"Wikimedia Commons - Western Ghats, Matheran (representative Nature/scenic photo)"
KONKAN058,Malvan Market & Malvani Cuisine Trail,Malvan,Sindhudurg,Maharashtra,Konkan,16.0667,73.4667,Local Cuisine,Food trail,"A walk through Malvan's local market followed by tasting authentic Malvani cuisine - fiery fish curries, sol kadhi, kombdi vade and bombil fry.",malvani cuisine;food trail;seafood;local market,Rs 300-800 for a meal,2-3,"Foodies,Local life,Culture",1,10.0,,,Lunch or dinner,Year-round,Outdoor/Indoor,No,0,Daily,Easy,Yes,No,Malvan town centre,~9.5 hrs by road via NH66 (approx 485 km),General Konkan tourism knowledge,,2026-09-23,550.0,2.5,0.0,,37.75,485.0,True,False,No,False,Mixed,True,True,False,https://commons.wikimedia.org/wiki/Special:FilePath/Street%20Food.jpg,"Wikimedia Commons - Street Food, Old Delhi (representative Food photo)"
KONKAN059,Scuba Diving at Tarkarli/Malvan,Malvan,Sindhudurg,Maharashtra,Konkan,16.0667,73.4667,Water Sports,Scuba diving,"Beginner-friendly shallow-water scuba diving near Tsunami Island/Devbagh with surface-supplied oxygen, guided by trained instructors; Maharashtra's main scuba diving destination.",scuba diving;adventure;marine life;water sports,Approx Rs 1500-2500 per dive,0.5-1,"Adventure,Nature,Photography",1,6.0,,,Oct-May (avoid monsoon),Oct-May,Outdoor,Yes,0-1 day,Seasonal (closed in monsoon),"Moderate, swimming ability helpful",Yes,No,10-15 min from Malvan town,~9.5 hrs by road via NH66 (approx 485 km),Travelxp (Tarkarli scuba diving),https://www.travelxp.com/en/blogs/holidays/tarkarli-scuba-diving,2026-09-23,2000.0,0.75,0.5,12.5,37.75,485.0,True,False,Yes,True,Outdoor,True,True,False,,No verified real photo found for this category - left blank
KONKAN060,"Snorkeling near Tsunami Island, Malvan",Malvan,Sindhudurg,Maharashtra,Konkan,16.0667,73.4667,Water Sports,Snorkeling,"Shallow-water snorkeling over coral patches near Tsunami Island in the Karli backwaters/estuary, suitable for beginners and non-swimmers with a life jacket.",snorkeling;coral;marine life;beginner friendly,Approx Rs 800-1500,0.5-1,"Adventure,Family,Nature",1,8.0,,,Oct-May,Oct-May,Outdoor,Yes,0-1 day,Seasonal,Easy to moderate,Yes,No,10-15 min from Malvan town,~9.5 hrs by road via NH66 (approx 485 km),DiveBuddy.com blog,https://www.divebuddy.com/blog/12524/combo-offers-water-sports-in-malvan-scuba-diving-in-tarkarli-beach/,2026-09-23,1150.0,0.75,0.5,12.5,37.75,485.0,True,False,Yes,True,Outdoor,True,True,False,,No verified real photo found for this category - left blank
KONKAN061,"Chivla Beach, Malvan",Malvan,Sindhudurg,Maharashtra,Konkan,16.0667,73.4667,Beach,Town beach,"The closest beach to Malvan town, a calm and clean stretch popular for an easy evening visit without travelling to Tarkarli.",beach;family;relaxation;accessible,Free,1-2,"Family,Relaxation,Photography",1,30.0,,,Morning or evening,Oct-May,Outdoor,No,0,Daily,Easy,Yes,No,5 min from Malvan town,~9.5 hrs by road via NH66 (approx 485 km),DiveBuddy.com blog,https://www.divebuddy.com/blog/12524/combo-offers-water-sports-in-malvan-scuba-diving-in-tarkarli-beach/,2026-09-23,0.0,1.5,0.0,5.0,37.75,485.0,True,False,No,False,Outdoor,True,True,False,https://commons.wikimedia.org/wiki/Special:FilePath/Deogad%20Beach%20in%20Sindhudurg%20district%20%2CKonkan%20region%20Maharashtra%2C%20India.JPG,"Wikimedia Commons - Deogad Beach, Sindhudurg, Konkan (representative Beach/Coastal photo)"
KONKAN062,Wayangani Beach,Malvan,Sindhudurg,Maharashtra,Konkan,16.0667,73.4667,Beach,Secluded beach,"A pristine, largely undiscovered stretch of beach near Malvan with fine sand and turquoise water, one of the region's genuine hidden gems.",beach;hidden gem;secluded;photography,Free,1-2,"Photography,Relaxation,Hidden gem",1,15.0,,,Morning or evening,Oct-May,Outdoor,No,0,Daily,Easy,Yes,Yes,20-25 min from Malvan town,~9.5 hrs by road via NH66 (approx 485 km),General Konkan tourism knowledge,,2026-09-23,0.0,1.5,0.0,22.5,37.75,485.0,True,True,No,False,Outdoor,True,True,False,https://commons.wikimedia.org/wiki/Special:FilePath/Deogad%20Beach%20in%20Sindhudurg%20district%20%2CKonkan%20region%20Maharashtra%2C%20India.JPG,"Wikimedia Commons - Deogad Beach, Sindhudurg, Konkan (representative Beach/Coastal photo)"
KONKAN063,Pinguli Chitrakathi Puppet Village,Pinguli,Sindhudurg,Maharashtra,Konkan,16.0333,73.8,Culture,Traditional art village,"A village near Kudal/Malvan where the Thakar community keeps alive Chitrakathi - narrated leather-shadow and painted-scroll storytelling - and traditional puppetry, with live demonstrations at a small museum.",chitrakathi;puppetry;folk art;heritage;village experience,"Rs 50-150 entry, demo extra",1-2,"Culture,Heritage,Family",1,20.0,,,Daytime,Year-round,Indoor/Outdoor,No,0,"Daily, best to check timing ahead",Easy,Yes,Yes,30-35 min from Malvan/Sawantwadi,~9.5 hrs by road (approx 500 km),th.player.fm (Konkan travel podcast),https://th.player.fm/1BVKvPl,2026-09-23,100.0,1.5,0.0,32.5,9.5,500.0,True,True,No,False,Mixed,True,True,False,,No verified real photo found for this category - left blank
KONKAN064,Devbagh Sangam - Kayaking & Boating,Malvan,Sindhudurg,Maharashtra,Konkan,16.0667,73.4667,Water Sports,Kayaking/boating,"The scenic confluence where the Karli river meets the Arabian Sea near Devbagh, offering calm backwater kayaking, boat rides and dolphin-spotting trips.",kayaking;boating;river confluence;dolphin watching,Rs 300-1000 depending on activity,1-2,"Adventure,Nature,Family",2,10.0,,,Morning,Oct-May,Outdoor,Yes,0-1 day,Seasonal,Easy to moderate,Yes,No,15-20 min from Malvan town,~9.5 hrs by road via NH66 (approx 485 km),Wikipedia (Tarkarli),https://www.wikipedia.com/wiki/Tarkarli,2026-09-23,650.0,1.5,0.5,17.5,37.75,485.0,True,False,Yes,True,Outdoor,True,True,False,,No verified real photo found for this category - left blank
KONKAN065,"Sarjekot / Dandi Beach, Malvan",Malvan,Sindhudurg,Maharashtra,Konkan,16.0667,73.4667,Beach,Quiet beach,"A quiet stretch near Malvan popular with locals for evening walks, less commercialised than Tarkarli or Chivla.",beach;local life;quiet;photography,Free,1,"Relaxation,Photography,Local life",1,20.0,,,Evening,Oct-May,Outdoor,No,0,Daily,Easy,Yes,Yes,10-15 min from Malvan town,~9.5 hrs by road via NH66 (approx 485 km),General Konkan tourism knowledge,,2026-09-23,0.0,1.0,0.0,12.5,37.75,485.0,True,True,No,False,Outdoor,True,True,False,https://commons.wikimedia.org/wiki/Special:FilePath/Deogad%20Beach%20in%20Sindhudurg%20district%20%2CKonkan%20region%20Maharashtra%2C%20India.JPG,"Wikimedia Commons - Deogad Beach, Sindhudurg, Konkan (representative Beach/Coastal photo)"
KONKAN066,"Rameshwar Temple, Malvan",Malvan,Sindhudurg,Maharashtra,Konkan,16.0667,73.4667,Temple,Coastal temple,"A coastal Shiva temple near Malvan with a peaceful setting, part of the town's traditional temple circuit.",temple;pilgrimage;heritage,Free,0.5-1,"Pilgrimage,Culture",1,20.0,,,Morning,Year-round,Outdoor/Indoor,No,0,Daily,Easy,Yes,Yes,10 min from Malvan town,~9.5 hrs by road via NH66 (approx 485 km),General Konkan tourism knowledge,,2026-09-23,0.0,0.75,0.0,10.0,37.75,485.0,True,True,No,False,Mixed,True,True,False,https://commons.wikimedia.org/wiki/Special:FilePath/Khandoba%20temple%20Pune.jpg,"Wikimedia Commons - Khandoba Temple, Pune (representative Temple/Religious photo)"
KONKAN067,Malvan Fishing Boat Experience,Malvan,Sindhudurg,Maharashtra,Konkan,16.0667,73.4667,Fishing,Boat trip,Join local fishermen (where offered) on a short early-morning boat trip off Malvan to see traditional net fishing along the Sindhudurg coast.,fishing;boat trip;local life;adventure,Rs 500-1200 per trip,2-4,"Adventure,Local life,Photography",2,6.0,,,Early morning,Year-round (outside monsoon fishing ban),Outdoor,Yes,1 day,"Seasonal, weather dependent",Moderate,Yes,Yes,At Malvan jetty,~9.5 hrs by road via NH66 (approx 485 km),General Konkan tourism knowledge,,2026-09-23,850.0,3.0,1.0,,37.75,485.0,True,True,Yes,True,Outdoor,True,True,False,https://commons.wikimedia.org/wiki/Special:FilePath/Deogad%20Beach%20in%20Sindhudurg%20district%20%2CKonkan%20region%20Maharashtra%2C%20India.JPG,"Wikimedia Commons - Deogad Beach, Sindhudurg, Konkan (representative Beach/Coastal photo)"
KONKAN068,Tarkarli Beach,Tarkarli,Sindhudurg,Maharashtra,Konkan,16.0333,73.4667,Beach,White sand beach,"Often called the 'Queen Beach of Konkan', Tarkarli is known for unusually clear turquoise water and fine white sand, framed by the Karli backwaters.",beach;clear water;iconic;photography,Free,2-3,"Family,Photography,Relaxation",1,50.0,,,Morning or evening,Oct-May,Outdoor,No,0,Daily,Easy,Yes,No,Town centre,~9.5-10 hrs by road via NH66 (approx 495 km),Wikipedia (Tarkarli),https://www.wikipedia.com/wiki/Tarkarli,2026-09-23,0.0,2.5,0.0,,28.5,495.0,True,False,No,False,Outdoor,True,True,False,https://commons.wikimedia.org/wiki/Special:FilePath/Deogad%20Beach%20in%20Sindhudurg%20district%20%2CKonkan%20region%20Maharashtra%2C%20India.JPG,"Wikimedia Commons - Deogad Beach, Sindhudurg, Konkan (representative Beach/Coastal photo)"
KONKAN069,Tarkarli Scuba Diving,Tarkarli,Sindhudurg,Maharashtra,Konkan,16.0333,73.4667,Water Sports,Scuba diving,"Maharashtra's best-known scuba diving spot, with multiple dive points spread over roughly 20 km of coastline near Tsunami Island and Devbagh, suited to beginners and experienced divers alike.",scuba diving;coral;marine life;adventure,Approx Rs 1500-2500 per dive,0.5-1,"Adventure,Nature,Photography",1,6.0,,,Oct-May,Oct-May,Outdoor,Yes,0-1 day,Seasonal (closed in monsoon),"Moderate, swimming ability helpful",Yes,No,Town centre,~9.5-10 hrs by road via NH66 (approx 495 km),Travelxp (Tarkarli scuba diving),https://www.travelxp.com/en/blogs/holidays/tarkarli-scuba-diving,2026-09-23,2000.0,0.75,0.5,,28.5,495.0,True,False,Yes,True,Outdoor,True,True,False,,No verified real photo found for this category - left blank
KONKAN070,Indian Institute of Scuba Diving and Aquatic Sports (IISDA),Tarkarli,Sindhudurg,Maharashtra,Konkan,16.0333,73.4667,Water Sports,Scuba training institute,"India's first integrated scuba diving training centre, based in Tarkarli, offering certified courses alongside recreational dives and other aquatic sports.",scuba training;certification;adventure;institute,"Course fees vary, contact institute",4-24,"Adventure,Certification,Education",1,10.0,,,Oct-May,Oct-May,Outdoor,Yes,3-7 days,Seasonal,Moderate to challenging,Yes,No,Town centre,~9.5-10 hrs by road via NH66 (approx 495 km),The Better India,https://www.thebetterindia.com/71557/tarkarli-beach-maharshtra/,2026-09-23,,14.0,5.0,,28.5,495.0,True,False,Yes,True,Outdoor,True,True,False,,No verified real photo found for this category - left blank
KONKAN071,Tarkarli Snorkeling,Tarkarli,Sindhudurg,Maharashtra,Konkan,16.0333,73.4667,Water Sports,Snorkeling,"Shallow-water snorkeling trips near Tsunami Island to view Tarkarli's colourful reef fish, corals and other marine life without full scuba gear.",snorkeling;coral;marine life;beginner friendly,Approx Rs 800-1500,0.5-1,"Adventure,Family,Nature",1,8.0,,,Oct-May,Oct-May,Outdoor,Yes,0-1 day,Seasonal,Easy to moderate,Yes,No,Near Tsunami Island,~9.5-10 hrs by road via NH66 (approx 495 km),ixigo.com (Tarkarli guide),https://ixigo.com/plan/tarkarli,2026-09-23,1150.0,0.75,0.5,,28.5,495.0,True,False,Yes,True,Outdoor,True,True,False,,No verified real photo found for this category - left blank
KONKAN072,Tarkarli Parasailing,Tarkarli,Sindhudurg,Maharashtra,Konkan,16.0333,73.4667,Water Sports,Parasailing,"Aerial parasailing rides above Tarkarli's backwaters and coastline, giving a bird's-eye view of the Karli river meeting the Arabian Sea.",parasailing;adventure;aerial view;water sports,Approx Rs 800-1500,0.25-0.5,"Adventure,Photography",1,4.0,,,Oct-May,Oct-May,Outdoor,Yes,0-1 day,Seasonal,Moderate,Yes,No,Town centre,~9.5-10 hrs by road via NH66 (approx 495 km),ixigo.com (Tarkarli guide),https://ixigo.com/plan/tarkarli,2026-09-23,1150.0,0.375,0.5,,28.5,495.0,True,False,Yes,True,Outdoor,True,True,False,,No verified real photo found for this category - left blank
KONKAN073,Tsunami Island,Tarkarli,Sindhudurg,Maharashtra,Konkan,16.0333,73.4667,Nature,Sandbar island,"A small, scenic island formed in the Karli river delta after the 2004 tsunami, reachable by boat and now a hub for water sports and casual sightseeing.",island;boat ride;water sports;photography,Boat ride approx Rs 100-300,1-2,"Adventure,Photography,Family",1,10.0,,,Morning to afternoon,Oct-May,Outdoor,Yes,0-1 day,Seasonal,Easy to moderate,Yes,No,10-15 min from Tarkarli town,~9.5-10 hrs by road via NH66 (approx 495 km),ixigo.com (Tarkarli guide),https://ixigo.com/plan/tarkarli,2026-09-23,200.0,1.5,0.5,12.5,28.5,495.0,True,False,Yes,True,Outdoor,True,True,False,https://commons.wikimedia.org/wiki/Special:FilePath/Western-Ghats-Matheran.jpg,"Wikimedia Commons - Western Ghats, Matheran (representative Nature/scenic photo)"
KONKAN074,Karli Backwaters Houseboat Stay,Tarkarli,Sindhudurg,Maharashtra,Konkan,16.0333,73.4667,Homestay,Houseboat,"An overnight or day stay on an MTDC-run houseboat on the calm Karli river backwaters at Tarkarli, with open-air upper decks for stargazing and birdwatching.",houseboat;backwaters;unique stay;nature,Approx Rs 3000-6000 per night,24,"Family,Nature,Relaxation",2,6.0,,,Oct-May,Oct-May,Outdoor/Indoor,Yes,5-10 days,"Seasonal, limited boats",Easy,Yes,No,Town centre,~9.5-10 hrs by road via NH66 (approx 495 km),The Better India,https://www.thebetterindia.com/71557/tarkarli-beach-maharshtra/,2026-09-23,4500.0,24.0,7.5,,28.5,495.0,True,False,Yes,True,Mixed,True,True,False,https://commons.wikimedia.org/wiki/Special:FilePath/Kaas%20Pathar%2C%20Satara%2C%20Maharashtra%2C%20India%20%282018%29%202.jpg,"Wikimedia Commons - Kaas Pathar, Satara (representative Nature/Wildlife photo)"
KONKAN075,"Dolphin Watching Boat Ride, Tarkarli",Tarkarli,Sindhudurg,Maharashtra,Konkan,16.0333,73.4667,Wildlife,Boat safari,"An early-morning boat ride off the Tarkarli/Malvan coast in search of playful Indo-Pacific humpback dolphins, combined with views of Sindhudurg Fort from the sea.",dolphin watching;wildlife;boat ride;nature,Approx Rs 300-600 per person,1-2,"Wildlife,Nature,Family",2,15.0,,,Early morning,Oct-May,Outdoor,Yes,0-1 day,"Seasonal, sightings not guaranteed",Easy to moderate,Yes,No,At Malvan/Tarkarli jetty,~9.5-10 hrs by road via NH66 (approx 495 km),DiveBuddy.com blog,https://www.divebuddy.com/blog/12524/combo-offers-water-sports-in-malvan-scuba-diving-in-tarkarli-beach/,2026-09-23,450.0,1.5,0.5,,28.5,495.0,True,False,Yes,True,Outdoor,True,True,False,https://commons.wikimedia.org/wiki/Special:FilePath/Kaas%20Pathar%2C%20Satara%2C%20Maharashtra%2C%20India%20%282018%29%202.jpg,"Wikimedia Commons - Kaas Pathar, Satara (representative Nature/Wildlife photo)"
KONKAN076,"Golden Rock, Tarkarli",Tarkarli,Sindhudurg,Maharashtra,Konkan,16.0333,73.4667,Nature,Coastal viewpoint,"A striking rock formation along the Tarkarli coastline, a favoured photography stop especially at sunset when it catches the golden light.",photography;sunset;coastal rock;hidden gem,Free,0.5-1,"Photography,Nature,Hidden gem",1,10.0,,,Sunset,Oct-May,Outdoor,No,0,Daily,"Moderate, rocky",Yes,Yes,Near Tarkarli beach,~9.5-10 hrs by road via NH66 (approx 495 km),Wikipedia (Tarkarli),https://www.wikipedia.com/wiki/Tarkarli,2026-09-23,0.0,0.75,0.0,,28.5,495.0,True,True,No,False,Outdoor,True,True,False,https://commons.wikimedia.org/wiki/Special:FilePath/Western-Ghats-Matheran.jpg,"Wikimedia Commons - Western Ghats, Matheran (representative Nature/scenic photo)"
KONKAN077,"Vitthal Temple, Tarkarli",Tarkarli,Sindhudurg,Maharashtra,Konkan,16.0333,73.4667,Temple,Village temple,"A modest village temple in Tarkarli dedicated to Lord Vitthal, forming part of the settlement's traditional religious life away from the beach crowds.",temple;village;heritage;culture,Free,0.5,"Culture,Pilgrimage",1,20.0,,,Morning,Year-round,Outdoor/Indoor,No,0,Daily,Easy,Yes,Yes,Town centre,~9.5-10 hrs by road via NH66 (approx 495 km),Wikipedia (Tarkarli),https://www.wikipedia.com/wiki/Tarkarli,2026-09-23,0.0,0.5,0.0,,28.5,495.0,True,True,No,False,Mixed,True,True,False,https://commons.wikimedia.org/wiki/Special:FilePath/Khandoba%20temple%20Pune.jpg,"Wikimedia Commons - Khandoba Temple, Pune (representative Temple/Religious photo)"
KONKAN078,Devbagh Beach,Tarkarli,Sindhudurg,Maharashtra,Konkan,16.0333,73.4667,Beach,Estuary beach,"A quiet beach at Devbagh where the Karli river meets the sea, popular for its calmer water and as a base for water sports operators.",beach;estuary;water sports;family,Free,1-2,"Family,Adventure,Photography",1,30.0,,,Morning or evening,Oct-May,Outdoor,No,0,Daily,Easy,Yes,No,10 min from Tarkarli town,~9.5-10 hrs by road via NH66 (approx 495 km),Wikipedia (Tarkarli),https://www.wikipedia.com/wiki/Tarkarli,2026-09-23,0.0,1.5,0.0,10.0,28.5,495.0,True,False,No,False,Outdoor,True,True,False,https://commons.wikimedia.org/wiki/Special:FilePath/Deogad%20Beach%20in%20Sindhudurg%20district%20%2CKonkan%20region%20Maharashtra%2C%20India.JPG,"Wikimedia Commons - Deogad Beach, Sindhudurg, Konkan (representative Beach/Coastal photo)"
KONKAN079,Vengurla Beach,Vengurla,Sindhudurg,Maharashtra,Konkan,15.8667,73.6333,Beach,Town beach,"A long, breezy town beach at Vengurla with fishing boats, a small port and views towards the Vengurla Rocks offshore islets.",beach;fishing;local life;photography,Free,1-2,"Family,Photography,Local life",1,30.0,,,Morning or evening,Oct-May,Outdoor,No,0,Daily,Easy,Yes,No,Town centre,~10 hrs by road via NH66 (approx 510 km),General Konkan tourism knowledge,,2026-09-23,0.0,1.5,0.0,,38.0,510.0,True,False,No,False,Outdoor,True,True,False,https://commons.wikimedia.org/wiki/Special:FilePath/Deogad%20Beach%20in%20Sindhudurg%20district%20%2CKonkan%20region%20Maharashtra%2C%20India.JPG,"Wikimedia Commons - Deogad Beach, Sindhudurg, Konkan (representative Beach/Coastal photo)"
KONKAN080,Vengurla Rocks Seabird Watching,Vengurla,Sindhudurg,Maharashtra,Konkan,15.8667,73.6333,Wildlife,Birdwatching,"A cluster of rocky islets off Vengurla that host nesting seabirds, including terns, and are recognised as an important coastal biodiversity site.",birdwatching;wildlife;islets;nature,Boat trip approx Rs 500-1000,2-3,"Wildlife,Nature,Photography",2,10.0,,,Nov-Feb (breeding season),Nov-Feb,Outdoor,Yes,1-2 days,"Seasonal, weather/tide dependent",Moderate,Yes,Yes,Boat from Vengurla jetty,~10 hrs by road via NH66 (approx 510 km),General Konkan tourism knowledge,,2026-09-23,750.0,2.5,1.5,,38.0,510.0,True,True,Yes,True,Outdoor,True,True,False,https://commons.wikimedia.org/wiki/Special:FilePath/Kaas%20Pathar%2C%20Satara%2C%20Maharashtra%2C%20India%20%282018%29%202.jpg,"Wikimedia Commons - Kaas Pathar, Satara (representative Nature/Wildlife photo)"
KONKAN081,Vengurla Lighthouse,Vengurla,Sindhudurg,Maharashtra,Konkan,15.8667,73.6333,Nature,Coastal viewpoint,"A working lighthouse on the Vengurla coast offering sweeping sea views, popular for sunset and quiet photography.",lighthouse;sunset;photography;hidden gem,Free/nominal,1,"Photography,Nature,Sunset",1,15.0,,,Sunset,Oct-May,Outdoor,No,0,Daily,Easy to moderate,Yes,Yes,10-15 min from Vengurla town,~10 hrs by road via NH66 (approx 510 km),General Konkan tourism knowledge,,2026-09-23,0.0,1.0,0.0,12.5,38.0,510.0,True,True,No,False,Outdoor,True,True,False,https://commons.wikimedia.org/wiki/Special:FilePath/Western-Ghats-Matheran.jpg,"Wikimedia Commons - Western Ghats, Matheran (representative Nature/scenic photo)"
KONKAN082,Shiroda Beach,Vengurla,Sindhudurg,Maharashtra,Konkan,15.8667,73.6333,Beach,Secluded beach,"A quiet, largely untouched beach near Vengurla, known locally rather than to mass tourism, ideal for a peaceful coastal walk.",beach;hidden gem;secluded;nature,Free,1-2,"Relaxation,Photography,Hidden gem",1,15.0,,,Morning or evening,Oct-May,Outdoor,No,0,Daily,Easy,Yes,Yes,15-20 min from Vengurla town,~10 hrs by road via NH66 (approx 510 km),General Konkan tourism knowledge,,2026-09-23,0.0,1.5,0.0,17.5,38.0,510.0,True,True,No,False,Outdoor,True,True,False,https://commons.wikimedia.org/wiki/Special:FilePath/Deogad%20Beach%20in%20Sindhudurg%20district%20%2CKonkan%20region%20Maharashtra%2C%20India.JPG,"Wikimedia Commons - Deogad Beach, Sindhudurg, Konkan (representative Beach/Coastal photo)"
KONKAN083,"Dutch Factory Ruins, Vengurla",Vengurla,Sindhudurg,Maharashtra,Konkan,15.8667,73.6333,Heritage,Colonial ruins,"Remnants of a 17th-century Dutch East India Company trading post near Vengurla, a lesser-known slice of Konkan's colonial-era maritime trade history.",heritage;colonial history;ruins;hidden gem,Free,1,"History,Heritage,Hidden gem",1,15.0,,,Morning,Year-round,Outdoor,No,0,Daily,"Moderate, overgrown site",Yes,Yes,Near Vengurla town,~10 hrs by road via NH66 (approx 510 km),th.player.fm (Konkan travel podcast),https://th.player.fm/1BVKvPl,2026-09-23,0.0,1.0,0.0,,38.0,510.0,True,True,No,False,Outdoor,True,True,False,https://commons.wikimedia.org/wiki/Special:FilePath/Red%20Fort%20Delhi.jpg,"Wikimedia Commons - Red Fort, Delhi (representative Heritage/Fort/Architecture/Museum photo)"
KONKAN084,"Cashew Feni Tasting, Vengurla",Vengurla,Sindhudurg,Maharashtra,Konkan,15.8667,73.6333,Local Cuisine,Feni distillery visit,"A visit to a small-scale traditional cashew feni distillation unit near Vengurla-Sindhudurg's cashew belt, with an explanation of the fermentation and distillation process.",feni;cashew;local cuisine;agri-tourism,Rs 200-500,1-2,"Foodies,Agri-tourism,Culture",2,10.0,,,Mar-May (production season),Mar-May,Outdoor/Indoor,Yes,2-3 days,Seasonal,Easy,Yes,Yes,"Varies, near Vengurla",~10 hrs by road via NH66 (approx 510 km),General Konkan tourism knowledge,,2026-09-23,350.0,1.5,2.5,,38.0,510.0,True,True,Yes,True,Mixed,True,True,False,https://commons.wikimedia.org/wiki/Special:FilePath/Street%20Food.jpg,"Wikimedia Commons - Street Food, Old Delhi (representative Food photo)"
KONKAN085,Redi Ganpati Temple,Vengurla,Sindhudurg,Maharashtra,Konkan,15.8667,73.6333,Temple,Coastal temple,"A beachside Ganpati temple near Redi village close to the Goa-Maharashtra border, known for a large idol and views of the nearby port.",temple;pilgrimage;beach;heritage,Free,1,"Pilgrimage,Culture,Photography",1,30.0,,,Morning,Year-round,Outdoor/Indoor,No,0,Daily,Easy,Yes,Yes,30-40 min from Vengurla town,~10 hrs by road via NH66 (approx 510 km),General Konkan tourism knowledge,,2026-09-23,0.0,1.0,0.0,35.0,38.0,510.0,True,True,No,False,Mixed,True,True,False,https://commons.wikimedia.org/wiki/Special:FilePath/Khandoba%20temple%20Pune.jpg,"Wikimedia Commons - Khandoba Temple, Pune (representative Temple/Religious photo)"
KONKAN086,Mochemad Beach,Vengurla,Sindhudurg,Maharashtra,Konkan,15.8667,73.6333,Beach,Secluded beach,"A little-visited stretch of coastline near Vengurla with rocky outcrops and calm water, a good hidden-gem alternative to more crowded beaches.",beach;hidden gem;quiet;photography,Free,1,"Relaxation,Photography,Hidden gem",1,10.0,,,Morning or evening,Oct-May,Outdoor,No,0,Daily,Easy,Yes,Yes,10-15 min from Vengurla town,~10 hrs by road via NH66 (approx 510 km),General Konkan tourism knowledge,,2026-09-23,0.0,1.0,0.0,12.5,38.0,510.0,True,True,No,False,Outdoor,True,True,False,https://commons.wikimedia.org/wiki/Special:FilePath/Deogad%20Beach%20in%20Sindhudurg%20district%20%2CKonkan%20region%20Maharashtra%2C%20India.JPG,"Wikimedia Commons - Deogad Beach, Sindhudurg, Konkan (representative Beach/Coastal photo)"
KONKAN087,Sawantwadi Palace (Rajwada),Sawantwadi,Sindhudurg,Maharashtra,Konkan,15.9167,73.8167,Heritage,Royal palace,"An 18th-century Konkan-style royal palace overlooking Moti Talao lake, part-museum and part working artisan studio where Ganjifa cards and wooden toys are still hand-made.",heritage;palace;royal history;craft;architecture,Rs 50-100 entry (varies by section),1-2,"Culture,Heritage,Photography",1,30.0,,,Morning to evening,Year-round,Outdoor/Indoor,No,0,Daily,Easy,Yes,No,Town centre,~10 hrs by road via NH66 (approx 515 km),Outlook Traveller (Guide to Sawantwadi),https://www.outlooktraveller.com/destinations/india/konkans-quiet-gem-a-guide-to-sawantwadi,2026-09-23,75.0,1.5,0.0,,38.0,515.0,True,False,No,False,Mixed,True,True,False,https://commons.wikimedia.org/wiki/Special:FilePath/Red%20Fort%20Delhi.jpg,"Wikimedia Commons - Red Fort, Delhi (representative Heritage/Fort/Architecture/Museum photo)"
KONKAN088,Ganjifa Hand-Painted Card Making Workshop,Sawantwadi,Sindhudurg,Maharashtra,Konkan,15.9167,73.8167,Handicraft,Artisan workshop,"Watch (and in some sessions, try) the painstaking hand-painting of traditional circular Ganjifa playing cards, a Persian-origin art form preserved by Sawantwadi's Chitari artisan families for generations.",ganjifa;handicraft;art;heritage;workshop,Rs 100-300 (demo); cards for sale extra,1-2,"Culture,Handicraft,Photography",1,15.0,,,Daytime,Year-round,Indoor,No,0,"Daily, subject to artisan availability",Easy,Yes,No,Near Sawantwadi Palace,~10 hrs by road via NH66 (approx 515 km),Outlook Traveller (Guide to Sawantwadi),https://www.outlooktraveller.com/destinations/india/konkans-quiet-gem-a-guide-to-sawantwadi,2026-09-23,200.0,1.5,0.0,,38.0,515.0,True,False,No,False,Indoor,True,True,False,,No verified real photo found for this category - left blank
KONKAN089,Sawantwadi Wooden Toy Workshop Visit,Sawantwadi,Sindhudurg,Maharashtra,Konkan,15.9167,73.8167,Handicraft,Artisan workshop,"Visit artisan workshops near Sawantwadi's Ubha Bazaar where lacquered wooden toys, fruit models and figurines are still hand-carved from mango and Pangara wood by Chitari families, a GI-tagged craft.",wooden toys;handicraft;GI tag;heritage;workshop,Free to browse; purchases extra,1-2,"Culture,Handicraft,Family",1,15.0,,,Daytime,Year-round,Indoor,No,0,Daily,Easy,Yes,No,Town centre (Ubha Bazaar),~10 hrs by road via NH66 (approx 515 km),Vikaspedia (Sawantwadi wooden craft),https://en.vikaspedia.in/viewcontent/aspirational-districts/maharashtra/the-legacy-and-craft-of-sawantwadi-wooden-toys?lgn=en,2026-09-23,0.0,1.5,0.0,,38.0,515.0,True,False,No,False,Indoor,True,True,False,,No verified real photo found for this category - left blank
KONKAN090,Moti Talao Lakeside Walk,Sawantwadi,Sindhudurg,Maharashtra,Konkan,15.9167,73.8167,Nature,Lake promenade,"An 18th-century royal lake at the heart of Sawantwadi town, with the palace reflected on its surface; a favourite evening walking spot for locals and visitors.",lake;evening walk;heritage;photography,Free,1,"Relaxation,Photography,Culture",1,30.0,,,Evening,Year-round,Outdoor,No,0,Daily,Easy,Yes,No,Town centre,~10 hrs by road via NH66 (approx 515 km),Outlook Traveller (Guide to Sawantwadi),https://www.outlooktraveller.com/destinations/india/konkans-quiet-gem-a-guide-to-sawantwadi,2026-09-23,0.0,1.0,0.0,,38.0,515.0,True,False,No,False,Outdoor,True,True,False,https://commons.wikimedia.org/wiki/Special:FilePath/Western-Ghats-Matheran.jpg,"Wikimedia Commons - Western Ghats, Matheran (representative Nature/scenic photo)"
KONKAN091,Narendra Hill Viewpoint,Sawantwadi,Sindhudurg,Maharashtra,Konkan,15.9167,73.8167,Nature,Hill viewpoint,"A hill on the edge of Sawantwadi town offering wide views over the town, Moti Talao and surrounding paddy fields, popular for a short evening climb.",viewpoint;hiking;sunset;photography,Free,1-2,"Trekking,Photography,Nature",1,15.0,,,Evening,Oct-May,Outdoor,No,0,Daily,Moderate climb,Yes,Yes,10-15 min from Sawantwadi town,~10 hrs by road via NH66 (approx 515 km),General Konkan tourism knowledge,,2026-09-23,0.0,1.5,0.0,12.5,38.0,515.0,True,True,No,False,Outdoor,True,True,False,https://commons.wikimedia.org/wiki/Special:FilePath/Western-Ghats-Matheran.jpg,"Wikimedia Commons - Western Ghats, Matheran (representative Nature/scenic photo)"
KONKAN092,Amboli Waterfall & Ghat,Amboli,Sindhudurg,Maharashtra,Konkan,15.95,74.0,Waterfall,Monsoon waterfall + hill station,"The main waterfall of Amboli, a Western Ghats hill station above Sawantwadi at roughly 700m elevation, thundering during the monsoon and drawing crowds along the ghat road.",waterfall;monsoon;hill station;western ghats;nature,Free,1-2,"Nature,Photography,Trekking",1,40.0,,,Jun-Sep (waterfall in spate),Jun-Sep,Outdoor,No,0,"Seasonal, can be closed in heavy rain","Moderate, slippery in monsoon",Yes,No,30-40 min from Sawantwadi town,~10.5 hrs by road via Sawantwadi (approx 530 km),Outlook Traveller (Guide to Sawantwadi),https://www.outlooktraveller.com/destinations/india/konkans-quiet-gem-a-guide-to-sawantwadi,2026-09-23,0.0,1.5,0.0,35.0,10.5,530.0,True,False,No,False,Outdoor,True,True,False,https://commons.wikimedia.org/wiki/Special:FilePath/Western-Ghats-Matheran.jpg,"Wikimedia Commons - Western Ghats, Matheran (representative Nature/scenic photo)"
KONKAN093,"Kavalshet Point, Amboli",Amboli,Sindhudurg,Maharashtra,Konkan,15.95,74.0,Nature,Viewpoint,"A cliff-edge viewpoint in Amboli offering wide valley views across the Sahyadri range, especially dramatic when monsoon clouds roll through.",viewpoint;western ghats;photography;monsoon,Free,1,"Photography,Nature,Trekking",1,20.0,,,Jun-Sep (monsoon clouds); clear views Oct-Feb,Jun-Feb,Outdoor,No,0,"Seasonal, weather dependent",Moderate,Yes,No,5-10 min from Amboli town,~10.5 hrs by road via Sawantwadi (approx 530 km),Outlook Traveller (Guide to Sawantwadi),https://www.outlooktraveller.com/destinations/india/konkans-quiet-gem-a-guide-to-sawantwadi,2026-09-23,0.0,1.0,0.0,7.5,10.5,530.0,True,False,No,False,Outdoor,True,True,False,https://commons.wikimedia.org/wiki/Special:FilePath/Western-Ghats-Matheran.jpg,"Wikimedia Commons - Western Ghats, Matheran (representative Nature/scenic photo)"
KONKAN094,Amboli Monsoon Biodiversity (Frog/Nightlife) Walk,Amboli,Sindhudurg,Maharashtra,Konkan,15.95,74.0,Wildlife,Night nature walk,"Guided after-dark walks in Amboli's rainforest during the monsoon to spot the region's rich endemic frog, insect and reptile life; Amboli is recognised as a Western Ghats biodiversity hotspot.",wildlife;biodiversity;monsoon;night walk;western ghats,Rs 300-800 per person (guide),2-3,"Wildlife,Nature,Adventure",2,10.0,,,Jun-Sep (monsoon),Jun-Sep,Outdoor,Yes,1-2 days,Seasonal only,"Moderate, wet/slippery terrain",Yes,Yes,Amboli town,~10.5 hrs by road via Sawantwadi (approx 530 km),General Konkan tourism knowledge,,2026-09-23,550.0,2.5,1.5,,10.5,530.0,True,True,Yes,True,Outdoor,True,True,False,https://commons.wikimedia.org/wiki/Special:FilePath/Kaas%20Pathar%2C%20Satara%2C%20Maharashtra%2C%20India%20%282018%29%202.jpg,"Wikimedia Commons - Kaas Pathar, Satara (representative Nature/Wildlife photo)"
KONKAN095,"Hiranyakeshi Temple & River Origin, Amboli",Amboli,Sindhudurg,Maharashtra,Konkan,15.95,74.0,Temple,Temple + river source,"A cave temple near Amboli marking the source of the Hiranyakeshi river, set amid dense Western Ghats forest, combining pilgrimage with nature.",temple;river source;nature;pilgrimage,Free,1-2,"Pilgrimage,Nature,Photography",1,20.0,,,Morning,"Year-round, best Oct-Feb",Outdoor/Indoor,No,0,Daily,Moderate,Yes,Yes,15-20 min from Amboli town,~10.5 hrs by road via Sawantwadi (approx 530 km),General Konkan tourism knowledge,,2026-09-23,0.0,1.5,0.0,17.5,10.5,530.0,True,True,No,False,Mixed,True,True,False,https://commons.wikimedia.org/wiki/Special:FilePath/Khandoba%20temple%20Pune.jpg,"Wikimedia Commons - Khandoba Temple, Pune (representative Temple/Religious photo)"
KONKAN096,"Nangartas Waterfall, Amboli",Amboli,Sindhudurg,Maharashtra,Konkan,15.95,74.0,Waterfall,Trek waterfall,"A waterfall near Amboli reached by a short forest trek, less crowded than the main Amboli falls and popular with dedicated trekkers.",waterfall;trekking;hidden gem;monsoon,Free,2-3,"Trekking,Nature,Hidden gem",2,10.0,,,Jun-Sep,Jun-Sep,Outdoor,No,0,Seasonal,Moderate to challenging,Yes,Yes,20-25 min from Amboli town,~10.5 hrs by road via Sawantwadi (approx 530 km),General Konkan tourism knowledge,,2026-09-23,0.0,2.5,0.0,22.5,10.5,530.0,True,True,No,False,Outdoor,True,True,False,https://commons.wikimedia.org/wiki/Special:FilePath/Western-Ghats-Matheran.jpg,"Wikimedia Commons - Western Ghats, Matheran (representative Nature/scenic photo)"
KONKAN097,Kudal Local Market & Konkani Village Experience,Kudal,Sindhudurg,Maharashtra,Konkan,16.0167,73.6833,Culture,Village/market,"A stop in the Sindhudurg market town of Kudal to experience everyday Konkani rural life, local produce markets and roadside snack stalls, often combined with a Pinguli visit.",village experience;local market;culture;food,Free to browse,1-2,"Local life,Culture,Foodies",1,15.0,,,Morning,Year-round,Outdoor,No,0,Daily,Easy,Yes,Yes,Town centre,~9 hrs by road (approx 470 km),General Konkan tourism knowledge,,2026-09-23,0.0,1.5,0.0,,9.0,470.0,True,True,No,False,Outdoor,True,True,False,,No verified real photo found for this category - left blank
KONKAN098,Velas Olive Ridley Turtle Festival,Dapoli,Ratnagiri,Maharashtra,Konkan,17.7573,73.178,Wildlife,Turtle conservation festival,"An annual conservation festival at Velas village (Dapoli taluka) where visitors watch Olive Ridley turtle hatchlings, protected by local villagers, make their first journey to the sea.",turtle festival;wildlife;conservation;hidden gem;family,Rs 200-500 (village stay/guide often included),2-4,"Wildlife,Family,Conservation",2,20.0,,,Feb-Mar (hatching season),Feb-Mar,Outdoor,Yes,5-10 days (limited slots),Seasonal only (Feb-Mar),Easy to moderate,Yes,No,30-40 min from Dapoli town,~4.5-5 hrs by road via Mumbai-Goa/coastal road (approx 215 km),General Konkan tourism knowledge,,2026-09-23,350.0,3.0,7.5,35.0,4.75,215.0,True,False,Yes,True,Outdoor,True,True,False,https://commons.wikimedia.org/wiki/Special:FilePath/Kaas%20Pathar%2C%20Satara%2C%20Maharashtra%2C%20India%20%282018%29%202.jpg,"Wikimedia Commons - Kaas Pathar, Satara (representative Nature/Wildlife photo)"
KONKAN099,Anjarle Turtle Nesting Site,Anjarle,Ratnagiri,Maharashtra,Konkan,17.8167,73.1,Wildlife,Turtle conservation,"A second, quieter Olive Ridley turtle nesting beach near Anjarle in Dapoli taluka, part of the same Sahyadri Nisarga Mitra-supported conservation network as Velas.",turtle nesting;wildlife;conservation;hidden gem,Free/donation,1-2,"Wildlife,Conservation,Family",2,15.0,,,Feb-Mar,Feb-Mar,Outdoor,Yes,3-5 days,Seasonal only,Easy,Yes,Yes,25-30 min from Dapoli town,~5 hrs by road (approx 220 km),General Konkan tourism knowledge,,2026-09-23,0.0,1.5,4.0,27.5,5.0,220.0,True,True,Yes,True,Outdoor,True,True,False,https://commons.wikimedia.org/wiki/Special:FilePath/Kaas%20Pathar%2C%20Satara%2C%20Maharashtra%2C%20India%20%282018%29%202.jpg,"Wikimedia Commons - Kaas Pathar, Satara (representative Nature/Wildlife photo)"
KONKAN100,Konkan Shimga (Holi) Palkhi Festival Experience,Ratnagiri,Ratnagiri,Maharashtra,Konkan,16.9902,73.312,Culture,Regional festival,"Witness the Konkan region's distinctive Shimga (Holi) festival, marked by village palkhi (palanquin) processions, folk dance and drumming that differ markedly from north Indian Holi.",festival;shimga;holi;folk culture;palkhi,Free to observe,2-4,"Culture,Local life,Photography",1,30.0,,,March (as per Hindu calendar),Mar,Outdoor,No,0,Seasonal only (a few days each year),Easy,Yes,Yes,Varies by village,~6.5-7 hrs by road via NH66 (approx 330 km),General Konkan tourism knowledge,,2026-09-23,0.0,3.0,0.0,,26.5,330.0,True,True,No,False,Outdoor,True,True,False,,No verified real photo found for this category - left blank
KONKAN101,Narali Purnima Coconut Festival (Fishing Communities),Ratnagiri,Ratnagiri,Maharashtra,Konkan,16.9902,73.312,Culture,Fishermen's festival,"A coastal festival marking the end of the fishing ban, when fishing communities offer coconuts to the sea and decorate boats before resuming the season - a vivid window into Konkan's maritime culture.",festival;fishing community;coastal culture;tradition,Free to observe,1-3,"Culture,Local life,Photography",1,30.0,,,"Aug (as per Hindu calendar, Shravan Purnima)",Aug,Outdoor,No,0,Seasonal only (one day each year),Easy,Yes,Yes,Coastal towns/harbours across the region,~6.5-7 hrs by road via NH66 (approx 330 km),General Konkan tourism knowledge,,2026-09-23,0.0,2.0,0.0,,26.5,330.0,True,True,No,False,Outdoor,True,True,False,,No verified real photo found for this category - left blank
KONKAN102,Konkani Cooking Class - Sol Kadhi & Malvani Curry,Malvan,Sindhudurg,Maharashtra,Konkan,16.0667,73.4667,Local Cuisine,Cooking class,"A hands-on cooking session with a local family learning to make sol kadhi (kokum-coconut drink), Malvani fish curry and coconut-based accompaniments.",cooking class;malvani cuisine;sol kadhi;culture,Rs 500-1000 per person,2-3,"Foodies,Culture,Family",2,10.0,,,Any time,Year-round,Indoor,Yes,1-2 days,Subject to host availability,Easy,Yes,Yes,"Varies, near town",~9.5 hrs by road via NH66 (approx 485 km),General Konkan tourism knowledge,,2026-09-23,750.0,2.5,1.5,,37.75,485.0,True,True,Yes,True,Indoor,True,True,False,https://commons.wikimedia.org/wiki/Special:FilePath/Street%20Food.jpg,"Wikimedia Commons - Street Food, Old Delhi (representative Food photo)"
KONKAN103,Vetoba Temple - Kolhapuri Chappal Offerings,Kudal,Sindhudurg,Maharashtra,Konkan,16.0167,73.6833,Temple,Unique local shrine,A distinctive local shrine near Sawantwadi/Kudal where devotees traditionally offer Kolhapuri leather chappals (sandals) to the deity - an unusual and photogenic local custom.,temple;unique tradition;hidden gem;culture,Free,0.5-1,"Culture,Photography,Hidden gem",1,20.0,,,Morning,Year-round,Outdoor/Indoor,No,0,Daily,Easy,Yes,Yes,20-25 min from Sawantwadi town,~9 hrs by road (approx 470 km),th.player.fm (Konkan travel podcast),https://th.player.fm/1BVKvPl,2026-09-23,0.0,0.75,0.0,22.5,9.0,470.0,True,True,No,False,Mixed,True,True,False,https://commons.wikimedia.org/wiki/Special:FilePath/Khandoba%20temple%20Pune.jpg,"Wikimedia Commons - Khandoba Temple, Pune (representative Temple/Religious photo)"
KONKAN104,Achra Creek Mangrove Boat Safari,Devgad,Sindhudurg,Maharashtra,Konkan,16.3833,73.3833,Nature,Mangrove safari,"A quiet boat ride through the mangrove-lined Achra creek between Malvan and Devgad, good for spotting kingfishers, herons and crabs in a calm backwater setting.",mangrove;boat safari;birdwatching;nature,Rs 300-700 per person,1-2,"Nature,Wildlife,Photography",2,10.0,,,Early morning,Oct-May,Outdoor,Yes,0-1 day,"Seasonal, tide dependent",Easy to moderate,Yes,Yes,20-25 min from Malvan/Devgad,~8.5 hrs by road via NH66 (approx 440 km),General Konkan tourism knowledge,,2026-09-23,500.0,1.5,0.5,22.5,37.25,440.0,True,True,Yes,True,Outdoor,True,True,False,https://commons.wikimedia.org/wiki/Special:FilePath/Western-Ghats-Matheran.jpg,"Wikimedia Commons - Western Ghats, Matheran (representative Nature/scenic photo)"
KONKAN105,Konkan Railway Viewpoint near Ratnagiri,Ratnagiri,Ratnagiri,Maharashtra,Konkan,16.9902,73.312,Photography,Scenic viewpoint,"A well-known photography spot where the Konkan Railway line curves through Sahyadri foothills and river viaducts, popular with train and landscape photographers.",photography;konkan railway;landscape;hidden gem,Free,1,"Photography,Nature",1,10.0,,,Morning or late afternoon,Oct-May,Outdoor,No,0,Daily,Easy to moderate,Yes,Yes,"Varies, 20-30 min from Ratnagiri",~6.5-7 hrs by road via NH66 (approx 330 km),General Konkan tourism knowledge,,2026-09-23,0.0,1.0,0.0,25.0,26.5,330.0,True,True,No,False,Outdoor,True,True,False,https://commons.wikimedia.org/wiki/Special:FilePath/Western-Ghats-Matheran.jpg,"Wikimedia Commons - Western Ghats, Matheran (representative Nature/scenic photo)"
KONKAN106,Guhagar Water Park & Resort Family Day,Guhagar,Ratnagiri,Maharashtra,Konkan,17.4833,73.1833,Family Activity,Water park,"A family-oriented water park and resort near Guhagar with pools and slides, a good rainy-day or family-fun alternative to the beach.",water park;family;kids;fun,Rs 400-800 entry,3-4,"Family,Kids,Fun",2,40.0,,,Daytime,Year-round (weather permitting),Outdoor,No,0,"Daily, seasonal hours",Easy,No,No,Near Guhagar town,~6 hrs by road via NH66/Guhagar road (approx 280 km),Hotels.com Guhagar listings,https://ms.hotels.com/tgp/lodging/star/2/3000406910/guhagar,2026-09-23,600.0,3.5,0.0,,36.0,280.0,False,False,No,False,Outdoor,True,True,False,,No verified real photo found for this category - left blank
KONKAN107,Ratnagiri Konkani Village Homestay,Ratnagiri,Ratnagiri,Maharashtra,Konkan,16.9902,73.312,Homestay,Rural homestay,"A stay with a Konkani host family near Ratnagiri, offering home-cooked meals, orchard walks and an everyday view into coastal Maharashtra village life.",homestay;village life;local cuisine;culture,Rs 1200-2500 per night incl. meals,24,"Culture,Family,Local life",2,6.0,,,Oct-May,Oct-May,Outdoor/Indoor,Yes,3-5 days,"Seasonal, subject to availability",Easy,Yes,No,Varies,~6.5-7 hrs by road via NH66 (approx 330 km),General Konkan tourism knowledge,,2026-09-23,1850.0,24.0,4.0,,26.5,330.0,True,False,Yes,True,Mixed,True,True,False,https://commons.wikimedia.org/wiki/Special:FilePath/Kaas%20Pathar%2C%20Satara%2C%20Maharashtra%2C%20India%20%282018%29%202.jpg,"Wikimedia Commons - Kaas Pathar, Satara (representative Nature/Wildlife photo)"
KONKAN108,Chiplun Riverside Homestay,Chiplun,Ratnagiri,Maharashtra,Konkan,17.5333,73.5167,Homestay,Rural homestay,"A homestay on the banks of the Vashishti river near Chiplun, combining orchard walks, home-style Konkani meals and access to nearby waterfalls and temples.",homestay;river;local cuisine;nature,Rs 1500-3000 per night incl. meals,24,"Family,Nature,Local life",2,8.0,,,Oct-May,Oct-May,Outdoor/Indoor,Yes,3-5 days,Seasonal,Easy,Yes,Yes,"Varies, near Chiplun town",~5 hrs by road via NH66 (approx 245 km),General Konkan tourism knowledge,,2026-09-23,2250.0,24.0,4.0,,35.5,245.0,True,True,Yes,True,Mixed,True,True,False,https://commons.wikimedia.org/wiki/Special:FilePath/Kaas%20Pathar%2C%20Satara%2C%20Maharashtra%2C%20India%20%282018%29%202.jpg,"Wikimedia Commons - Kaas Pathar, Satara (representative Nature/Wildlife photo)"
KONKAN109,Malvan/Tarkarli Beachside Homestay,Tarkarli,Sindhudurg,Maharashtra,Konkan,16.0333,73.4667,Homestay,Beachside homestay,"A family-run beachside homestay near Tarkarli offering fresh seafood meals, easy beach access and help arranging scuba diving or fishing trips.",homestay;seafood;beach;local family,Rs 1500-3500 per night incl. meals,24,"Family,Foodies,Relaxation",2,8.0,,,Oct-May,Oct-May,Outdoor/Indoor,Yes,3-7 days,Seasonal,Easy,Yes,No,"Varies, near Tarkarli town",~9.5-10 hrs by road via NH66 (approx 495 km),General Konkan tourism knowledge,,2026-09-23,2500.0,24.0,5.0,,28.5,495.0,True,False,Yes,True,Mixed,True,True,False,https://commons.wikimedia.org/wiki/Special:FilePath/Kaas%20Pathar%2C%20Satara%2C%20Maharashtra%2C%20India%20%282018%29%202.jpg,"Wikimedia Commons - Kaas Pathar, Satara (representative Nature/Wildlife photo)"
KONKAN110,Sawantwadi Heritage Homestay,Sawantwadi,Sindhudurg,Maharashtra,Konkan,15.9167,73.8167,Homestay,Heritage stay,"A heritage-style homestay in or near Sawantwadi town, some run in restored wadas (traditional mansions), offering a slower-paced, craft-focused base for exploring the town and Amboli.",homestay;heritage;craft;culture,Rs 2000-4000 per night incl. meals,24,"Culture,Heritage,Family",2,8.0,,,"Year-round, best Oct-May",Oct-May,Outdoor/Indoor,Yes,3-7 days,"Seasonal, subject to availability",Easy,Yes,Yes,"Varies, near town centre",~10 hrs by road via NH66 (approx 515 km),General Konkan tourism knowledge,,2026-09-23,3000.0,24.0,5.0,,38.0,515.0,True,True,Yes,True,Mixed,True,True,False,https://commons.wikimedia.org/wiki/Special:FilePath/Kaas%20Pathar%2C%20Satara%2C%20Maharashtra%2C%20India%20%282018%29%202.jpg,"Wikimedia Commons - Kaas Pathar, Satara (representative Nature/Wildlife photo)"
KONKAN111,Ganpatipule Sunrise Photography Walk,Ganpatipule,Ratnagiri,Maharashtra,Konkan,17.1444,73.2666,Photography,Guided photo walk,"An early-morning guided walk along Ganpatipule's coastline timed for sunrise light over the temple, fishing boats and casuarina groves.",photography;sunrise;guided walk;beach,Rs 500-1000 (if guided),1-2,"Photography,Nature",1,10.0,,,Sunrise,Oct-May,Outdoor,No,0,"Daily, weather dependent",Easy,Yes,No,Town centre,~7-7.5 hrs by road via NH66 (approx 355 km),General Konkan tourism knowledge,,2026-09-23,750.0,1.5,0.0,,26.83333333333333,355.0,True,False,No,False,Outdoor,True,True,False,https://commons.wikimedia.org/wiki/Special:FilePath/Western-Ghats-Matheran.jpg,"Wikimedia Commons - Western Ghats, Matheran (representative Nature/scenic photo)"
KONKAN112,Ratnagiri to Ganpatipule Coastal Cycling Route,Ratnagiri,Ratnagiri,Maharashtra,Konkan,16.9902,73.312,Family Activity,Cycling,"A scenic coastal cycling route connecting Ratnagiri city to Ganpatipule, passing fishing villages, mango orchards and sea-facing stretches, suited to fitness-minded travellers.",cycling;coastal route;adventure;fitness,Bicycle rental approx Rs 200-500/day,3-5,"Adventure,Fitness,Nature",1,10.0,,,Early morning,Oct-Feb (cooler months),Outdoor,No,0,"Seasonal, weather dependent",Moderate to challenging,Yes,Yes,N/A (route),~6.5-7 hrs by road via NH66 (approx 330 km),General Konkan tourism knowledge,,2026-09-23,350.0,4.0,0.0,,26.5,330.0,True,True,No,False,Outdoor,True,True,False,,No verified real photo found for this category - left blank
KONKAN113,Chiplun to Marleshwar Trekking Trail,Chiplun,Ratnagiri,Maharashtra,Konkan,17.5333,73.5167,Trekking,Forest trek,"A forested trekking trail in the Sahyadri foothills leading up towards Marleshwar temple and waterfall, popular with weekend trekking groups from Mumbai and Pune.",trekking;western ghats;waterfall;adventure,Free (local guide fees extra),3-5,"Trekking,Adventure,Nature",2,15.0,,,"Oct-Feb (dry trekking), Jun-Sep (waterfall views)",Oct-Feb,Outdoor,No,0,"Seasonal, weather dependent",Challenging,Yes,Yes,30-40 min from Chiplun town,~5 hrs by road via NH66 (approx 245 km),General Konkan tourism knowledge,,2026-09-23,0.0,4.0,0.0,35.0,35.5,245.0,True,True,No,False,Outdoor,True,True,False,https://commons.wikimedia.org/wiki/Special:FilePath/Western-Ghats-Matheran.jpg,"Wikimedia Commons - Western Ghats, Matheran (representative Nature/scenic photo)"
KONKAN114,Malvan Kayaking on Karli River,Malvan,Sindhudurg,Maharashtra,Konkan,16.0667,73.4667,Water Sports,Kayaking,"Guided kayaking sessions on the calm, mangrove-fringed stretches of the Karli river near Malvan/Tarkarli, suited to beginners.",kayaking;river;beginner friendly;nature,Rs 500-1000 per person,1-1.5,"Adventure,Nature,Family",2,10.0,,,Morning,Oct-May,Outdoor,Yes,0-1 day,Seasonal,Easy to moderate,Yes,No,10-15 min from Malvan town,~9.5 hrs by road via NH66 (approx 485 km),General Konkan tourism knowledge,,2026-09-23,750.0,1.25,0.5,12.5,37.75,485.0,True,False,Yes,True,Outdoor,True,True,False,,No verified real photo found for this category - left blank
KONKAN115,Guhagar Fishing Village Morning Walk,Guhagar,Ratnagiri,Maharashtra,Konkan,17.4833,73.1833,Fishing,Village experience,A guided early-morning walk through a small fishing hamlet near Guhagar to watch boats return with the day's catch and nets being mended on the shore.,fishing;village life;local culture;photography,Free to observe,1-2,"Local life,Photography,Culture",1,10.0,,,Early morning,Year-round (outside monsoon fishing ban),Outdoor,No,0,Daily,Easy,Yes,Yes,10-15 min from Guhagar town,~6 hrs by road via NH66/Guhagar road (approx 280 km),General Konkan tourism knowledge,,2026-09-23,0.0,1.5,0.0,12.5,36.0,280.0,True,True,No,False,Outdoor,True,True,False,https://commons.wikimedia.org/wiki/Special:FilePath/Deogad%20Beach%20in%20Sindhudurg%20district%20%2CKonkan%20region%20Maharashtra%2C%20India.JPG,"Wikimedia Commons - Deogad Beach, Sindhudurg, Konkan (representative Beach/Coastal photo)"
KONKAN116,Chiplun Ganesh Chaturthi Homecoming Experience,Chiplun,Ratnagiri,Maharashtra,Konkan,17.5333,73.5167,Culture,Festival experience,"Experience the deeply-rooted Konkan tradition of Ganeshotsav, when families return to ancestral village homes and communities celebrate with elaborate decorations, folk performances and communal meals.",festival;ganesh chaturthi;tradition;culture,"Free to observe (as a guest, host dependent)",2-5 days typical,"Culture,Local life,Family",1,30.0,,,Aug-Sep (as per Hindu calendar),Aug-Sep,Outdoor/Indoor,No,0,Seasonal only (annual festival),Easy,Yes,No,Varies by village,~5 hrs by road via NH66 (approx 245 km),General Konkan tourism knowledge,,2026-09-23,0.0,84.0,0.0,,35.5,245.0,True,False,No,False,Mixed,True,True,False,,No verified real photo found for this category - left blank
KONKAN117,Dapoli Coastal Sunset Photography Point (Karde-Ladghar stretch),Dapoli,Ratnagiri,Maharashtra,Konkan,17.7573,73.178,Photography,Coastal viewpoint,A stretch of low headland between Karde and Ladghar beaches in Dapoli known among photographers for uninterrupted sea-horizon sunsets.,photography;sunset;coastal;hidden gem,Free,1,"Photography,Nature",1,15.0,,,Sunset,Oct-May,Outdoor,No,0,Daily,Easy,Yes,Yes,10-15 min from Dapoli town,~4.5-5 hrs by road via Mumbai-Goa/coastal road (approx 215 km),General Konkan tourism knowledge,,2026-09-23,0.0,1.0,0.0,12.5,4.75,215.0,True,True,No,False,Outdoor,True,True,False,https://commons.wikimedia.org/wiki/Special:FilePath/Western-Ghats-Matheran.jpg,"Wikimedia Commons - Western Ghats, Matheran (representative Nature/scenic photo)"
KONKAN118,Devgad Fishing Harbour & Boat Building Yard,Devgad,Sindhudurg,Maharashtra,Konkan,16.3833,73.3833,Fishing,Working harbour,"A working harbour at Devgad where traditional wooden fishing boats are still built and repaired by hand, offering a glimpse into Konkan's boat-building craft.",boat building;fishing;craft;local life,Free to observe,1-2,"Culture,Local life,Photography",1,10.0,,,Morning,Year-round,Outdoor,No,0,Daily,Easy,Yes,Yes,10 min from Devgad town,~8.5 hrs by road via NH66 (approx 440 km),General Konkan tourism knowledge,,2026-09-23,0.0,1.5,0.0,10.0,37.25,440.0,True,True,No,False,Outdoor,True,True,False,https://commons.wikimedia.org/wiki/Special:FilePath/Deogad%20Beach%20in%20Sindhudurg%20district%20%2CKonkan%20region%20Maharashtra%2C%20India.JPG,"Wikimedia Commons - Deogad Beach, Sindhudurg, Konkan (representative Beach/Coastal photo)"
KONKAN119,Sindhudurg Fort Night Photography (Full Moon),Malvan,Sindhudurg,Maharashtra,Konkan,16.0667,73.4667,Photography,Night photography,"A special full-moon evening boat crossing and visit to Sindhudurg Fort, when it is occasionally opened for night viewing, offering a rare photography opportunity over the fort ramparts and sea.",photography;fort;full moon;hidden gem,"Ferry + entry, approx Rs 100-200",2-3,"Photography,History,Hidden gem",2,15.0,,,"Full moon nights (seasonal, check locally)",Oct-May,Outdoor,Yes,2-3 days,"Rare/seasonal, subject to local permission",Moderate,Yes,Yes,At Malvan jetty,~9.5 hrs by road via NH66 (approx 485 km),General Konkan tourism knowledge,,2026-09-23,150.0,2.5,2.5,,37.75,485.0,True,True,Yes,True,Outdoor,True,True,False,https://commons.wikimedia.org/wiki/Special:FilePath/Western-Ghats-Matheran.jpg,"Wikimedia Commons - Western Ghats, Matheran (representative Nature/scenic photo)"
KONKAN120,Kunkeshwar Village & Cashew Farms Walk,Kunkeshwar,Sindhudurg,Maharashtra,Konkan,16.2167,73.3667,Agriculture,Village + farm walk,"A combined walk through Kunkeshwar village and its surrounding cashew farms, pairing temple visits with a look at rural Sindhudurg agriculture.",village experience;cashew;agri-tourism;culture,Free/nominal,1-2,"Agri-tourism,Culture,Local life",1,15.0,,,Morning,"Year-round, harvest Mar-May",Outdoor,No,0,Daily,Easy,Yes,Yes,Kunkeshwar village,~8.5 hrs by road (approx 445 km),General Konkan tourism knowledge,,2026-09-23,0.0,1.5,0.0,,8.5,445.0,True,True,No,False,Outdoor,True,True,False,https://commons.wikimedia.org/wiki/Special:FilePath/Kaas%20Pathar%2C%20Satara%2C%20Maharashtra%2C%20India%20%282018%29%202.jpg,"Wikimedia Commons - Kaas Pathar, Satara (representative Nature/Wildlife photo)"
KONKAN121,Ratnagiri Hapus Mango Festival,Ratnagiri,Ratnagiri,Maharashtra,Konkan,16.9902,73.312,Local Cuisine,Seasonal food festival,"An annual mango festival held in Ratnagiri celebrating the Alphonso (Hapus) mango harvest, with tastings, competitions and stalls from local growers.",mango festival;alphonso;local cuisine;event,"Free entry, tastings extra",2-4,"Foodies,Family,Culture",1,100.0,,,Apr-May,Apr-May,Outdoor,No,0,"Seasonal only (annual event, dates vary)",Easy,Yes,No,Ratnagiri city (venue varies),~6.5-7 hrs by road via NH66 (approx 330 km),General Konkan tourism knowledge,,2026-09-23,0.0,3.0,0.0,,26.5,330.0,True,False,No,False,Outdoor,True,True,False,https://commons.wikimedia.org/wiki/Special:FilePath/Street%20Food.jpg,"Wikimedia Commons - Street Food, Old Delhi (representative Food photo)"
KONKAN122,Malvan Diving Photography Session,Malvan,Sindhudurg,Maharashtra,Konkan,16.0667,73.4667,Photography,Underwater photography,An add-on to a scuba or snorkeling trip near Malvan/Tarkarli where operators provide underwater photography of divers among the coral and fish.,underwater photography;scuba;souvenir;adventure,Rs 500-1500 add-on,0.5-1,"Photography,Adventure",1,6.0,,,Oct-May,Oct-May,Outdoor,Yes,0-1 day,"Seasonal, bundled with diving",Moderate,Yes,No,With scuba operators near Malvan/Tarkarli,~9.5 hrs by road via NH66 (approx 485 km),General Konkan tourism knowledge,,2026-09-23,1000.0,0.75,0.5,,37.75,485.0,True,False,Yes,True,Outdoor,True,True,False,https://commons.wikimedia.org/wiki/Special:FilePath/Western-Ghats-Matheran.jpg,"Wikimedia Commons - Western Ghats, Matheran (representative Nature/scenic photo)"
KONKAN123,Chiplun Vashishti River Fishing Experience,Chiplun,Ratnagiri,Maharashtra,Konkan,17.5333,73.5167,Fishing,River fishing,"A relaxed fishing outing on the Vashishti river near Chiplun with a local boatman, using traditional line-and-hook methods in calm backwater stretches.",fishing;river;local life;relaxation,Rs 500-1200 per trip,2-3,"Local life,Adventure,Relaxation",1,6.0,,,Early morning or late afternoon,Oct-May,Outdoor,Yes,0-1 day,"Seasonal, weather dependent",Easy to moderate,Yes,Yes,5-10 min from Chiplun town,~5 hrs by road via NH66 (approx 245 km),General Konkan tourism knowledge,,2026-09-23,850.0,2.5,0.5,7.5,35.5,245.0,True,True,Yes,True,Outdoor,True,True,False,https://commons.wikimedia.org/wiki/Special:FilePath/Deogad%20Beach%20in%20Sindhudurg%20district%20%2CKonkan%20region%20Maharashtra%2C%20India.JPG,"Wikimedia Commons - Deogad Beach, Sindhudurg, Konkan (representative Beach/Coastal photo)"
KONKAN124,Devgad Coastal Trekking Trail,Devgad,Sindhudurg,Maharashtra,Konkan,16.3833,73.3833,Trekking,Coastal trek,"A trail along Devgad's rugged headlands connecting Vijaydurg Fort views with quiet coves, favoured by trekkers seeking a mix of history and coastal scenery.",trekking;coastal;fort;nature,Free,2-4,"Trekking,Photography,Nature",2,15.0,,,Oct-Feb,Oct-Feb,Outdoor,No,0,"Seasonal, weather dependent",Moderate to challenging,Yes,Yes,Near Vijaydurg/Devgad,~8.5 hrs by road via NH66 (approx 440 km),General Konkan tourism knowledge,,2026-09-23,0.0,3.0,0.0,,37.25,440.0,True,True,No,False,Outdoor,True,True,False,https://commons.wikimedia.org/wiki/Special:FilePath/Western-Ghats-Matheran.jpg,"Wikimedia Commons - Western Ghats, Matheran (representative Nature/scenic photo)"
KONKAN125,Sawantwadi Chess Set Carving Demonstration,Sawantwadi,Sindhudurg,Maharashtra,Konkan,15.9167,73.8167,Handicraft,Artisan demonstration,"A close-up demonstration at the Sawantwadi Palace ateliers of artisans hand-carving traditional wooden chess sets, part of the town's living craft tradition.",handicraft;chess;wood carving;heritage,Rs 100-200 (demo); sets for sale extra,1,"Culture,Handicraft,Photography",1,10.0,,,Daytime,Year-round,Indoor,No,0,"Daily, subject to artisan availability",Easy,Yes,Yes,Near Sawantwadi Palace,~10 hrs by road via NH66 (approx 515 km),Outlook Traveller (Guide to Sawantwadi),https://www.outlooktraveller.com/destinations/india/konkans-quiet-gem-a-guide-to-sawantwadi,2026-09-23,150.0,1.0,0.0,,38.0,515.0,True,True,No,False,Indoor,True,True,False,,No verified real photo found for this category - left blank
KONKAN126,Guhagar Alphonso & Kokum Orchard Trail,Guhagar,Ratnagiri,Maharashtra,Konkan,17.4833,73.1833,Agriculture,Orchard trail,"A rural trail through Guhagar's mixed orchards of mango and kokum (used for sol kadhi and Malvani cuisine), with a stop to see traditional kokum drying.",kokum;mango;agri-tourism;local cuisine,Rs 200-400,2,"Agri-tourism,Foodies,Nature",2,12.0,,,Feb-May,Feb-May,Outdoor,Yes,2-3 days,Seasonal,"Easy, uneven terrain",Yes,Yes,"Varies, near Guhagar town",~6 hrs by road via NH66/Guhagar road (approx 280 km),General Konkan tourism knowledge,,2026-09-23,300.0,2.0,2.5,,36.0,280.0,True,True,Yes,True,Outdoor,True,True,False,https://commons.wikimedia.org/wiki/Special:FilePath/Kaas%20Pathar%2C%20Satara%2C%20Maharashtra%2C%20India%20%282018%29%202.jpg,"Wikimedia Commons - Kaas Pathar, Satara (representative Nature/Wildlife photo)"
KONKAN127,Tarkarli Beach Volleyball & Family Beach Games,Tarkarli,Sindhudurg,Maharashtra,Konkan,16.0333,73.4667,Family Activity,Beach games,"Casual beach volleyball and group games set up on the wide sands of Tarkarli beach, a simple family-friendly add-on to a beach day.",family activity;beach games;kids;fun,Free (equipment rental nominal),1-2,"Family,Kids,Fun",4,20.0,,,Morning or evening,Oct-May,Outdoor,No,0,Daily,Easy,No,No,Town centre,~9.5-10 hrs by road via NH66 (approx 495 km),General Konkan tourism knowledge,,2026-09-23,0.0,1.5,0.0,,28.5,495.0,False,False,No,False,Outdoor,True,True,False,,No verified real photo found for this category - left blank
KONKAN128,Ratnagiri District Alphonso Grading & Packing House Tour,Ratnagiri,Ratnagiri,Maharashtra,Konkan,16.9902,73.312,Agriculture,Agri-processing tour,"A behind-the-scenes look at how Alphonso mangoes are sorted, ripened and packed for export at a Ratnagiri packing facility, useful for understanding the region's signature industry.",mango;agri-processing;education;agri-tourism,"Free/nominal, prior arrangement needed",1-2,"Education,Agri-tourism,Foodies",2,15.0,,,Apr-May (peak packing season),Apr-May,Indoor,Yes,3-5 days,"Seasonal, business hours",Easy,Yes,Yes,"Varies, near Ratnagiri city",~6.5-7 hrs by road via NH66 (approx 330 km),General Konkan tourism knowledge,,2026-09-23,0.0,1.5,4.0,,26.5,330.0,True,True,Yes,True,Indoor,True,True,False,https://commons.wikimedia.org/wiki/Special:FilePath/Kaas%20Pathar%2C%20Satara%2C%20Maharashtra%2C%20India%20%282018%29%202.jpg,"Wikimedia Commons - Kaas Pathar, Satara (representative Nature/Wildlife photo)"
KONKAN129,Devbagh Beach Camping Experience,Tarkarli,Sindhudurg,Maharashtra,Konkan,16.0333,73.4667,Family Activity,Beach camping,"Overnight tented camping on or near Devbagh beach at Tarkarli, combining a bonfire evening with the estuary's quiet sunrise the next morning.",camping;bonfire;beach;adventure,Rs 1000-2500 per person incl. tent,12-16,"Adventure,Family,Nature",2,20.0,,,Oct-May,Oct-May,Outdoor,Yes,2-3 days,Seasonal,Easy to moderate,Yes,No,10 min from Tarkarli town,~9.5-10 hrs by road via NH66 (approx 495 km),General Konkan tourism knowledge,,2026-09-23,1750.0,14.0,2.5,10.0,28.5,495.0,True,False,Yes,True,Outdoor,True,True,False,,No verified real photo found for this category - left blank
KONKAN130,Malvan Bumper/Banana Boat Water Sports Combo,Malvan,Sindhudurg,Maharashtra,Konkan,16.0667,73.4667,Water Sports,Water sports combo,"A combo package of banana-boat rides, bumper rides and jet-skiing offered by beach operators near Malvan/Tarkarli, popular with groups and families.",water sports;banana boat;jet ski;family fun,Rs 300-800 per ride,1-2,"Family,Adventure,Fun",2,10.0,,,Oct-May,Oct-May,Outdoor,Yes,0-1 day,Seasonal,Easy to moderate,No,No,Near Malvan/Tarkarli beaches,~9.5 hrs by road via NH66 (approx 485 km),Insider.in (Malvan Tarkarli trip listing),https://insider.in/malvan-tarkali-along-with-scuba-diving-a-paradise-to-backpacker-nov22-2019/event,2026-09-23,550.0,1.5,0.5,,37.75,485.0,False,False,Yes,True,Outdoor,True,True,False,,No verified real photo found for this category - left blank
KONKAN131,Amboli Ghat Scenic Drive,Amboli,Sindhudurg,Maharashtra,Konkan,15.95,74.0,Nature,Scenic drive,"A winding ghat drive up from Sawantwadi to Amboli through dense monsoon forest, considered one of the most scenic road stretches connecting the Konkan coast to the Sahyadri plateau.",scenic drive;western ghats;nature;photography,Free (fuel/toll costs),1-2,"Nature,Photography,Adventure",1,6.0,,,Jun-Sep for mist and waterfalls; Oct-Feb for clear views,Jun-Feb,Outdoor,No,0,"Daily, can close briefly in extreme weather",Easy (as a drive),Yes,No,Starts from Sawantwadi town,~10.5 hrs by road via Sawantwadi (approx 530 km),General Konkan tourism knowledge,,2026-09-23,0.0,1.5,0.0,,10.5,530.0,True,False,No,False,Outdoor,True,True,False,https://commons.wikimedia.org/wiki/Special:FilePath/Western-Ghats-Matheran.jpg,"Wikimedia Commons - Western Ghats, Matheran (representative Nature/scenic photo)"
NAVI-001,Pandavkada Falls Trek,Kharghar,Raigad,Maharashtra,Panvel,19.05668,73.06303,Nature,Waterfall,A 107-metre plunge waterfall in the Kharghar hills reached via a short forested trek from the Kharghar-Taloja road; a monsoon favourite for locals though officially flagged as a risky spot by CIDCO.,waterfall;trekking;monsoon;photography;nature,0,2.5,trekkers;photographers;nature lovers,2,15.0,4.2,280.0,Early morning,Monsoon (Jun-Sep),Outdoor,False,,"Seasonal, best Jun-Sep",Moderate trek; not wheelchair accessible; river crossing involved,True,False,35 min,30 min,Wikipedia / I Love Navi Mumbai,https://en.wikipedia.org/wiki/Pandavkada_Falls,2026-09-23,0.0,2.5,,35.0,0.5,,True,False,False,False,Outdoor,False,False,False,https://commons.wikimedia.org/wiki/Special:FilePath/Western-Ghats-Matheran.jpg,"Wikimedia Commons - Western Ghats, Matheran (representative Nature/scenic photo)"
NAVI-002,Central Park Kharghar,Kharghar,Raigad,Maharashtra,Panvel,19.045,73.068,Nature,Urban Park,"One of the largest developed urban parks in the country (119 hectares), spread across sectors 23-25 with walking trails, sculpture gardens, a musical fountain and open lawns opposite ISKCON Kharghar.",park;walking;family;sculpture-garden;free-entry,0,1.5,families;morning walkers;photographers,1,20.0,4.3,,6:30-9:30 AM or 5-8 PM,Year-round,Outdoor,False,,"Daily, 6:30-9:30 AM & 5-8 PM","Paved paths, wheelchair-friendly, free parking",True,False,30 min,25 min,I Love Navi Mumbai / Wikipedia,"https://en.wikipedia.org/wiki/Central_Park,_Kharghar",2026-09-23,0.0,1.5,,30.0,0.4166666666666667,,True,False,False,False,Outdoor,False,True,False,https://commons.wikimedia.org/wiki/Special:FilePath/Western-Ghats-Matheran.jpg,"Wikimedia Commons - Western Ghats, Matheran (representative Nature/scenic photo)"
NAVI-003,ISKCON Sri Sri Radha Madan Mohan Temple Kharghar,Kharghar,Raigad,Maharashtra,Panvel,19.047,73.067,Culture,Temple,"An 8-acre Krishna temple complex at the foothills of the Sahyadris, known as the 'Glory of Maharashtra' project, with a Vedic cultural centre and Govinda's restaurant on site.",temple;spiritual;architecture;krishna;culture,0,1.5,devotees;architecture lovers;families,1,25.0,,,Morning aarti / evening,Year-round,Indoor/Outdoor,False,,Daily,"Wheelchair accessible, ample parking",True,False,30 min,25 min,ISKCON Navi Mumbai official site,https://iskcon-navimumbai.org/iskcon_timings,2026-09-23,0.0,1.5,,30.0,0.4166666666666667,,True,False,False,False,Mixed,True,True,False,,No verified real photo found for this category - left blank
NAVI-004,Kharghar Hills Sunrise Point,Kharghar,Raigad,Maharashtra,Panvel,19.055,73.055,Nature,Viewpoint,A hilltop trekking and viewpoint spot in the Kharghar hills offering panoramic sunrise views over the city; popular with early-morning hikers and cyclists.,hiking;sunrise;viewpoint;cycling;photography,0,2.0,hikers;early risers;photographers,1,10.0,4.2,280.0,6:00-7:30 AM,Oct-Feb best visibility,Outdoor,False,,"Mornings, access limited to trail hours","Steep unpaved trail, moderate fitness required",True,False,35 min,30 min,LBB Mumbai / I Love Navi Mumbai,https://ilovenavimumbai.com/central-park-kharghar/,2026-09-23,0.0,2.0,,35.0,0.5,,True,False,False,False,Outdoor,False,False,False,https://commons.wikimedia.org/wiki/Special:FilePath/Western-Ghats-Matheran.jpg,"Wikimedia Commons - Western Ghats, Matheran (representative Nature/scenic photo)"
NAVI-005,Owe Dam,Kharghar,Raigad,Maharashtra,Panvel,19.048,73.075,Nature,Lake,"A quiet dam and water body on the trail beyond Pandavkada, offering a tranquil detour for nature lovers and casual trekkers.",dam;nature;trekking;quiet-spot,0,1.5,nature lovers;casual trekkers,2,10.0,,,Morning,Monsoon-Winter,Outdoor,False,,"Seasonal, weather dependent","Unpaved trail, moderate walk required",True,True,40 min,35 min,I Love Navi Mumbai,https://ilovenavimumbai.com/pandavkada-falls/,2026-09-23,0.0,1.5,,40.0,0.5833333333333334,,True,True,False,False,Outdoor,True,True,False,https://commons.wikimedia.org/wiki/Special:FilePath/Western-Ghats-Matheran.jpg,"Wikimedia Commons - Western Ghats, Matheran (representative Nature/scenic photo)"
NAVI-006,Kharghar Valley Golf Course,Kharghar,Raigad,Maharashtra,Panvel,19.043,73.069,Adventure,Golf,"An 18-hole CIDCO-developed golf course set against the Sahyadri hills backdrop opposite Central Park, with limited public access and lessons for beginners.",golf;sports;scenic;beginners,1500,3.0,golf enthusiasts;beginners;corporate groups,1,4.0,,,Early morning,Year-round,Outdoor,True,2.0,Members and limited public slots,Course access restricted; contact club for details,False,False,32 min,28 min,I Love Navi Mumbai / Expedia,https://ilovenavimumbai.com/places-to-visit-in-navi-mumbai/,2026-09-23,1500.0,3.0,2.0,32.0,0.4666666666666667,,False,False,True,True,Outdoor,True,True,False,,No verified real photo found for this category - left blank
NAVI-007,Utsav Chowk Street Food Hub,Kharghar,Raigad,Maharashtra,Panvel,19.04,73.062,Food,Street Food,"A traffic circle in Kharghar famous for its Greek-style landmark architecture and one of Navi Mumbai's widest street-food spreads, especially known for momos.",street-food;momos;local;evening-hangout,150,1.5,foodies;students;evening crowds,1,10.0,,,"Evening, 6-11 PM",Year-round,Outdoor,False,,Daily evenings,"Open-air stalls, easy access",True,False,30 min,25 min,Navi Mumbai Street Food Guide / Thrillophilia,https://navimumbai.com/navi-mumbai-street-food-guide/,2026-09-23,150.0,1.5,,30.0,0.4166666666666667,,True,False,False,False,Outdoor,True,True,False,https://commons.wikimedia.org/wiki/Special:FilePath/Street%20Food.jpg,"Wikimedia Commons - Street Food, Old Delhi (representative Food photo)"
NAVI-008,Little World Mall Kharghar,Kharghar,Raigad,Maharashtra,Panvel,19.038,73.064,Shopping,Mall,"A shopping and entertainment mall near Central Park Kharghar with an INOX cinema, food court and retail stores, about 2.5 km from the park.",mall;shopping;cinema;food-court,0,2.0,families;shoppers;movie-goers,1,15.0,,,Afternoon-evening,Year-round,Indoor,False,,"Daily, standard mall hours",Fully wheelchair accessible,False,False,28 min,24 min,I Love Navi Mumbai,https://ilovenavimumbai.com/central-park-kharghar/,2026-09-23,0.0,2.0,,28.0,0.4,,False,False,False,False,Indoor,True,True,False,,No verified real photo found for this category - left blank
NAVI-009,Pottery Workshop Kharghar Sector 12,Kharghar,Raigad,Maharashtra,Panvel,19.033,73.062,Workshops,Pottery,"Hands-on pottery and clay-molding classes run by local studios in Kharghar Sector 12, offering therapeutic, beginner-friendly craft sessions.",pottery;craft;workshop;hands-on;creative,800,2.0,art lovers;beginners;couples,1,8.0,,,Weekend afternoons,Year-round,Indoor,True,3.0,"By appointment, check studio schedule","Indoor studio, generally accessible",True,True,33 min,28 min,Justdial,https://www.justdial.com/Navi-Mumbai/Pottery-Classes-in-Kharghar-Sector-12/nct-10383430,2026-09-23,800.0,2.0,3.0,33.0,0.4666666666666667,,True,True,True,True,Indoor,True,True,False,,No verified real photo found for this category - left blank
NAVI-010,Ghati Misal Kharghar,Kharghar,Raigad,Maharashtra,Panvel,19.036,73.063,Food,Maharashtrian,"A budget local eatery in Kharghar known for its authentic, freshly made spicy misal pav in a bustling street-food atmosphere.",misal-pav;maharashtrian;budget-eats;local-food,100,1.0,food lovers;budget travellers,1,6.0,,,Breakfast/lunch,Year-round,Indoor/Outdoor,False,,"Daily, morning to afternoon","Casual seating, street-level access",True,True,31 min,26 min,Magicpin,https://magicpin.in/Navi-Mumbai/Kharghar/Restaurant/Ghati-Misal/store/336252/vouchers,2026-09-23,100.0,1.0,,31.0,0.4333333333333333,,True,True,False,False,Mixed,True,True,False,https://commons.wikimedia.org/wiki/Special:FilePath/Street%20Food.jpg,"Wikimedia Commons - Street Food, Old Delhi (representative Food photo)"
NAVI-011,Kharghar Three Monkey Point,Kharghar,Raigad,Maharashtra,Panvel,19.056,73.06,Nature,Viewpoint,"A lesser-known hillside viewpoint near Kharghar Hills, popular among local trekkers for quiet valley views away from the more crowded trails.",hidden-gem;viewpoint;trekking;quiet,0,2.0,trekkers;photographers;solitude seekers,1,8.0,,,Early morning,Oct-Feb,Outdoor,False,,Daylight hours only,"Unmarked trail, moderate fitness needed",True,True,36 min,31 min,LBB Mumbai,https://lbb.in/mumbai/central-park-kharghar/,2026-09-23,0.0,2.0,,36.0,0.5166666666666667,,True,True,False,False,Outdoor,True,True,False,https://commons.wikimedia.org/wiki/Special:FilePath/Western-Ghats-Matheran.jpg,"Wikimedia Commons - Western Ghats, Matheran (representative Nature/scenic photo)"
NAVI-012,ResQRoom Escape Games Kharghar,Kharghar,Raigad,Maharashtra,Panvel,19.041,73.0655,Adventure,Escape Room,"An indoor escape-room venue in Kharghar offering themed puzzle-solving experiences for friends, families and corporate groups.",escape-room;puzzle;indoor;team-activity,600,1.5,friends;families;corporate teams,2,8.0,,,Afternoon-evening,Year-round,Indoor,True,1.0,"Daily, slot-based booking","Indoor, wheelchair accessible venue",False,False,29 min,25 min,Tripadvisor,https://www.tripadvisor.com/Attraction_Review-g1532344-d3368143-Reviews-or30-Central_Park_Kharghar-Navi_Mumbai_Maharashtra.html,2026-09-23,600.0,1.5,1.0,29.0,0.4166666666666667,,False,False,True,True,Indoor,True,True,False,,No verified real photo found for this category - left blank
NAVI-013,Village 12-20 Restaurant,Kharghar,Raigad,Maharashtra,Panvel,19.0355,73.0645,Food,Vegetarian Restaurant,"One of Kharghar's best-known pure-vegetarian restaurants, popular for its khakhra-based starters and busy weekend crowds.",vegetarian;dining;local-favourite;family-dining,600,1.5,vegetarian diners;families,2,10.0,,,Dinner,Year-round,Indoor,False,,"Daily, dinner hours busiest on weekends","Indoor seating, wheelchair accessible",True,False,30 min,26 min,Wanderlog / MakeMyTrip,https://wanderlog.com/list/geoCategory/366911/best-restaurants-to-have-dinner-in-navi-mumbai,2026-09-23,600.0,1.5,,30.0,0.4333333333333333,,True,False,False,False,Indoor,True,True,False,https://commons.wikimedia.org/wiki/Special:FilePath/Street%20Food.jpg,"Wikimedia Commons - Street Food, Old Delhi (representative Food photo)"
NAVI-014,Cafe Monza Kharghar,Kharghar,Raigad,Maharashtra,Panvel,19.039,73.0635,Food,Cafe,"A laid-back highway-side cafe near Little World Mall serving Italian, American and Mexican fast food, known for milkshakes and calm brunch ambience.",cafe;brunch;milkshake;casual-dining,700,1.5,couples;students;brunch-goers,1,6.0,,,Breakfast/brunch,Year-round,Indoor,False,,Daily,"Indoor seating, standard access",False,False,29 min,24 min,Wanderlog / MakeMyTrip,https://wanderlog.com/list/geoCategory/197879/where-to-eat-best-restaurants-in-navi-mumbai,2026-09-23,700.0,1.5,,29.0,0.4,,False,False,False,False,Indoor,True,True,False,https://commons.wikimedia.org/wiki/Special:FilePath/Street%20Food.jpg,"Wikimedia Commons - Street Food, Old Delhi (representative Food photo)"
NAVI-015,APMC Market Vashi,Vashi,Thane,Maharashtra,Panvel,19.0728,73.0027,Markets,Wholesale Market,"One of the largest wholesale markets in Asia for fruits, vegetables, spices, dry fruits and grains, spread across dedicated sections in Sector 19, Vashi/Turbhe.",market;wholesale;spices;dry-fruits;local-trade,0,2.0,bargain shoppers;food enthusiasts;photographers,1,10.0,,,"Early morning, 5-9 AM",Year-round,Outdoor,False,,"Mon-Sat, some sections open 2 AM-4 PM","Crowded, uneven flooring in places",True,False,18 min,40 min,Wikipedia / I Love Navi Mumbai,https://ilovenavimumbai.com/apmc-market-vashi/,2026-09-23,0.0,2.0,,18.0,0.6666666666666666,,True,False,False,False,Outdoor,True,True,False,,No verified real photo found for this category - left blank
NAVI-016,Mini Seashore Vashi,Vashi,Thane,Maharashtra,Panvel,19.081,72.997,Nature,Waterfront,"A small artificial waterfront promenade in Vashi popular for evening walks, sea breeze and casual picnics along Thane Creek.",waterfront;evening-walk;sunset;casual,0,1.0,couples;evening walkers;families,1,10.0,,,"Evening, sunset",Year-round,Outdoor,False,,Daily evenings,"Paved promenade, generally accessible",True,False,20 min,42 min,Ixigo / Beyond Yatra,https://www.ixigo.com/plan/vashi,2026-09-23,0.0,1.0,,20.0,0.7,,True,False,False,False,Outdoor,True,True,False,https://commons.wikimedia.org/wiki/Special:FilePath/Western-Ghats-Matheran.jpg,"Wikimedia Commons - Western Ghats, Matheran (representative Nature/scenic photo)"
NAVI-017,ISKCON Temple Vashi,Vashi,Thane,Maharashtra,Panvel,19.076,73.001,Culture,Temple,"A Krishna temple in Vashi known for its architecture and peaceful atmosphere, offering devotional programs and darshan.",temple;spiritual;architecture,0,1.0,devotees;families,1,20.0,,,Morning/evening aarti,Year-round,Indoor,False,,Daily,Wheelchair accessible,True,False,19 min,41 min,Ixigo,https://www.ixigo.com/plan/vashi,2026-09-23,0.0,1.0,,19.0,0.6833333333333333,,True,False,False,False,Indoor,True,True,False,,No verified real photo found for this category - left blank
NAVI-018,Sector 17 Street Food Strip Vashi,Vashi,Thane,Maharashtra,Panvel,19.0765,72.998,Food,Street Food,"Vashi's most visited street food destination, famous for its Franky stall serving veg and non-veg rolled sandwiches alongside vada pav, pav bhaji and pani puri.",street-food;franky;vada-pav;local-favourite,120,1.0,foodies;students;evening crowds,1,8.0,,,Lunch and evening,Year-round,Outdoor,False,,"Daily, busiest evenings",Open-air stalls,True,False,18 min,40 min,Navi Mumbai Hub / Beyond Yatra,https://navimumbaihub.com/vashi-area-guide/,2026-09-23,120.0,1.0,,18.0,0.6666666666666666,,True,False,False,False,Outdoor,True,True,False,https://commons.wikimedia.org/wiki/Special:FilePath/Street%20Food.jpg,"Wikimedia Commons - Street Food, Old Delhi (representative Food photo)"
NAVI-019,Inorbit Mall Vashi,Vashi,Thane,Maharashtra,Panvel,19.0699,72.9973,Shopping,Mall,"A major shopping and entertainment mall in Vashi with retail brands, a food court and cinema, popular hangout for Navi Mumbai residents.",mall;shopping;cinema;entertainment,0,3.0,shoppers;families;movie-goers,1,15.0,4.2,482.0,Afternoon-evening,Year-round,Indoor,False,,"Daily, standard mall hours",Fully wheelchair accessible,False,False,20 min,42 min,Tripadvisor,https://www.tripadvisor.com/AttractionsNear-g1532344-d4143507-Juinagar_Station-Navi_Mumbai_Maharashtra.html,2026-09-23,0.0,3.0,,20.0,0.7,,False,False,False,False,Indoor,False,False,False,,No verified real photo found for this category - left blank
NAVI-020,Vashi Plaza Street Shopping Market,Vashi,Thane,Maharashtra,Panvel,19.0765,72.998,Shopping,Street Shopping,"A Sector 17 street market hotspot for affordable clothing, accessories and electronics, popular among younger shoppers.",street-shopping;budget-fashion;local-market,0,1.5,budget shoppers;youngsters,1,8.0,,,Afternoon-evening,Year-round,Outdoor,False,,"Daily, 11 AM-9 PM","Open-air stalls, crowded on weekends",True,False,19 min,41 min,TripXL,https://tripxl.com/blog/street-shopping-in-navi-mumbai/,2026-09-23,0.0,1.5,,19.0,0.6833333333333333,,True,False,False,False,Outdoor,True,True,False,,No verified real photo found for this category - left blank
NAVI-021,Raghuleela Mall Vashi,Vashi,Thane,Maharashtra,Panvel,19.067,73.001,Shopping,Mall,"A long-standing shopping mall in Vashi offering fashion, electronics and a food court, one of the area's three main malls.",mall;shopping;retail,0,2.0,shoppers;families,1,15.0,,,Afternoon-evening,Year-round,Indoor,False,,"Daily, standard mall hours",Wheelchair accessible,False,False,21 min,43 min,Wikipedia,https://en.wikipedia.org/wiki/Vashi,2026-09-23,0.0,2.0,,21.0,0.7166666666666667,,False,False,False,False,Indoor,True,True,False,,No verified real photo found for this category - left blank
NAVI-022,Nightlife at Social Vashi,Vashi,Thane,Maharashtra,Panvel,19.07,73.0,Nightlife,Pub/Lounge,"Part of Vashi's dense pub-and-lounge cluster (alongside Lord of the Drinks and Hoppipola), a casual bar known for its food-and-drinks menu and weekend crowd.",nightlife;pub;drinks;weekend,1200,2.5,young professionals;groups;nightlife seekers,2,10.0,,,"Night, weekends",Year-round,Indoor,True,0.0,"Daily evenings, reservations recommended weekends","Indoor seating, standard access",False,False,20 min,42 min,Navi Mumbai Nightlife Guide,https://navimumbai.com/nightlife-navi-mumbai-pubs-bars/,2026-09-23,1200.0,2.5,0.0,20.0,0.7,,False,False,True,True,Indoor,True,True,False,,No verified real photo found for this category - left blank
NAVI-023,Sunrise Sunset Point Vashi,Vashi,Thane,Maharashtra,Panvel,19.068,73.002,Nature,Viewpoint,A small Sector 8 viewpoint in Vashi favoured by locals for catching sunrise and sunset over the creek.,sunset;sunrise;viewpoint;photography;local-spot,0,1.0,photographers;couples;locals,1,6.0,,,Sunrise/sunset,Year-round,Outdoor,False,,"Daily, daylight hours","Open area, easy access",True,True,19 min,41 min,Mumbai77 Bird Watching Guide,https://www.mumbai77.com/city/2326/adventures/bird-watching-sites/,2026-09-23,0.0,1.0,,19.0,0.6833333333333333,,True,True,False,False,Outdoor,True,True,False,https://commons.wikimedia.org/wiki/Special:FilePath/Western-Ghats-Matheran.jpg,"Wikimedia Commons - Western Ghats, Matheran (representative Nature/scenic photo)"
NAVI-024,Rock Garden Nerul,Nerul,Raigad,Maharashtra,Panvel,19.0336,73.0169,Nature,Sculpture Garden,"A 26-acre park with sculptures crafted from recycled scrap metal and ceramics amid rock formations, walking trails and aquatic features; a favourite weekend spot for families and photographers.",sculpture;park;photography;recycled-art;family,5,1.5,families;art lovers;photographers,1,15.0,3.9,80.0,Evening,Year-round,Outdoor,False,,"Daily, standard park hours",Wheelchair-friendly paved pathways with ramps,True,False,22 min,38 min,SceneLoc8 / Tripadvisor,https://sceneloc8.com/location/rock-garden/,2026-09-23,5.0,1.5,,22.0,0.6333333333333333,,True,False,False,False,Outdoor,False,False,False,https://commons.wikimedia.org/wiki/Special:FilePath/Western-Ghats-Matheran.jpg,"Wikimedia Commons - Western Ghats, Matheran (representative Nature/scenic photo)"
NAVI-025,Wonders Park Nerul,Nerul,Raigad,Maharashtra,Panvel,19.035,73.019,Family,Theme Park,"An amusement park featuring artfully built replicas of the Seven Wonders of the World, along with rides and an amphitheatre, popular for all age groups.",theme-park;replicas;family;rides,150,2.5,families;children;tourists,1,20.0,3.9,311.0,Afternoon-evening,Year-round,Outdoor,True,0.0,Daily,Wheelchair accessible pathways,False,False,23 min,39 min,Holidify / Expedia,https://www.holidify.com/places/navi-mumbai/sightseeing-and-things-to-do.html,2026-09-23,150.0,2.5,0.0,23.0,0.65,,False,False,True,True,Outdoor,False,False,False,,No verified real photo found for this category - left blank
NAVI-026,DY Patil Sports Stadium,Nerul,Raigad,Maharashtra,Panvel,19.0455,73.0296,Adventure,Sports Venue,"A 45,000-seater multi-purpose stadium hosting national and international cricket, football matches and major concerts; open for facility tours on non-event days.",cricket;football;concerts;sports-tourism,300,3.0,sports fans;concert-goers;groups,1,30.0,4.2,380.0,Match/event days,Year-round,Outdoor,True,7.0,Event-dependent; check schedule,Wheelchair accessible seating available,False,False,25 min,41 min,Tripadvisor,https://www.tripadvisor.com/AttractionsNear-g1532344-d4143507-Juinagar_Station-Navi_Mumbai_Maharashtra.html,2026-09-23,300.0,3.0,7.0,25.0,0.6833333333333333,,False,False,True,True,Outdoor,False,False,False,,No verified real photo found for this category - left blank
NAVI-027,Nerul Balaji Temple,Nerul,Raigad,Maharashtra,Panvel,19.0333,73.0187,Culture,Temple,"A temple modelled on the Tirupati Balaji shrine, known for its flamboyant Hindu rituals and steady flow of devotees from across the region.",temple;devotion;tirupati-replica;spiritual,0,1.5,devotees;families;heritage seekers,1,25.0,4.5,383.0,Morning/evening aarti,Year-round,Indoor,False,,Daily,Wheelchair accessible,True,False,24 min,40 min,Tripadvisor / Expedia,https://www.expedia.com/Navi-Mumbai.dx602433,2026-09-23,0.0,1.5,,24.0,0.6666666666666666,,True,False,False,False,Indoor,False,False,False,,No verified real photo found for this category - left blank
NAVI-028,Nerul Lake,Nerul,Raigad,Maharashtra,Panvel,19.028,73.016,Nature,Lake,"A calm lakeside spot in Nerul popular for evening walks and quiet conversation, with access primarily on the Nerul side rather than Palm Beach Road.",lake;evening-walk;quiet;local-spot,0,1.0,evening walkers;couples;locals,1,8.0,,,Evening,Year-round,Outdoor,False,,Daily evenings,Access limited from Palm Beach Road side,True,True,24 min,40 min,Tripadvisor,https://www.tripadvisor.com/Attraction_Review-g1532344-d10353548-Reviews-or50-Nerul_Lake-Navi_Mumbai_Maharashtra.html,2026-09-23,0.0,1.0,,24.0,0.6666666666666666,,True,True,False,False,Outdoor,True,True,False,https://commons.wikimedia.org/wiki/Special:FilePath/Western-Ghats-Matheran.jpg,"Wikimedia Commons - Western Ghats, Matheran (representative Nature/scenic photo)"
NAVI-029,Jewel of Navi Mumbai (JNM) Garden,Nerul,Raigad,Maharashtra,Panvel,19.03,73.023,Family,Amusement Park,"A 50-acre green space along Palm Beach Road with a man-made waterfall, fountains, mini golf and kids' play areas, plus a water park and snow-world attraction.",amusement-park;family;waterfall;snow-world;mini-golf,250,3.0,families;children,1,20.0,4.0,55.0,Afternoon-evening,Year-round,Outdoor/Indoor,True,0.0,Daily,Wheelchair accessible in most zones,False,False,23 min,39 min,NoBroker / Tripadvisor,https://www.nobroker.in/locality-iq/nerul-navi-mumbai-mumbai-liqlt,2026-09-23,250.0,3.0,0.0,23.0,0.65,,False,False,True,True,Mixed,False,False,False,,No verified real photo found for this category - left blank
NAVI-030,Belapur Golf Course,Nerul,Raigad,Maharashtra,Panvel,19.023,73.028,Adventure,Golf,"An 18-hole golf course set against the Sahyadri hills near Nerul/Belapur, with a driving range and clubhouse for beginner lessons.",golf;sports;scenic;lessons,1500,3.0,golf enthusiasts;beginners,1,4.0,,,Early morning,Year-round,Outdoor,True,2.0,Members and limited public slots,Course access restricted,False,False,26 min,42 min,NoBroker,https://www.nobroker.in/locality-iq/nerul-navi-mumbai-mumbai-liqlt,2026-09-23,1500.0,3.0,2.0,26.0,0.7,,False,False,True,True,Outdoor,True,True,False,,No verified real photo found for this category - left blank
NAVI-031,Little Flower Church Nerul,Nerul,Raigad,Maharashtra,Panvel,19.034,73.016,Culture,Heritage Church,"A well-known Catholic church in Nerul, a quiet heritage stop and active place of worship for the local Christian community.",church;heritage;spiritual;architecture,0,1.0,devotees;heritage seekers,1,20.0,,,Sunday mass / daily prayer,Year-round,Indoor,False,,Daily; Sunday mass timings vary,Wheelchair accessible,True,False,22 min,38 min,Tripadvisor,https://www.tripadvisor.com/Attraction_Review-g1532344-d10353548-Reviews-or50-Nerul_Lake-Navi_Mumbai_Maharashtra.html,2026-09-23,0.0,1.0,,22.0,0.6333333333333333,,True,False,False,False,Indoor,True,True,False,,No verified real photo found for this category - left blank
NAVI-032,Belapur Fort,CBD Belapur,Raigad,Maharashtra,Panvel,19.0159,73.035,Culture,Heritage Fort,"A largely ruined coastal fort built by the Siddis of Janjira and later held by the Portuguese, Marathas and British, offering panoramic views of Belapur from its hilltop ramparts.",fort;heritage;history;viewpoint,0,1.5,history buffs;photographers;local trekkers,1,15.0,,,Morning/evening,Year-round,Outdoor,False,,Daily; note possible renovation access limits,"Some climbing required, not wheelchair accessible",True,False,20 min,36 min,Wikipedia / YoMetro,https://yometro.com/travel-guide/attraction-belapur-fort-navi-mumbai,2026-09-23,0.0,1.5,,20.0,0.6,,True,False,False,False,Outdoor,True,True,False,,No verified real photo found for this category - left blank
NAVI-033,Parsik Hill,CBD Belapur,Raigad,Maharashtra,Panvel,19.023,73.043,Nature,Hill Viewpoint,"A scenic hill near CBD Belapur popular for morning walks, jogging and hiking trails, with panoramic views over Belapur and the creek.",hiking;viewpoint;morning-walk;nature,0,2.0,hikers;morning walkers;photographers,1,10.0,4.1,43.0,Early morning,Year-round,Outdoor,False,,Daily mornings,"Trail terrain, moderate fitness required",True,False,21 min,37 min,Beyond Yatra / Tripadvisor,https://www.beyondyatra.com/destination/belapur,2026-09-23,0.0,2.0,,21.0,0.6166666666666667,,True,False,False,False,Outdoor,False,False,False,https://commons.wikimedia.org/wiki/Special:FilePath/Western-Ghats-Matheran.jpg,"Wikimedia Commons - Western Ghats, Matheran (representative Nature/scenic photo)"
NAVI-034,Bhagavat Dham Temple Parsik Hills,CBD Belapur,Raigad,Maharashtra,Panvel,19.023,73.043,Culture,Temple,"A Radha Krishna temple on Parsik Hills known for its devotional evening aarti with singing, bells and incense drawing devotees from across Mumbai.",temple;aarti;spiritual;hilltop,0,1.5,devotees;spiritual seekers,1,25.0,,,Evening aarti,Year-round,Indoor/Outdoor,False,,"Daily, evening aarti draws largest crowd","Hilltop location, some walking required",True,True,21 min,37 min,MyGate Belapur Guide,https://mygate.com/blog/neighbourhood/belapur/,2026-09-23,0.0,1.5,,21.0,0.6166666666666667,,True,True,False,False,Mixed,True,True,False,,No verified real photo found for this category - left blank
NAVI-035,Green Valley Park Parsik Hills,CBD Belapur,Raigad,Maharashtra,Panvel,19.024,73.045,Nature,Park,"A 50-hectare wilderness zone within the Parsik Hills canopy in CBD Belapur, offering forested walking trails close to the urban core.",forest;walking;green-space;local-park,0,1.5,nature lovers;walkers,1,15.0,,,Morning/evening,Year-round,Outdoor,False,,"Daily, standard park hours",Forest trail terrain,True,True,22 min,38 min,Wikipedia (CBD Belapur),https://en.wikipedia.org/wiki/CBD_Belapur,2026-09-23,0.0,1.5,,22.0,0.6333333333333333,,True,True,False,False,Outdoor,True,True,False,https://commons.wikimedia.org/wiki/Special:FilePath/Western-Ghats-Matheran.jpg,"Wikimedia Commons - Western Ghats, Matheran (representative Nature/scenic photo)"
NAVI-036,Belapur Jetty Water Sports,CBD Belapur,Raigad,Maharashtra,Panvel,19.01,73.033,Adventure,Water Sports,"A jetty near CBD Belapur offering jet skiing, banana boat and speed boat rides on the creek for thrill-seekers.",water-sports;jet-ski;speed-boat;adventure,800,1.5,adventure seekers;groups;families with teens,2,10.0,,,Morning-afternoon,Oct-May (fair weather),Outdoor,True,1.0,"Weather dependent, check operator schedule",Water access; swimming ability recommended,False,False,20 min,36 min,Beyond Yatra,https://www.beyondyatra.com/destination/belapur,2026-09-23,800.0,1.5,1.0,20.0,0.6,,False,False,True,True,Outdoor,True,True,False,,No verified real photo found for this category - left blank
NAVI-037,The Bar Stock Exchange CBD Belapur,CBD Belapur,Raigad,Maharashtra,Panvel,19.0165,73.0355,Nightlife,Bar,"A themed bar in CBD Belapur near Belapur Fort with a stock-exchange-inspired drinks-pricing concept, popular for casual evening outings.",bar;nightlife;themed-bar;drinks,1000,2.0,young professionals;groups,2,10.0,4.0,2.0,Evening,Year-round,Indoor,False,,Daily evenings,Indoor seating,False,False,20 min,36 min,Tripadvisor,https://www.tripadvisor.com/Attraction_Review-g1532344-d4088643-Reviews-or20-Belapur_Fort-Navi_Mumbai_Maharashtra.html,2026-09-23,1000.0,2.0,,20.0,0.6,,False,False,False,False,Indoor,False,False,False,,No verified real photo found for this category - left blank
NAVI-038,Nexus Seawoods Grand Central Mall,Seawoods,Raigad,Maharashtra,Panvel,19.02157,73.01829,Shopping,Mall,"A 1-million-sq-ft transit-oriented mall directly connected to Seawoods railway station with 500+ brands, a Cinepolis multiplex, Namco and Snow World entertainment zones.",mall;shopping;cinema;entertainment;transit-oriented,0,3.0,shoppers;families;movie-goers,1,20.0,4.5,187.0,Afternoon-evening,Year-round,Indoor,False,,"Daily, standard mall hours","Fully wheelchair accessible, station-linked",False,False,18 min,34 min,Wikipedia / SCAI,https://en.wikipedia.org/wiki/Nexus_Seawoods,2026-09-23,0.0,3.0,,18.0,0.5666666666666667,,False,False,False,False,Indoor,False,False,False,,No verified real photo found for this category - left blank
NAVI-039,Seawoods Lake,Seawoods,Raigad,Maharashtra,Panvel,19.013,73.01,Nature,Lake,"A lakefront stretch in Seawoods popular for early-morning and evening strolls, offering a quieter counterpart to the area's malls.",lake;morning-walk;evening-walk;quiet,0,1.0,morning walkers;evening strollers,1,10.0,,,Morning/evening,Year-round,Outdoor,False,,Daily,Paved walking path,True,False,17 min,33 min,Expedia Navi Mumbai Guide,https://www.expedia.com/Navi-Mumbai.dx602433,2026-09-23,0.0,1.0,,17.0,0.55,,True,False,False,False,Outdoor,True,True,False,https://commons.wikimedia.org/wiki/Special:FilePath/Western-Ghats-Matheran.jpg,"Wikimedia Commons - Western Ghats, Matheran (representative Nature/scenic photo)"
NAVI-040,TS Chanakya Karave Wetlands Birding,Seawoods,Raigad,Maharashtra,Panvel,19.01,73.025,Bird Watching,Wetland,"A coastal wetland behind the Training Ship Chanakya campus on Palm Beach Road, hosting massive winter-to-early-summer flocks of flamingos plus storks, herons and waders amid mangroves and mudflats.",birdwatching;flamingos;wetland;mangroves;photography,1500,3.0,birders;photographers;nature groups,2,15.0,,,"Early morning, 7-9 AM",Winter-early summer (Nov-May),Outdoor,True,3.0,"Seasonal, guided walks scheduled periodically","Uneven wetland terrain, not wheelchair accessible",True,True,18 min,34 min,Jungle Buddies / Ataavi,https://junglebuddies.in/product/ts-chanakya-karave-wetlands/,2026-09-23,1500.0,3.0,3.0,18.0,0.5666666666666667,,True,True,True,True,Outdoor,True,True,False,https://commons.wikimedia.org/wiki/Special:FilePath/Kaas%20Pathar%2C%20Satara%2C%20Maharashtra%2C%20India%20%282018%29%202.jpg,"Wikimedia Commons - Kaas Pathar, Satara (representative Nature/Wildlife photo)"
NAVI-041,Seawoods Flamingo Point,Seawoods,Raigad,Maharashtra,Panvel,19.008,73.013,Bird Watching,Nature Reserve,"A creek-side flamingo viewing spot near Seawoods, part of the wider Thane Creek Flamingo Sanctuary ecosystem, offering close sightings of migratory birds.",flamingos;birdwatching;nature;photography,0,1.5,birders;photographers;families,1,10.0,4.3,4.0,Morning,Nov-May,Outdoor,False,,"Seasonal, weather and tide dependent","Open viewing area, uneven ground",True,True,17 min,33 min,Tripadvisor,https://www.tripadvisor.com/Attraction_Review-g1532344-d4088643-Reviews-or20-Belapur_Fort-Navi_Mumbai_Maharashtra.html,2026-09-23,0.0,1.5,,17.0,0.55,,True,True,False,False,Outdoor,False,False,False,https://commons.wikimedia.org/wiki/Special:FilePath/Kaas%20Pathar%2C%20Satara%2C%20Maharashtra%2C%20India%20%282018%29%202.jpg,"Wikimedia Commons - Kaas Pathar, Satara (representative Nature/Wildlife photo)"
NAVI-042,Airoli Coastal & Marine Biodiversity Centre,Airoli,Thane,Maharashtra,Panvel,19.158,72.998,Bird Watching,Flamingo Sanctuary,"A mangrove nature trail and flamingo sanctuary on Thane Creek with a raised bamboo boardwalk, two air-conditioned marine biodiversity museums and boat excursions for close flamingo sightings.",flamingos;mangroves;museum;boat-safari;nature-trail,210,2.0,birders;families;nature lovers,1,15.0,,,"Morning, before sunset for views",Nov-May (flamingo season),Outdoor/Indoor,True,1.0,"Daily, closed on select days - check ahead",Boardwalk partially accessible,True,False,38 min,54 min,Best of India Travels / Tripadvisor,https://bestofindiatravels.com/airoli-flamingo/,2026-09-23,210.0,2.0,1.0,38.0,0.9,,True,False,True,True,Mixed,True,True,False,https://commons.wikimedia.org/wiki/Special:FilePath/Kaas%20Pathar%2C%20Satara%2C%20Maharashtra%2C%20India%20%282018%29%202.jpg,"Wikimedia Commons - Kaas Pathar, Satara (representative Nature/Wildlife photo)"
NAVI-043,Airoli Knowledge Park,Airoli,Thane,Maharashtra,Panvel,19.156,73.001,Culture,Hangout Spot,"An IT hub in Airoli that has grown into a popular evening hangout with restaurants and jogging tracks, well-connected from across the city.",hangout;jogging;restaurants;evening-spot,0,1.5,young professionals;joggers;casual diners,1,10.0,,,Evening,Year-round,Outdoor,False,,"24 hrs, restaurants have set hours",Paved paths,False,False,36 min,52 min,Thrillophilia,https://www.thrillophilia.com/things-to-do-in-navi-mumbai,2026-09-23,0.0,1.5,,36.0,0.8666666666666667,,False,False,False,False,Outdoor,True,True,False,,No verified real photo found for this category - left blank
NAVI-044,Rabale Forest Birding Trail,Airoli,Thane,Maharashtra,Panvel,19.135,73.005,Bird Watching,Forest Trail,"A lesser-known forested trail near Rabale/Mahape stocked by the Reliance group's afforestation, good for forest and scrubland birds plus raptors after sunrise.",birdwatching;forest;raptors;hidden-gem,0,2.5,birders;solitude seekers,1,8.0,,,Early morning,Winter,Outdoor,False,,Daylight hours,"Unmarked forest trail, moderate fitness needed",True,True,33 min,49 min,Birding in Bombay blog,http://birdinginbombay.blogspot.com/2010/01/,2026-09-23,0.0,2.5,,33.0,0.8166666666666667,,True,True,False,False,Outdoor,True,True,False,https://commons.wikimedia.org/wiki/Special:FilePath/Kaas%20Pathar%2C%20Satara%2C%20Maharashtra%2C%20India%20%282018%29%202.jpg,"Wikimedia Commons - Kaas Pathar, Satara (representative Nature/Wildlife photo)"
NAVI-045,Gavlidevi Waterfall and Birding Mahape,Ghansoli,Thane,Maharashtra,Panvel,19.13,73.015,Nature,Waterfall,"A little-visited seasonal waterfall and birding spot near Mahape/Ghansoli, known locally as Gavlidevi, tucked away from the main tourist circuit.",hidden-gem;waterfall;birdwatching;local-spot,0,2.0,nature lovers;birders;local trekkers,2,8.0,,,Monsoon mornings,Monsoon (Jun-Sep),Outdoor,False,,"Seasonal, monsoon only","Unmarked trail, no facilities",True,True,34 min,50 min,Mumbai77 Bird Watching Guide,https://www.mumbai77.com/city/2326/adventures/bird-watching-sites/,2026-09-23,0.0,2.0,,34.0,0.8333333333333334,,True,True,False,False,Outdoor,True,True,False,https://commons.wikimedia.org/wiki/Special:FilePath/Western-Ghats-Matheran.jpg,"Wikimedia Commons - Western Ghats, Matheran (representative Nature/scenic photo)"
NAVI-046,Koparkhairane Birding Trail,Koparkhairane,Thane,Maharashtra,Panvel,19.105,73.01,Bird Watching,Local Trail,"A locally known birding route around Koparkhairane, documented by Navi Mumbai birding groups as part of the wider creek-and-mangrove birding circuit.",birdwatching;local-trail;hidden-gem,0,2.0,birders;casual nature walkers,1,8.0,,,Early morning,Winter,Outdoor,False,,Daylight hours,"Informal trail, no facilities",True,True,29 min,45 min,Birding in Bombay blog,http://birdinginbombay.blogspot.com/2010/01/,2026-09-23,0.0,2.0,,29.0,0.75,,True,True,False,False,Outdoor,True,True,False,https://commons.wikimedia.org/wiki/Special:FilePath/Kaas%20Pathar%2C%20Satara%2C%20Maharashtra%2C%20India%20%282018%29%202.jpg,"Wikimedia Commons - Kaas Pathar, Satara (representative Nature/Wildlife photo)"
NAVI-047,Rock Garden Sanpada,Sanpada,Thane,Maharashtra,Panvel,19.067,73.011,Nature,Park,"An ecotourism-style sculpture and rock-formation park in Sanpada with landscaped trails, popular for morning and evening walks and nearby cycling trails.",park;sculptures;walking;cycling,0,1.5,families;morning walkers;art lovers,1,15.0,,,Morning/evening,Year-round,Outdoor,False,,"Daily, standard park hours",Paved trails,True,False,22 min,38 min,Expedia / NoBroker,https://www.expedia.co.in/Rock-Garden-Sanpada.d553248621562261111.Attraction,2026-09-23,0.0,1.5,,22.0,0.6333333333333333,,True,False,False,False,Outdoor,True,True,False,https://commons.wikimedia.org/wiki/Special:FilePath/Western-Ghats-Matheran.jpg,"Wikimedia Commons - Western Ghats, Matheran (representative Nature/scenic photo)"
NAVI-048,Sensory Garden (Samvedna Garden) Sanpada,Sanpada,Thane,Maharashtra,Panvel,19.0645,73.014,Nature,Park,"A well-maintained garden near Juinagar station with yoga and gymnastics sections, a children's play area and lush pathways popular for photoshoots.",garden;yoga;family;photography;local-park,0,1.0,families;yoga practitioners;photographers,1,10.0,4.0,1.0,Evening,Year-round,Outdoor,False,,"Daily, standard park hours",Well-maintained paths,True,True,24 min,40 min,Wanderlog,https://wanderlog.com/place/details/7563259/sensory-garden,2026-09-23,0.0,1.0,,24.0,0.6666666666666666,,True,True,False,False,Outdoor,False,False,False,https://commons.wikimedia.org/wiki/Special:FilePath/Western-Ghats-Matheran.jpg,"Wikimedia Commons - Western Ghats, Matheran (representative Nature/scenic photo)"
NAVI-049,Ellora Fiesta Juinagar,Juinagar,Thane,Maharashtra,Panvel,19.064,73.0135,Food,Restaurant,"A local dining spot near Juinagar station offering multi-cuisine fare, a short walk from the station and a popular choice for area residents.",dining;multi-cuisine;local-favourite,600,1.5,local diners;families,1,8.0,,,Lunch/dinner,Year-round,Indoor,False,,Daily,Indoor seating,True,False,23 min,39 min,Tripadvisor,https://www.tripadvisor.com/AttractionsNear-g1532344-d4143507-Juinagar_Station-Navi_Mumbai_Maharashtra.html,2026-09-23,600.0,1.5,,23.0,0.65,,True,False,False,False,Indoor,True,True,False,https://commons.wikimedia.org/wiki/Special:FilePath/Street%20Food.jpg,"Wikimedia Commons - Street Food, Old Delhi (representative Food photo)"
NAVI-050,Shree Shaneeshwara Temple,Nerul,Raigad,Maharashtra,Panvel,19.034,73.018,Culture,Temple,"A well-regarded neighbourhood temple in Nerul East dedicated to Lord Shani, drawing steady local devotion on Saturdays.",temple;shani;spiritual;local,0,1.0,devotees;locals,1,20.0,4.4,24.0,Saturday evenings,Year-round,Indoor,False,,"Daily, Saturday busiest",Wheelchair accessible,True,False,24 min,40 min,Tripadvisor,https://www.tripadvisor.com/AttractionsNear-g1532344-d4143507-Juinagar_Station-Navi_Mumbai_Maharashtra.html,2026-09-23,0.0,1.0,,24.0,0.6666666666666666,,True,False,False,False,Indoor,False,False,False,,No verified real photo found for this category - left blank
NAVI-051,Karnala Bird Sanctuary and Fort Trek,Panvel,Raigad,Maharashtra,Panvel,18.8833,73.1075,Nature,Bird Sanctuary,A 12.11 sq km sanctuary on the Mumbai-Goa Highway with over 140 recorded bird species and a moderate 2.7 km forest trek to the historic Karnala Fort with its distinctive volcanic pinnacle.,birdwatching;trekking;fort;forest;day-trip,50,4.0,trekkers;birders;history enthusiasts;families,1,20.0,,,"Early morning, 7-9 AM",Monsoon-Winter (Jul-Feb),Outdoor,False,,"Daily, entry fee at gate","Forest trail with rocky patches, not wheelchair accessible",True,False,55 min,20 min,Karnala Bird Sanctuary official / I Love Navi Mumbai,https://ilovenavimumbai.com/karnala-bird-sanctuary-panvel/,2026-09-23,50.0,4.0,,55.0,0.3333333333333333,,True,False,False,False,Outdoor,True,True,False,https://commons.wikimedia.org/wiki/Special:FilePath/Western-Ghats-Matheran.jpg,"Wikimedia Commons - Western Ghats, Matheran (representative Nature/scenic photo)"
NAVI-052,Karnala Fort Pandu Tower Climb,Panvel,Raigad,Maharashtra,Panvel,18.885,73.108,Adventure,Fort Trek,"The final climb to Karnala Fort's summit reveals a 125-foot basalt pillar known as Pandu's Tower and panoramic Sahyadri views, a rewarding beginner-to-moderate adventure trek.",trekking;fort;adventure;panoramic-views,50,2.0,trekkers;adventure seekers;photographers,1,15.0,,,Morning,Monsoon-Winter (Jul-Feb),Outdoor,False,,"Daily, daylight hours only","Steep rocky final stretch, not for beginners with mobility issues",True,False,55 min,20 min,Treks and Trails India,https://www.treksandtrails.org/blog/karnala-fort-one-day-trek-near-mumbai/,2026-09-23,50.0,2.0,,55.0,0.3333333333333333,,True,False,False,False,Outdoor,True,True,False,,No verified real photo found for this category - left blank
NAVI-053,Sagar Vihar Waterfront Park,Kharghar,Raigad,Maharashtra,Panvel,19.025,73.05,Nature,Waterfront Park,"A waterfront green space in Navi Mumbai offering walking paths along the creek, a quieter nature escape recommended by city travel guides.",waterfront;walking;nature;quiet-spot,0,1.5,walkers;nature lovers,1,10.0,,,Morning/evening,Year-round,Outdoor,False,,"Daily, standard park hours",Paved walking path,True,True,27 min,33 min,Expedia Navi Mumbai Guide,https://www.expedia.com/cn/Navi-Mumbai.dx602433,2026-09-23,0.0,1.5,,27.0,0.55,,True,True,False,False,Outdoor,True,True,False,https://commons.wikimedia.org/wiki/Special:FilePath/Western-Ghats-Matheran.jpg,"Wikimedia Commons - Western Ghats, Matheran (representative Nature/scenic photo)"
NAVI-054,Biryani Guru Kharghar,Kharghar,Raigad,Maharashtra,Panvel,19.037,73.0625,Food,Biryani,A popular Sector 12 Kharghar biryani spot frequently recommended as a post-trek lunch stop after visiting Pandavkada Falls.,biryani;local-favourite;post-trek-meal,350,1.0,biryani lovers;post-trek diners,1,8.0,,,Lunch/dinner,Year-round,Indoor,False,,Daily,Indoor seating,True,False,31 min,26 min,TravelPhilia,https://travelphilia.in/trip/pandavkada-waterfall/,2026-09-23,350.0,1.0,,31.0,0.4333333333333333,,True,False,False,False,Indoor,True,True,False,https://commons.wikimedia.org/wiki/Special:FilePath/Street%20Food.jpg,"Wikimedia Commons - Street Food, Old Delhi (representative Food photo)"
NAVI-055,Bhagat Tarachand Little World Mall,Kharghar,Raigad,Maharashtra,Panvel,19.038,73.064,Food,North Indian,"A well-known North Indian vegetarian restaurant chain outlet inside Little World Mall, a popular lunch stop for shoppers and moviegoers.",north-indian;vegetarian;mall-dining,500,1.5,families;shoppers,2,10.0,,,Lunch/dinner,Year-round,Indoor,False,,"Daily, mall hours",Fully wheelchair accessible,False,False,28 min,24 min,TravelPhilia,https://travelphilia.in/trip/pandavkada-waterfall/,2026-09-23,500.0,1.5,,28.0,0.4,,False,False,False,False,Indoor,True,True,False,https://commons.wikimedia.org/wiki/Special:FilePath/Street%20Food.jpg,"Wikimedia Commons - Street Food, Old Delhi (representative Food photo)"
NAVI-056,Vashi Station Vada Pav Stalls,Vashi,Thane,Maharashtra,Panvel,19.077,72.9955,Food,Street Food,"Historic vada pav stalls right by Vashi railway station, considered among Navi Mumbai's most iconic and long-running street food landmarks.",vada-pav;street-food;iconic;budget,30,0.5,commuters;budget foodies,1,4.0,,,Morning-evening,Year-round,Outdoor,False,,Daily,"Station-side stalls, crowded at peak hours",True,False,18 min,40 min,Navi Mumbai Street Food Guide,https://navimumbai.com/navi-mumbai-street-food-guide/,2026-09-23,30.0,0.5,,18.0,0.6666666666666666,,True,False,False,False,Outdoor,True,True,False,https://commons.wikimedia.org/wiki/Special:FilePath/Street%20Food.jpg,"Wikimedia Commons - Street Food, Old Delhi (representative Food photo)"
NAVI-057,Janta Market Vashi Sector 9,Vashi,Thane,Maharashtra,Panvel,19.073,73.0,Markets,Neighbourhood Market,"Vashi's original neighbourhood market in Sector 9, a no-frills local market for vegetables, daily essentials and produce at honest pricing.",market;local;daily-essentials;old-vashi,0,1.0,locals;budget shoppers,1,6.0,,,Morning,Year-round,Outdoor,False,,Daily mornings,Open-air stalls,True,True,18 min,40 min,Navi Mumbai Hub,https://navimumbaihub.com/vashi-area-guide/,2026-09-23,0.0,1.0,,18.0,0.6666666666666666,,True,True,False,False,Outdoor,True,True,False,,No verified real photo found for this category - left blank
NAVI-058,Kharghar Golf Course View Walk,Kharghar,Raigad,Maharashtra,Panvel,19.0435,73.0685,Nature,Viewpoint,"A scenic walking stretch alongside the Kharghar golf course opposite Central Park, offering green, open views for casual evening strolls.",walking;scenic;evening-stroll;green-space,0,1.0,evening walkers;couples,1,8.0,,,Evening,Year-round,Outdoor,False,,Daily evenings,Paved perimeter path,True,True,31 min,27 min,I Love Navi Mumbai,https://ilovenavimumbai.com/central-park-kharghar/,2026-09-23,0.0,1.0,,31.0,0.45,,True,True,False,False,Outdoor,True,True,False,https://commons.wikimedia.org/wiki/Special:FilePath/Western-Ghats-Matheran.jpg,"Wikimedia Commons - Western Ghats, Matheran (representative Nature/scenic photo)"
NAVI-059,Kharghar Shiv Mandir,Kharghar,Raigad,Maharashtra,Panvel,19.048,73.08,Culture,Temple,"A sacred Shiva temple at the foothills of Kharghar hills near Taloja Central Jail, a quieter alternative pilgrimage stop to ISKCON.",temple;shiva;spiritual;quiet,0,1.0,devotees;pilgrims,1,15.0,,,Morning/evening,Year-round,Indoor,False,,Daily,"Foothill location, some walking required",True,True,38 min,33 min,I Love Navi Mumbai,https://ilovenavimumbai.com/pandavkada-falls/,2026-09-23,0.0,1.0,,38.0,0.55,,True,True,False,False,Indoor,True,True,False,,No verified real photo found for this category - left blank
NAVI-060,Vastu Vihar Birding Kharghar,Kharghar,Raigad,Maharashtra,Panvel,19.05,73.01,Bird Watching,Local Trail,"A Sector 16 Kharghar spot documented as a local birding site, with waders and resident species visible through the season.",birdwatching;local-spot;hidden-gem,0,1.5,birders;casual walkers,1,6.0,,,Early morning,Winter,Outdoor,False,,Daylight hours,"Open ground, informal access",True,True,29 min,25 min,Mumbai77 Bird Watching Guide,https://www.mumbai77.com/city/2326/adventures/bird-watching-sites/,2026-09-23,0.0,1.5,,29.0,0.4166666666666667,,True,True,False,False,Outdoor,True,True,False,https://commons.wikimedia.org/wiki/Special:FilePath/Kaas%20Pathar%2C%20Satara%2C%20Maharashtra%2C%20India%20%282018%29%202.jpg,"Wikimedia Commons - Kaas Pathar, Satara (representative Nature/Wildlife photo)"
NAVI-061,CBD Valley Forest Birding,CBD Belapur,Raigad,Maharashtra,Panvel,19.01,73.04,Bird Watching,Forest Trail,A Sector 9 forest patch in CBD Belapur documented as a local birding site with a mix of scrub and forest species.,birdwatching;forest;hidden-gem;local-spot,0,2.0,birders;nature lovers,1,8.0,,,Early morning,Winter,Outdoor,False,,Daylight hours,"Forest terrain, informal trail",True,True,22 min,38 min,Mumbai77 Bird Watching Guide,https://www.mumbai77.com/city/2326/adventures/bird-watching-sites/,2026-09-23,0.0,2.0,,22.0,0.6333333333333333,,True,True,False,False,Outdoor,True,True,False,https://commons.wikimedia.org/wiki/Special:FilePath/Kaas%20Pathar%2C%20Satara%2C%20Maharashtra%2C%20India%20%282018%29%202.jpg,"Wikimedia Commons - Kaas Pathar, Satara (representative Nature/Wildlife photo)"
NAVI-062,DPS Lake Nerul Birding,Nerul,Raigad,Maharashtra,Panvel,19.025,73.035,Bird Watching,Lake,A lake near the NMMC office in Nerul (Sector 52/58 area) where migratory waders arrive around October and stay until May.,birdwatching;lake;migratory-birds;seasonal,0,1.5,birders;photographers,1,8.0,,,Early morning,Oct-May,Outdoor,False,,"Seasonal, Oct-May best",Open ground around lake,True,True,25 min,41 min,Mumbai77 Bird Watching Guide,https://www.mumbai77.com/city/2326/adventures/bird-watching-sites/,2026-09-23,0.0,1.5,,25.0,0.6833333333333333,,True,True,False,False,Outdoor,True,True,False,https://commons.wikimedia.org/wiki/Special:FilePath/Kaas%20Pathar%2C%20Satara%2C%20Maharashtra%2C%20India%20%282018%29%202.jpg,"Wikimedia Commons - Kaas Pathar, Satara (representative Nature/Wildlife photo)"
NAVI-063,Raasta Seawoods Grand Central,Seawoods,Raigad,Maharashtra,Panvel,19.0215,73.0183,Nightlife,Lounge,"A Caribbean-inspired lounge inside Nexus Seawoods with reggae music, an extensive cocktail menu and weekend DJ sets from 9 PM.",nightlife;lounge;cocktails;dj-nights,700,2.5,young professionals;groups;nightlife seekers,2,10.0,,,"Night, weekends",Year-round,Indoor,True,0.0,"Daily evenings, happy hour 5-8 PM weekdays","Fully wheelchair accessible, mall-based",False,False,18 min,34 min,Navi Mumbai Nightlife Guide,https://navimumbai.com/nightlife-navi-mumbai-pubs-bars/,2026-09-23,700.0,2.5,0.0,18.0,0.5666666666666667,,False,False,True,True,Indoor,True,True,False,,No verified real photo found for this category - left blank
NAVI-064,Skye Lounge Palm Beach Road,Nerul,Raigad,Maharashtra,Panvel,19.03,73.02,Nightlife,Rooftop Bar,"One of the few true rooftop bars in Navi Mumbai, offering creek and skyline views along Palm Beach Road with a mixologist-curated cocktail menu.",rooftop-bar;nightlife;views;cocktails,800,2.5,couples;special occasions;nightlife seekers,2,8.0,,,Night,Year-round,Outdoor/Indoor,True,2.0,"Daily evenings, reservations essential weekends","Indoor/outdoor seating, smart-casual dress expected",False,False,24 min,40 min,Navi Mumbai Nightlife Guide,https://navimumbai.com/nightlife-navi-mumbai-pubs-bars/,2026-09-23,800.0,2.5,2.0,24.0,0.6666666666666666,,False,False,True,True,Mixed,True,True,False,,No verified real photo found for this category - left blank
NAVI-065,Estella Kharghar,Kharghar,Raigad,Maharashtra,Panvel,19.04,73.065,Nightlife,Restobar,"A newer addition to Kharghar's dining and nightlife scene, offering a restobar experience for the area's growing evening crowd.",nightlife;restobar;dining;evening-out,900,2.0,young professionals;groups,2,10.0,,,Evening/night,Year-round,Indoor,True,0.0,Daily evenings,Indoor seating,False,False,30 min,26 min,Navi Mumbai Nightlife Guide,https://navimumbai.com/nightlife-navi-mumbai-pubs-bars/,2026-09-23,900.0,2.0,0.0,30.0,0.4333333333333333,,False,False,True,True,Indoor,True,True,False,,No verified real photo found for this category - left blank
NAVI-066,APMC Dates and Dry Fruits Wholesale Section,Vashi,Thane,Maharashtra,Panvel,19.0728,73.0027,Markets,Specialty Market,"A dedicated dates-wholesale section within APMC Vashi offering varieties like Ajwa, Medjool, Sukkari and Zahidi at bulk and retail prices.",dates;dry-fruits;wholesale;specialty-shopping,0,1.0,bulk shoppers;foodies,1,6.0,,,Daytime,"Year-round, peak during festivals",Outdoor,False,,"Mon-Sat, 10 AM-8 PM","Market floor, uneven surfaces",True,True,18 min,40 min,I Love Navi Mumbai,https://ilovenavimumbai.com/apmc-market-vashi/,2026-09-23,0.0,1.0,,18.0,0.6666666666666666,,True,True,False,False,Outdoor,True,True,False,,No verified real photo found for this category - left blank
NAVI-067,ISKCON Kharghar Vedic Cultural Classes,Kharghar,Raigad,Maharashtra,Panvel,19.047,73.067,Workshops,Cultural/Spiritual,Morning scriptural classes on the Srimad Bhagavad Gita and other Vedic texts held at the Glory of Maharashtra Culture Center within ISKCON Kharghar.,workshop;spiritual;bhagavad-gita;learning,0,1.5,spiritual seekers;students,1,30.0,,,Morning,Year-round,Indoor,True,1.0,Daily morning classes,Wheelchair accessible,True,True,30 min,25 min,ISKCON Navi Mumbai official site,https://iskcon-navimumbai.org/,2026-09-23,0.0,1.5,1.0,30.0,0.4166666666666667,,True,True,True,True,Indoor,True,True,False,,No verified real photo found for this category - left blank
NAVI-068,Suryawanshi Restaurant Malvani Thali,Nerul,Raigad,Maharashtra,Panvel,19.034,73.021,Food,Konkani/Malvani,"A hidden-gem restaurant inside a Nerul mall food court serving authentic Malvani and Kolhapuri cuisine including crab sukka, kharda chicken and misal pav.",malvani;konkani;seafood;hidden-gem;thali,700,1.5,seafood lovers;Maharashtrian food enthusiasts,1,8.0,4.5,,Lunch/dinner,Year-round,Indoor,False,,"Daily, mall food court hours",Fully wheelchair accessible,True,True,23 min,39 min,Wanderlog,https://wanderlog.com/place/details/9710835/suryawanshi-restaurant,2026-09-23,700.0,1.5,,23.0,0.65,,True,True,False,False,Indoor,False,True,False,https://commons.wikimedia.org/wiki/Special:FilePath/Street%20Food.jpg,"Wikimedia Commons - Street Food, Old Delhi (representative Food photo)"
NAVI-069,Gamerz Pride Kharghar,Kharghar,Raigad,Maharashtra,Panvel,19.045,73.066,Family,Gaming Arcade,"A family gaming and entertainment arcade near Central Park Kharghar, offering arcade games and indoor activities for children and groups.",arcade;family;indoor-games;children,400,1.5,families;children;groups,1,10.0,,,Afternoon-evening,Year-round,Indoor,False,,Daily,Fully wheelchair accessible,False,False,30 min,25 min,Tripadvisor,https://www.tripadvisor.com/Attraction_Review-g1532344-d3368143-Reviews-or30-Central_Park_Kharghar-Navi_Mumbai_Maharashtra.html,2026-09-23,400.0,1.5,,30.0,0.4166666666666667,,False,False,False,False,Indoor,True,True,False,,No verified real photo found for this category - left blank
NAVI-070,Spa Castle Kharghar,Kharghar,Raigad,Maharashtra,Panvel,19.044,73.0665,Family,Wellness/Spa,"A wellness and spa centre near Central Park Kharghar offering relaxation therapies, a popular stop for couples and groups after outdoor activity.",spa;wellness;relaxation;couples,1500,2.0,couples;wellness seekers,1,6.0,,,Afternoon-evening,Year-round,Indoor,True,1.0,"Daily, appointment recommended",Fully wheelchair accessible,False,False,30 min,25 min,Tripadvisor,https://www.tripadvisor.com/Attraction_Review-g1532344-d3368143-Reviews-or30-Central_Park_Kharghar-Navi_Mumbai_Maharashtra.html,2026-09-23,1500.0,2.0,1.0,30.0,0.4166666666666667,,False,False,True,True,Indoor,True,True,False,,No verified real photo found for this category - left blank
NAVI-071,Mahape Forest Raptor Trail,Ghansoli,Thane,Maharashtra,Panvel,19.125,73.0,Bird Watching,Forest Trail,"A Reliance-afforested trail near Mahape known among local birders for forest, scrubland species and raptor sightings once the sun heats the surrounding areas.",birdwatching;raptors;forest;hidden-gem,0,2.5,birders;photographers,1,8.0,,,Mid-morning,Winter,Outdoor,False,,Daylight hours,Unmarked forest trail,True,True,35 min,51 min,Birding in Bombay blog,http://birdinginbombay.blogspot.com/2010/01/,2026-09-23,0.0,2.5,,35.0,0.85,,True,True,False,False,Outdoor,True,True,False,https://commons.wikimedia.org/wiki/Special:FilePath/Kaas%20Pathar%2C%20Satara%2C%20Maharashtra%2C%20India%20%282018%29%202.jpg,"Wikimedia Commons - Kaas Pathar, Satara (representative Nature/Wildlife photo)"
NAVI-072,Utsav Chowk Momo Stalls,Kharghar,Raigad,Maharashtra,Panvel,19.04,73.062,Food,Street Food,"The momo capital of Navi Mumbai's street food scene, a cluster of stalls at Utsav Chowk serving steamed and fried momos late into the night.",momos;street-food;night-food;local-favourite,100,1.0,foodies;students;night owls,1,10.0,,,Evening-night,Year-round,Outdoor,False,,"Daily, 24 hrs perimeter road",Open-air stalls,True,False,30 min,25 min,Thrillophilia,https://www.thrillophilia.com/things-to-do-in-navi-mumbai,2026-09-23,100.0,1.0,,30.0,0.4166666666666667,,True,False,False,False,Outdoor,True,True,False,https://commons.wikimedia.org/wiki/Special:FilePath/Street%20Food.jpg,"Wikimedia Commons - Street Food, Old Delhi (representative Food photo)"
NAVI-073,Reliance Corporate Park Ghansoli Walk,Ghansoli,Thane,Maharashtra,Panvel,19.12,73.0,Culture,Landmark,"A landmark modern business campus in Ghansoli, recognised by travel guides as a significant area of interest and photography subject for its architecture.",architecture;landmark;photography;modern-campus,0,1.0,photographers;architecture enthusiasts,1,6.0,,,Daytime,Year-round,Outdoor,False,,"Daily, exterior viewing",Paved surroundings,False,False,33 min,49 min,Expedia Navi Mumbai Guide,https://www.expedia.com/Navi-Mumbai.dx602433,2026-09-23,0.0,1.0,,33.0,0.8166666666666667,,False,False,False,False,Outdoor,True,True,False,,No verified real photo found for this category - left blank
NAVI-074,Koparkhairane Local Market,Koparkhairane,Thane,Maharashtra,Panvel,19.1058,73.0107,Markets,Neighbourhood Market,"A neighbourhood shopping market in Koparkhairane serving daily essentials, clothing and local eateries for area residents.",market;local;daily-essentials,0,1.0,locals;budget shoppers,1,8.0,,,Morning-evening,Year-round,Outdoor,False,,Daily,Open-air market,True,True,29 min,45 min,SCAI Nexus Seawoods Catchment Report,https://www.scai.in/portfolio/nexus-seawoods-navi-mumbai/,2026-09-23,0.0,1.0,,29.0,0.75,,True,True,False,False,Outdoor,True,True,False,,No verified real photo found for this category - left blank
NAVI-075,Nerul Golf Course Driving Range,Nerul,Raigad,Maharashtra,Panvel,19.025,73.03,Adventure,Golf,A driving range attached to the Nerul-area golf course offering beginner-friendly practice sessions against a Sahyadri hills backdrop.,golf;driving-range;beginners;practice,600,1.5,golf beginners;practice sessions,1,4.0,,,Morning-afternoon,Year-round,Outdoor,True,1.0,Daily,Standard course access,False,False,24 min,40 min,NoBroker,https://www.nobroker.in/locality-iq/nerul-navi-mumbai-mumbai-liqlt,2026-09-23,600.0,1.5,1.0,24.0,0.6666666666666666,,False,False,True,True,Outdoor,True,True,False,,No verified real photo found for this category - left blank
NAVI-076,Kharghar Forest Nature Walk,Kharghar,Raigad,Maharashtra,Panvel,19.05,73.065,Nature,Forest Trail,"A forested stretch of the Kharghar hills beyond the main Pandavkada trail, offering quieter nature walks through natural sights described in city travel guides.",forest;nature-walk;quiet;hidden-gem,0,2.0,nature lovers;hikers,1,8.0,,,Morning,Monsoon-Winter,Outdoor,False,,Daylight hours,"Forest trail, moderate fitness needed",True,True,36 min,31 min,Expedia Navi Mumbai Guide,https://www.expedia.com/cn/Navi-Mumbai.dx602433,2026-09-23,0.0,2.0,,36.0,0.5166666666666667,,True,True,False,False,Outdoor,True,True,False,https://commons.wikimedia.org/wiki/Special:FilePath/Western-Ghats-Matheran.jpg,"Wikimedia Commons - Western Ghats, Matheran (representative Nature/scenic photo)"
NAVI-077,Vashi CIDCO Exhibition Centre,Vashi,Thane,Maharashtra,Panvel,19.07,73.005,Culture,Exhibition Centre,"A trade and exhibition venue in Vashi hosting periodic industry exhibitions and events, offering visitors a look at new products and industries.",exhibition;trade-show;events;culture,0,2.0,exhibition visitors;professionals,1,20.0,,,Event days,"Year-round, event-dependent",Indoor,True,7.0,Check event calendar,Fully wheelchair accessible,False,False,20 min,42 min,Ixigo,https://www.ixigo.com/plan/vashi,2026-09-23,0.0,2.0,7.0,20.0,0.7,,False,False,True,True,Indoor,True,True,False,,No verified real photo found for this category - left blank
NAVI-078,Reliance Foundation Hospital Area Sensory Walk,Sanpada,Thane,Maharashtra,Panvel,19.065,73.01,Nature,Local Park,"A quiet local green stretch near Sanpada's residential sectors, appreciated by residents for short morning walks close to home.",local-park;morning-walk;quiet-spot,0,1.0,local walkers;residents,1,6.0,,,Morning,Year-round,Outdoor,False,,Daily mornings,Paved paths,True,True,22 min,38 min,Justdial Sanpada Parks Listing,https://www.justdial.com/Navi-Mumbai/Parks-in-Sanpada-Sector-7/nct-10355258,2026-09-23,0.0,1.0,,22.0,0.6333333333333333,,True,True,False,False,Outdoor,True,True,False,https://commons.wikimedia.org/wiki/Special:FilePath/Western-Ghats-Matheran.jpg,"Wikimedia Commons - Western Ghats, Matheran (representative Nature/scenic photo)"
PANVEL-001,Karnala Fort Trek,Karnala (Panvel),Raigad,Maharashtra,Panvel,18.88167,73.11806,Adventure,Trekking,Beginner-friendly climb through Karnala Bird Sanctuary to a two-tier hill fort with a ruined 125-ft basalt watchtower and panoramic Sahyadri views,trekking|fort|sahyadri|beginner-friendly|day-trip,30.0,4.5,Family,1,,,,7:00 AM - 10:00 AM,Winter (Nov-Feb),Outdoor,No,,Available,"Moderate; well-marked path, uneven stone steps near summit",No,No,~65 km / ~1.5-2 hrs from Mumbai,~10 km / 20-30 min by ST bus or taxi,Holidify,https://www.holidify.com/places/panvel/karnala-fort-sightseeing-5579.html,2026-09-23,30.0,4.5,,22.83333333333333,0.3333333333333333,,False,False,No,False,Outdoor,True,True,True,,No verified real photo found for this category - left blank
PANVEL-002,Karnala Bird Sanctuary Birdwatching,Karnala (Panvel),Raigad,Maharashtra,Panvel,18.88167,73.11806,Wildlife,Birdwatching,"Protected forest sanctuary around Karnala Fort hosting over 150 resident and migratory bird species including racket-tailed drongo, magpie robin and Malabar whistling thrush",birdwatching|wildlife|nature|migratory-birds,30.0,2.5,Family,1,,,,7:00 AM - 9:00 AM,Winter (Nov-Feb),Outdoor,No,,Available,"Easy, motorable forest road to base",No,No,~65 km / ~1.5-2 hrs from Mumbai,~10-12 km / 20-30 min,7thTraveler,https://7thtraveler.com/karnala-bird-sanctuary-panvel-timings-entry-fees-information/,2026-09-23,30.0,2.5,,22.83333333333333,0.3,,False,False,No,False,Outdoor,True,True,True,https://commons.wikimedia.org/wiki/Special:FilePath/Kaas%20Pathar%2C%20Satara%2C%20Maharashtra%2C%20India%20%282018%29%202.jpg,"Wikimedia Commons - Kaas Pathar, Satara (representative Nature/Wildlife photo)"
PANVEL-003,Bhavani Temple at Karnala Fort Base,Karnala (Panvel),Raigad,Maharashtra,Panvel,,,Spiritual,Temple,"Small ancient Bhavani Temple located at the base of Karnala Fort, a stop-off point for trekkers before the ascent",temple|spiritual|fort-base,0.0,0.5,Family,1,,,,Morning,Year-round,Outdoor,No,,Available,Easy,Yes,Yes,~65 km from Mumbai,~10 km / 20-30 min,Holidify,https://www.holidify.com/places/panvel/karnala-fort-sightseeing-5579.html,2026-09-23,0.0,0.5,,65.0,0.3333333333333333,,True,True,No,False,Outdoor,True,True,True,https://commons.wikimedia.org/wiki/Special:FilePath/Khandoba%20temple%20Pune.jpg,"Wikimedia Commons - Khandoba Temple, Pune (representative Temple/Religious photo)"
PANVEL-004,Karnala Guided Trek and Camping,Karnala (Panvel),Raigad,Maharashtra,Panvel,18.88167,73.11806,Adventure,Camping,"Organised group trek to Karnala Fort with camping/overnight options run by local adventure groups, includes transfer from Panvel station",camping|guided-trek|group-event,700.0,8.0,Friends,5,30.0,,,Morning start (9 AM),Monsoon and Winter,Outdoor,Yes,3.0,Seasonal,Moderate,No,No,~65 km from Mumbai,~10 km / 20-30 min,Mumbai Pune Adventures,https://www.mumbaipuneadventures.com/destination/karnala-fort-trekking-near-mumbai-pune/,2026-09-23,700.0,8.0,3.0,65.0,0.3333333333333333,,False,False,Yes,True,Outdoor,True,True,False,,No verified real photo found for this category - left blank
PANVEL-005,Kalavantin Durg Pinnacle Climb,Thakurwadi (Panvel),Raigad,Maharashtra,Panvel,18.98283,73.21544,Adventure,Trekking,"Challenging climb up a 500m rock pinnacle on the edge of the Prabalgad plateau via steep hand-cut rock stairs with no railings, rewarding climbers with 360-degree Sahyadri views",trekking|pinnacle|adventure|difficult|photography,,6.0,Friends,2,,,,5:00 AM - 8:00 AM start,Post-monsoon and Winter (Oct-Feb),Outdoor,No,,Available,"Difficult; exposed rock-cut steps, not for beginners or those afraid of heights",No,No,~60 km from Mumbai,~20 km / 45-60 min to Thakurwadi base village,IndiaHikes,https://indiahikes.com/documented-trek/kalavantin-durg-trek,2026-09-23,,6.0,,60.0,0.6944444444444444,,False,False,No,False,Outdoor,True,True,True,,No verified real photo found for this category - left blank
PANVEL-006,Prabalgad Fort Trek,Thakurwadi (Panvel),Raigad,Maharashtra,Panvel,18.9734,73.2243,Adventure,Trekking,"Trek to a plateau-top hill fort adjoining Kalavantin Durg, offering wide grassy plateau views of Panvel and surrounding ranges, less exposed than Kalavantin",trekking|fort|plateau|sahyadri,,5.0,Family,1,,,,Early morning,Monsoon and Post-monsoon,Outdoor,No,,Available,Moderate,No,No,~60 km from Mumbai,~20 km / 45-60 min,Wikipedia,https://en.wikipedia.org/wiki/Prabalgad,2026-09-23,,5.0,,60.0,0.6944444444444444,,False,False,No,False,Outdoor,True,True,True,,No verified real photo found for this category - left blank
PANVEL-007,Camping at Prabalmachi Plateau,Prabalmachi (Panvel),Raigad,Maharashtra,Panvel,18.9828,73.2154,Adventure,Camping,"Overnight camping on the grassy Prabalmachi plateau between Kalavantin Durg and Prabalgad, with villager-run food and tent stalls; known for fireflies in pre-monsoon season",camping|plateau|fireflies|stargazing,,15.0,Friends,2,,,,Evening to next morning,Pre-monsoon (fireflies) and Winter,Outdoor,Sometimes,,Seasonal,Moderate; 1.5 hr climb to reach,Yes,Yes,~60 km from Mumbai,~20 km / 45-60 min to Thakurwadi then 1.5 hr climb,Treks and Trails India,https://www.treksandtrails.org/blog/trek-to-kalavantin-durg,2026-09-23,,15.0,,60.0,31.625,,True,True,Sometimes,True,Outdoor,True,True,True,,No verified real photo found for this category - left blank
PANVEL-008,Thakurwadi Village Experience,Thakurwadi (Panvel),Raigad,Maharashtra,Panvel,,,Local_Experience,Village Experience,"Base village for the Kalavantin Durg and Prabalgad treks where local families offer home-cooked meals, tea stalls and basic homestay-style accommodation to trekkers",village|local-food|homestay|trek-base,,1.0,Friends,1,,,,Anytime,Year-round,Outdoor,No,,Available,Easy,Yes,Yes,~60 km from Mumbai,~20 km / 45-60 min,Western Ghats Treks Blog,https://westernghatstreks.blogspot.com/2016/10/kalavantin-durg-prabalgad-panvel.html,2026-09-23,,1.0,,60.0,0.6944444444444444,,True,True,No,False,Outdoor,True,True,True,,No verified real photo found for this category - left blank
PANVEL-009,Irshalgad Fort Trek,Chowk (Panvel),Raigad,Maharashtra,Panvel,18.933568,73.232031,Adventure,Trekking,"Moderate-to-difficult trek near Chowk to a boat-shaped fortress hill between Matheran and Panvel, famous for its Nedhe rock hole overlooking Morbe Dam",trekking|fort|nedhe|morbe-dam-view,,7.0,Friends,2,,,,Early morning,Monsoon and Post-monsoon,Outdoor,No,,Available,Difficult near the technical peak; moderate up to the base of the pinnacle,No,No,~55-60 km from Mumbai,"~25 km / via Chowk, ~45-60 min",IndiaHikes,https://indiahikes.com/documented-trek/irshalgad-trek,2026-09-23,,7.0,,57.5,0.7222222222222222,,False,False,No,False,Outdoor,True,True,True,,No verified real photo found for this category - left blank
PANVEL-010,Panvel Famous Vadapav Tasting,Old Panvel,Raigad,Maharashtra,Panvel,,,Food,Street Food,"Iconic decades-old street-food stall on MG Road, Old Panvel serving crispy vada pav, samosas and bhajis with a distinctive spicy chutney, a stop for anyone travelling towards Alibag or Khopoli",street-food|vada-pav|local-favorite,100.0,0.5,Friends,1,,4.3,2404.0,Morning to evening (9 AM-8 PM),Year-round,Outdoor,No,,Available,Easy,Yes,No,~35 km from Mumbai,"Within Panvel city, ~0.7 km from Panvel railway station",Restaurant Guru,https://restaurant-guru.in/Panvel-Famous-Vadapav-Navi-Mumbai,2026-09-23,100.0,0.5,,35.0,0.7,,True,False,No,False,Outdoor,False,False,True,https://commons.wikimedia.org/wiki/Special:FilePath/Street%20Food.jpg,"Wikimedia Commons - Street Food, Old Delhi (representative Food photo)"
PANVEL-011,Shri Datta Snacks Misal & Local Breakfast,Panvel,Raigad,Maharashtra,Panvel,,,Food,Maharashtrian Snacks,"Long-running snack joint at the junction of NH4/NH17/NH4B in Panvel known for misal pav, batata vada, sabudana khichdi, pohe and kharvas",misal-pav|maharashtrian-food|breakfast,,0.5,Family,1,,,699.0,Morning,Year-round,Indoor,No,,Available,Easy,Yes,No,~35 km from Mumbai,Within Panvel city,Foursquare,https://foursquare.com/v/shri-datta-snacks-panvel/4d8acd9499c2a1cd57ca98d7,2026-09-23,,0.5,,35.0,,,True,False,No,False,Indoor,True,False,True,https://commons.wikimedia.org/wiki/Special:FilePath/Street%20Food.jpg,"Wikimedia Commons - Street Food, Old Delhi (representative Food photo)"
PANVEL-012,Old Panvel Heritage Wada Walk,Old Panvel,Raigad,Maharashtra,Panvel,,,Heritage,Heritage Walk,"Self-guided heritage walk through Sadashiv Peth, Tilak Road, Kapad Gali and Bazaar Peth exploring old wadas (courtyard houses) such as the historic Bapat Wada, built by some of Panvel's first settlers in 1720",heritage|wada|old-town|architecture,0.0,2.0,Solo,1,,,,Morning,Winter,Outdoor,No,,Available,"Easy, flat town streets",Yes,Yes,~35 km from Mumbai,Within Old Panvel town,Heritage Chronicles Blog,https://heritagechronicles.blogspot.com/2019/10/my-heritage-walk-exploring-legacy-of.html,2026-09-23,0.0,2.0,,35.0,,,True,True,No,False,Outdoor,True,True,True,https://commons.wikimedia.org/wiki/Special:FilePath/Red%20Fort%20Delhi.jpg,"Wikimedia Commons - Red Fort, Delhi (representative Heritage/Fort/Architecture/Museum photo)"
PANVEL-013,Shivganga Waterpark and Resort,Somatane (Panvel),Raigad,Maharashtra,Panvel,,,Entertainment,Water Park,"Family water park and resort near a Shiv temple in Somatane featuring wave pool, tube slides, rain dance, indoor arcade games and a garden with grass sculptures",waterpark|family-outing|resort|rides,1180.0,6.0,Family,1,,,,9:00 AM - 5:00 PM,Year-round (best Oct-Mar),Both,Sometimes,,Available,Easy,No,No,~45 km from Mumbai,~8 km from Panvel station,Mumbai Tourism,https://mumbaitourism.travel/shivganga-water-park-mumbai,2026-09-23,1180.0,6.0,,45.0,8.0,,False,False,Sometimes,True,Mixed,True,True,True,,No verified real photo found for this category - left blank
PANVEL-014,Riverstone Agro Farm Stay and Tour,Dodhani (Panvel),Raigad,Maharashtra,Panvel,,,Local_Experience,Agritourism,"Agro-tourism farm in Dodhani village bordered by Dehrang Dam offering guided farm tours, fruit orchards, home-cooked meals and views of the Matheran hills",agritourism|farm-stay|nature|dam-view,,6.0,Family,2,,,,Winter mornings,Winter (Oct-Feb),Both,Yes,2.0,Available,Easy,Yes,Yes,~60-70 km from Mumbai,"~15-18 km, Old Matheran Road via Maldunge",Tripadvisor,https://www.tripadvisor.in/Hotel_Review-g1162193-d25229078-Reviews-The_Riverstone_Agro_Farm-Panvel_Raigad_District_Maharashtra.html,2026-09-23,,6.0,2.0,65.0,16.5,,True,True,Yes,True,Mixed,True,True,True,,No verified real photo found for this category - left blank
PANVEL-015,Madhuban Agro Tourism Farm Experience,Panvel,Raigad,Maharashtra,Panvel,,,Local_Experience,Agritourism,"Working dairy and organic farm near Panvel offering farm-fresh milk, seasonal fruit, deshi chicken/goat meals and views of the Gadhi river and Dehrang Dam en route",agritourism|dairy-farm|organic-food|rural-life,,5.0,Family,4,30.0,,,Daytime,Winter and Monsoon,Both,Yes,3.0,Available,Easy,Yes,Yes,~60 km from Mumbai,~15-20 km,IndiaMART,https://www.indiamart.com/madhuban-dairy-agro/aboutus.html,2026-09-23,,5.0,3.0,60.0,17.5,,True,True,Yes,True,Mixed,True,True,False,,No verified real photo found for this category - left blank
PANVEL-016,Morbe Dam Picnic and Photography,Khalapur (Panvel),Raigad,Maharashtra,Panvel,,,Nature,Dam/Lake,"Large gravity dam on the Dhavari river supplying water to Navi Mumbai, surrounded by hills; a quiet spot for picnics, photography and short lakeside walks, especially scenic post-monsoon",dam|lake|picnic|photography|quiet-getaway,0.0,3.0,Couple,1,,,12.0,Morning to afternoon,Post-Monsoon (Oct-Nov),Outdoor,No,,Limited,Moderate; narrow approach road,No,Yes,~1 hr from Vashi,~30 min,Tripadvisor,https://www.tripadvisor.in/Attraction_Review-g2531523-d5788326-Reviews-Morbe_Dam-Raigad_Raigad_District_Maharashtra.html,2026-09-23,0.0,3.0,,1.0,0.5,,False,True,No,False,Outdoor,True,False,True,https://commons.wikimedia.org/wiki/Special:FilePath/Western-Ghats-Matheran.jpg,"Wikimedia Commons - Western Ghats, Matheran (representative Nature/scenic photo)"
PANVEL-017,"Adlabs Imagicaa Theme, Water and Snow Park",Khopoli,Raigad,Maharashtra,Panvel,,,Entertainment,Amusement Park,"India's largest all-weather entertainment destination near Khopoli combining a theme park, water park and India's largest snow park, easily reached from Panvel via NH48",theme-park|water-park|snow-park|family-fun,1299.0,8.0,Family,1,,,,10:00 AM onward,Year-round (Oct-Mar ideal),Both,Yes,1.0,Available,"Easy, fully developed park infrastructure",No,No,~80 km from Mumbai,~36 km / ~1 hr drive,Holidify,https://www.holidify.com/places/lonavala/imagicaa-adlabs-sightseeing-6256.html,2026-09-23,1299.0,8.0,1.0,80.0,18.5,,False,False,Yes,True,Mixed,True,True,True,,No verified real photo found for this category - left blank
PANVEL-018,Pandavkada Falls Viewing and Short Hike,Kharghar,Raigad,Maharashtra,Panvel,,,Nature,Waterfall,"107-metre plunge waterfall on the fringe of the Kharghar hills, spectacular in monsoon; access is periodically restricted by authorities due to past drowning accidents, so viewing from safe distance is advised",waterfall|monsoon|nature|caution-advised,,2.0,Friends,1,,,,9:00 AM - 1:00 PM weekdays,Monsoon (Jun-Sep) and Late Winter (Jan-Mar),Outdoor,No,,Seasonal,"Difficult; slippery rocks, no safety railings, entry sometimes banned",No,No,~35 km from Mumbai,~12-15 km / 25-30 min,ilovenavimumbai.com,https://navimumbaihub.com/pandavkada-waterfall-kharghar/,2026-09-23,,2.0,,35.0,0.3416666666666667,,False,False,No,False,Outdoor,True,True,True,https://commons.wikimedia.org/wiki/Special:FilePath/Western-Ghats-Matheran.jpg,"Wikimedia Commons - Western Ghats, Matheran (representative Nature/scenic photo)"
PANVEL-019,Central Park Kharghar Morning Walk and Picnic,Kharghar,Raigad,Maharashtra,Panvel,,,Family,Urban Park,"One of the largest urban parks in the region (~119 hectares) with a jogging track, artificial lake with ducks, musical and dance sculptures, and open lawns popular for picnics",park|picnic|jogging|lake|family-outing,0.0,2.0,Family,1,,,,6:00-9:00 AM or 5:00-8:00 PM,Year-round,Outdoor,No,,Available,"Easy, paved paths",No,No,~30 km from Mumbai,~10-12 km / 20-25 min,ilovenavimumbai.com,https://ilovenavimumbai.com/central-park-kharghar/,2026-09-23,0.0,2.0,,30.0,0.2791666666666667,,False,False,No,False,Outdoor,True,True,True,,No verified real photo found for this category - left blank
PANVEL-020,Kharghar Valley Golf Course Round,Kharghar,Raigad,Maharashtra,Panvel,,,Sports,Golf,"CIDCO-developed 18-hole public-access golf course opposite Central Park with a driving range, clubhouse, swimming pool and health club, set against the Kharghar hills",golf|sports|clubhouse|scenic,2500.0,4.0,Business,1,4.0,,,Early morning,Winter (Oct-Mar),Outdoor,Yes,1.0,Available,"Easy, wheelchair accessible",No,No,~30 km from Mumbai,~10-12 km / 20-25 min,ilovenavimumbai.com,https://ilovenavimumbai.com/kharghar-valley-golf-course/,2026-09-23,2500.0,4.0,1.0,30.0,0.2791666666666667,,False,False,Yes,True,Outdoor,True,True,False,,No verified real photo found for this category - left blank
PANVEL-021,Kharghar Hills Sunrise Trek,Kharghar,Raigad,Maharashtra,Panvel,,,Adventure,Hiking,Urban ridge trek behind the Kharghar golf course leading to a plateau at ~200m with views of the Sahyadris to the east and Arabian Sea to the west; motorised vehicles are banned on the trail,hiking|sunrise|urban-trek|viewpoint,0.0,2.0,Friends,1,,,117.0,6:00 AM - 8:00 AM,Winter and Monsoon,Outdoor,No,,Available,Moderate; forested shrub trail,No,No,~30 km from Mumbai,~10-12 km / 20-25 min,Tripadvisor,https://www.tripadvisor.in/Attraction_Review-g1532344-d4088704-Reviews-Kharghar_Hills-Navi_Mumbai_Maharashtra.html,2026-09-23,0.0,2.0,,30.0,0.2791666666666667,,False,False,No,False,Outdoor,True,False,True,,No verified real photo found for this category - left blank
PANVEL-022,Kharghar Hills Sunset Point Photography,Kharghar,Raigad,Maharashtra,Panvel,,,Photography,Viewpoint,"Elevated viewpoint along the Kharghar hills ridge, accessed via the road past the golf course, offering panoramic sunset views over the city skyline and Owe Dam",photography|sunset|viewpoint|skyline,0.0,1.5,Couple,1,,,,5:30 PM - 7:00 PM,Winter,Outdoor,No,,Available,Moderate,No,Yes,~30 km from Mumbai,~10-12 km / 20-25 min,Shreeji Ventures Blog,https://www.shreejiventures.in/blog/top-10-viewpoints-in-kharghar-2026,2026-09-23,0.0,1.5,,30.0,0.2791666666666667,,False,True,No,False,Outdoor,True,True,True,https://commons.wikimedia.org/wiki/Special:FilePath/Western-Ghats-Matheran.jpg,"Wikimedia Commons - Western Ghats, Matheran (representative Nature/scenic photo)"
PANVEL-023,ISKCON Kharghar Temple Darshan,Kharghar,Raigad,Maharashtra,Panvel,,,Spiritual,Temple,"Sri Sri Radha Madan Mohanji ISKCON temple complex spread over 8 acres at the foothills of the Sahyadris opposite the golf course, with a Vedic cultural and education centre and daily aarti",temple|iskcon|spiritual|krishna,0.0,1.5,Family,1,,,,"4:30 AM-1:00 PM, 4:00-9:00 PM",Year-round (Janmashtami in Aug is peak),Both,No,,Available,Easy,No,No,~30 km from Mumbai,~10-12 km / 20-25 min,ISKCON Navi Mumbai,https://iskcon-navimumbai.org/iskcon_timings,2026-09-23,0.0,1.5,,30.0,0.2791666666666667,,False,False,No,False,Mixed,True,True,True,https://commons.wikimedia.org/wiki/Special:FilePath/Khandoba%20temple%20Pune.jpg,"Wikimedia Commons - Khandoba Temple, Pune (representative Temple/Religious photo)"
PANVEL-024,Owe Dam Kharghar Viewpoint,Kharghar,Raigad,Maharashtra,Panvel,,,Nature,Lake/Reservoir,"Small reservoir amid the Kharghar hills offering a serene, less-crowded alternative viewpoint compared to the main hill trail, popular for evening walks",reservoir|nature|quiet-spot,0.0,1.0,Couple,1,,,,Evening,Winter,Outdoor,No,,Available,Moderate,No,Yes,~30 km from Mumbai,~12 km / 25 min,GetSetXplore,https://getsetxplore.com/place/kharghar-hill-6ed8a4,2026-09-23,0.0,1.0,,30.0,0.3083333333333333,,False,True,No,False,Outdoor,True,True,True,https://commons.wikimedia.org/wiki/Special:FilePath/Western-Ghats-Matheran.jpg,"Wikimedia Commons - Western Ghats, Matheran (representative Nature/scenic photo)"
PANVEL-025,Panje Wetland Flamingo and Bird Watching,Uran,Raigad,Maharashtra,Panvel,,,Wildlife,Wetland Birdwatching,"The last surviving major wetland in Uran (~213 hectares), hosting over 1.4 lakh migratory birds including flamingos each winter; a key birding site in the Mumbai Metropolitan Region",flamingos|wetland|birdwatching|migratory-birds,0.0,2.0,Solo,1,,,,"Early morning, Nov-Feb",Winter (Nov-Feb),Outdoor,No,,Seasonal,Easy but unpaved wetland edges,No,Yes,~48 km from Mumbai,~30 km / ~50 min-1 hr,Sanctuary Nature Foundation,https://sanctuarynaturefoundation.org/article/the-panje-wetlands,2026-09-23,0.0,2.0,,48.0,27.0,,False,True,No,False,Outdoor,True,True,True,https://commons.wikimedia.org/wiki/Special:FilePath/Kaas%20Pathar%2C%20Satara%2C%20Maharashtra%2C%20India%20%282018%29%202.jpg,"Wikimedia Commons - Kaas Pathar, Satara (representative Nature/Wildlife photo)"
PANVEL-026,Dronagiri Fort Trek,Uran,Raigad,Maharashtra,Panvel,18.86694,72.935917,Heritage,Hill Fort,"Easy, safe hilltop fort trek near Uran with a Portuguese-era chapel (Nossa Senhora da Penha), old water cisterns and a Ganpati carving; views of the ONGC plant below (photography of the plant is prohibited)",fort|heritage|easy-trek|portuguese-era,0.0,2.5,Family,1,,,,Morning,Year-round,Outdoor,No,,Available,Easy; gradual forested path from Uran bus stand,No,Yes,~55 km from Mumbai,~25 km / ~45 min,Wikipedia,https://en.wikipedia.org/wiki/Dronagiri_Fort,2026-09-23,0.0,2.5,,55.0,0.5833333333333334,,False,True,No,False,Outdoor,True,True,True,https://commons.wikimedia.org/wiki/Special:FilePath/Red%20Fort%20Delhi.jpg,"Wikimedia Commons - Red Fort, Delhi (representative Heritage/Fort/Architecture/Museum photo)"
PANVEL-027,Karanja Beach Visit,Karanja (Uran),Raigad,Maharashtra,Panvel,,,Beach,Coastal Village,"Fishing-village beach on the Karanja peninsula near Uran; a working shore where local fishing communities land their daily catch, offering an authentic (not resort-style) coastal experience",beach|fishing-village|coastal|local-life,0.0,2.0,Family,1,,,,Morning or evening,Winter,Outdoor,No,,Available,Easy,Yes,Yes,~55 km from Mumbai,~28 km / ~50 min,Wikipedia (Uran),https://en.wikipedia.org/wiki/Uran,2026-09-23,0.0,2.0,,55.0,0.65,,True,True,No,False,Outdoor,True,True,True,https://commons.wikimedia.org/wiki/Special:FilePath/Deogad%20Beach%20in%20Sindhudurg%20district%20%2CKonkan%20region%20Maharashtra%2C%20India.JPG,"Wikimedia Commons - Deogad Beach, Sindhudurg, Konkan (representative Beach/Coastal photo)"
PANVEL-028,Kegav Beach Uran,Uran,Raigad,Maharashtra,Panvel,,,Beach,Local Beach,"Quiet, rural local beach in Uran that remains largely isolated from mainstream tourist crowds, one of four beaches around the Uran coastline",beach|secluded|local-beach,0.0,1.5,Couple,1,,,,Evening,Winter,Outdoor,No,,Available,Easy,Yes,Yes,~55 km from Mumbai,~30 km / ~55 min,Wikipedia (Uran),https://en.wikipedia.org/wiki/Uran,2026-09-23,0.0,1.5,,55.0,0.7083333333333334,,True,True,No,False,Outdoor,True,True,True,https://commons.wikimedia.org/wiki/Special:FilePath/Deogad%20Beach%20in%20Sindhudurg%20district%20%2CKonkan%20region%20Maharashtra%2C%20India.JPG,"Wikimedia Commons - Deogad Beach, Sindhudurg, Konkan (representative Beach/Coastal photo)"
PANVEL-029,Mora Jetty Ferry to Elephanta Caves,Uran,Raigad,Maharashtra,Panvel,,,Heritage,Ferry Heritage Tour,"Lesser-known ferry route to the UNESCO World Heritage Elephanta Caves departing from Mora jetty near Uran, an alternative to the busier Gateway of India ferries",ferry|unesco|caves|heritage|boat-ride,,4.0,Family,1,,,,Morning departure (first ferry ~7:15 AM),Winter (ferry service typically shut in monsoon),Outdoor,Yes,,Seasonal,Moderate; involves a boat ride and climbing steps at the caves,No,Yes,~50 km from Mumbai to Mora,~25 km / ~45 min to Mora jetty,Moovit,https://moovitapp.com/index/en/public_transit-Elephanta_Caves-Mumbai-site_58859336-3732,2026-09-23,,4.0,,50.0,0.5833333333333334,,False,True,Yes,True,Outdoor,True,True,True,https://commons.wikimedia.org/wiki/Special:FilePath/Red%20Fort%20Delhi.jpg,"Wikimedia Commons - Red Fort, Delhi (representative Heritage/Fort/Architecture/Museum photo)"
PANVEL-030,Karanja-Rewas Ferry Crossing,Karanja (Uran),Raigad,Maharashtra,Panvel,,,Local_Experience,Ferry Ride,"Short passenger ferry crossing between Karanja and Rewas jetties across the Dharamtar creek, a scenic and functional local commuting experience for coastal Raigad villages",ferry|creek-crossing|local-transport|scenic,,1.0,Solo,1,,,,Daytime,Year-round (except heavy monsoon),Outdoor,No,,Available,Easy,Yes,Yes,~55 km from Mumbai,~28 km / ~50 min,MSRDC Ferry / Moovit,https://moovitapp.com/index/en/public_transit-line-FERRY-Mumbai-3732-888265-131457351-0,2026-09-23,,1.0,,55.0,0.65,,True,True,No,False,Outdoor,True,True,True,,No verified real photo found for this category - left blank
PANVEL-031,Kalamboli Steel Market Visit,Kalamboli,Raigad,Maharashtra,Panvel,,,Shopping,Wholesale Market,"One of India's largest iron and steel wholesale markets, giving visitors a glimpse into Navi Mumbai's industrial trading economy alongside its planned-township surroundings",market|steel|industrial|shopping,0.0,1.5,Solo,1,,,,Weekday mornings,Year-round,Both,No,,Available,Easy,Yes,No,~28 km from Mumbai,~6-8 km / 15 min,Kupi Travel Guide,https://www.kupi.com/en/explore/india/kalamboli,2026-09-23,0.0,1.5,,28.0,0.1611111111111111,,True,False,No,False,Mixed,True,True,True,,No verified real photo found for this category - left blank
PANVEL-032,Kamothe Mangrove Belt Walk,Kamothe,Raigad,Maharashtra,Panvel,,,Nature,Mangrove Walk,"Western fringe of Kamothe features a wetland area with mangroves bordering the site of the Navi Mumbai International Airport, offering a quiet nature walk close to residential sectors",mangroves|wetland|walking|nature,0.0,1.0,Solo,1,,,,Morning,Winter,Outdoor,No,,Available,Moderate; unpaved wetland edges,No,Yes,~32 km from Mumbai,~8-10 km / 15-20 min,Wikipedia (Kamothe),https://en.wikipedia.org/wiki/Kamothe,2026-09-23,0.0,1.0,,32.0,0.2208333333333333,,False,True,No,False,Outdoor,True,True,True,https://commons.wikimedia.org/wiki/Special:FilePath/Western-Ghats-Matheran.jpg,"Wikimedia Commons - Western Ghats, Matheran (representative Nature/scenic photo)"
PANVEL-033,Pisarnath Temple Prabalgad,Prabalgad (Panvel),Raigad,Maharashtra,Panvel,,,Spiritual,Temple,"Small hillside temple near Prabalgad village, a quieter alternative stop for visitors exploring the Prabalgad-Kalavantin area beyond the main trekking trail",temple|spiritual|offbeat,0.0,1.0,Solo,1,,,,Morning,Winter,Outdoor,No,,Available,Moderate,Yes,Yes,~60 km from Mumbai,~20 km / 45-60 min,Holidify,https://www.holidify.com/places/panvel/prabalgad-fort-sightseeing-5581.html,2026-09-23,0.0,1.0,,60.0,0.6944444444444444,,True,True,No,False,Outdoor,True,True,True,https://commons.wikimedia.org/wiki/Special:FilePath/Khandoba%20temple%20Pune.jpg,"Wikimedia Commons - Khandoba Temple, Pune (representative Temple/Religious photo)"
PANVEL-034,Bot Lake Karnala Nature Walk,Karnala (Panvel),Raigad,Maharashtra,Panvel,,,Nature,Lake,Small lake near Karnala Fort that visitors combine with a fort trek and bird sanctuary visit for a relaxed nature stop,lake|nature|quiet-spot,0.0,1.0,Family,1,,,,Morning,Winter,Outdoor,No,,Available,Easy,No,Yes,~65 km from Mumbai,~10-12 km / 20-30 min,Holidify,https://www.holidify.com/places/panvel/karnala-fort-sightseeing-5579.html,2026-09-23,0.0,1.0,,65.0,0.3,,False,True,No,False,Outdoor,True,True,True,https://commons.wikimedia.org/wiki/Special:FilePath/Western-Ghats-Matheran.jpg,"Wikimedia Commons - Western Ghats, Matheran (representative Nature/scenic photo)"
PANVEL-035,Karnala Village Temples Circuit,Karnala (Panvel),Raigad,Maharashtra,Panvel,,,Spiritual,Temple Circuit,"A cluster of small local temples near Karnala — Ram Mandir, Gaodevi Mandir, Ganesh Mandir and Datta Mandir — visited by pilgrims and trekkers extending their day at Karnala Fort",temple|pilgrimage|local-devotion,0.0,1.5,Family,1,,,,Morning,Year-round,Outdoor,No,,Available,Easy,Yes,Yes,~65 km from Mumbai,~10-12 km / 20-30 min,Holidify,https://www.holidify.com/places/panvel/karnala-fort-sightseeing-5579.html,2026-09-23,0.0,1.5,,65.0,0.3,,True,True,No,False,Outdoor,True,True,True,https://commons.wikimedia.org/wiki/Special:FilePath/Khandoba%20temple%20Pune.jpg,"Wikimedia Commons - Khandoba Temple, Pune (representative Temple/Religious photo)"
PANVEL-036,Little World Mall and INOX Kharghar,Kharghar,Raigad,Maharashtra,Panvel,,,Shopping,Mall,"Shopping mall roughly 2.5 km from Central Park with a food court, retail stores and an INOX multiplex, a convenient indoor stop for families visiting Kharghar",mall|shopping|cinema|indoor,,3.0,Family,1,,,,Afternoon/Evening,Year-round,Indoor,No,,Available,Easy,No,No,~30 km from Mumbai,~10-12 km / 20-25 min,ilovenavimumbai.com,https://ilovenavimumbai.com/central-park-kharghar/,2026-09-23,,3.0,,30.0,0.2791666666666667,,False,False,No,False,Indoor,True,True,True,,No verified real photo found for this category - left blank
PANVEL-037,Central Park Kharghar Boating,Kharghar,Raigad,Maharashtra,Panvel,,,Family,Boating,"Small boating activity on the artificial lake inside Central Park Kharghar, a nominal-fee add-on to a park visit, popular with families and children",boating|lake|family-activity,,0.5,Kids,1,,,,Evening,Year-round,Outdoor,Sometimes,,Available,Easy,No,No,~30 km from Mumbai,~10-12 km / 20-25 min,ilovenavimumbai.com,https://ilovenavimumbai.com/central-park-kharghar/,2026-09-23,,0.5,,30.0,0.2791666666666667,,False,False,Sometimes,True,Outdoor,True,True,True,,No verified real photo found for this category - left blank
PANVEL-038,Kharghar Central Park Cycling and Jogging Track,Kharghar,Raigad,Maharashtra,Panvel,,,Sports,Cycling/Jogging,"Long paved jogging and cycling track within Central Park Kharghar, popular with morning and evening walkers, joggers and casual cyclists",cycling|jogging|fitness|outdoor-sport,0.0,1.0,All,1,,,,6:00-9:00 AM,Year-round,Outdoor,No,,Available,"Easy, paved track",No,No,~30 km from Mumbai,~10-12 km / 20-25 min,YoMetro,https://yometro.com/travel-guide/attraction-central-park-navi-mumbai,2026-09-23,0.0,1.0,,30.0,0.2791666666666667,,False,False,No,False,Outdoor,True,True,True,,No verified real photo found for this category - left blank
PANVEL-039,Central Park Kharghar Open-Ground Sports,Kharghar,Raigad,Maharashtra,Panvel,,,Sports,Ground Sports,"Open lawns within Central Park used by locals for informal cricket, volleyball, football and badminton games",cricket|football|volleyball|badminton|community-sport,0.0,1.5,Friends,4,,,,Evening,Year-round,Outdoor,No,,Available,Easy,Yes,No,~30 km from Mumbai,~10-12 km / 20-25 min,navimumbaihouses.com,https://navimumbaihouses.com/blog/location/central-park-kharghar-timing-entry-fee-new-construction-nearby/,2026-09-23,0.0,1.5,,30.0,0.2791666666666667,,True,False,No,False,Outdoor,True,True,True,,No verified real photo found for this category - left blank
PANVEL-040,Ransai Dam Uran,Uran,Raigad,Maharashtra,Panvel,,,Nature,Dam,"Small dam destination near Dighode village in Uran, a lesser-visited nature spot for a quiet outing away from the main coastal attractions",dam|nature|offbeat,0.0,1.5,Couple,1,,,,Morning,Post-monsoon,Outdoor,No,,Available,Moderate,No,Yes,~55 km from Mumbai,~28 km / ~50 min,Wikipedia (Uran),https://en.wikipedia.org/wiki/Uran,2026-09-23,0.0,1.5,,55.0,0.65,,False,True,No,False,Outdoor,True,True,True,https://commons.wikimedia.org/wiki/Special:FilePath/Western-Ghats-Matheran.jpg,"Wikimedia Commons - Western Ghats, Matheran (representative Nature/scenic photo)"
PANVEL-041,Khopate Village Dashami Festival,Uran,Raigad,Maharashtra,Panvel,,,Festival,Local Festival,"Annual Dashami festival celebrated at Khopate village in Uran in honour of Saint Gopalkaka Maharaj, offering visitors a genuine local religious-cultural celebration",festival|local-culture|religious-celebration,0.0,3.0,Family,1,,,,Festival day (varies by lunar calendar),As per festival calendar,Outdoor,No,,Seasonal,Easy,Yes,Yes,~55 km from Mumbai,~28-30 km / ~50 min,Wikipedia (Uran),https://en.wikipedia.org/wiki/Uran,2026-09-23,0.0,3.0,,55.0,0.6,,True,True,No,False,Outdoor,True,True,True,https://commons.wikimedia.org/wiki/Special:FilePath/Khandoba%20temple%20Pune.jpg,"Wikimedia Commons - Khandoba Temple, Pune (representative Temple/Religious photo)"
PANVEL-042,Dronagiri Devi Temple Hilltop Viewpoint,Uran,Raigad,Maharashtra,Panvel,,,Photography,Hilltop Viewpoint,"Dronagiri Devi temple atop Dronagiri hill offering a wide photography viewpoint over Uran, Karanja creek and the JNPT coastline",viewpoint|photography|temple|coastal-view,0.0,2.0,Solo,1,,,,Sunrise/Sunset,Winter,Outdoor,No,,Available,Moderate; hill climb required,No,Yes,~55 km from Mumbai,~25 km / ~45 min,Wikipedia (Uran),https://en.wikipedia.org/wiki/Uran,2026-09-23,0.0,2.0,,55.0,0.5833333333333334,,False,True,No,False,Outdoor,True,True,True,https://commons.wikimedia.org/wiki/Special:FilePath/Western-Ghats-Matheran.jpg,"Wikimedia Commons - Western Ghats, Matheran (representative Nature/scenic photo)"
PANVEL-043,"Pottery Workshop, Forest Colony Panvel",Panvel,Raigad,Maharashtra,Panvel,,,Workshop,Pottery,"Local hands-on pottery class in Forest Colony, Panvel where participants learn basic wheel and hand-building clay techniques",pottery|craft|hands-on|workshop,,2.0,Family,1,15.0,4.3,17.0,Weekend afternoons,Year-round,Indoor,Yes,2.0,Available,Easy,Yes,Yes,~35 km from Mumbai,Within Panvel city,Justdial,https://www.justdial.com/Navi-Mumbai/Pottery-Classes-in-Kharghar-Sector-12/nct-10383430,2026-09-23,,2.0,2.0,35.0,,,True,True,Yes,True,Indoor,False,False,False,,No verified real photo found for this category - left blank
PANVEL-044,Kondana Caves Trek,Kondhane (Karjat),Raigad,Maharashtra,Panvel,,,Heritage,Rock-cut Caves,"1st-century BCE Buddhist rock-cut caves near Karjat featuring a stupa, chaitya and vihara, reached via an easy one-hour trek from base village Kondhane",buddhist-caves|heritage|ancient-history|easy-trek,0.0,3.0,Family,1,,,,Morning,Winter and Post-monsoon,Outdoor,No,,Available,Easy,No,Yes,~60 km from Mumbai,~40-45 km / ~1-1.25 hrs,Treks and Trails India,https://www.treksandtrails.org/collections/karjat-trekking-and-camping,2026-09-23,0.0,3.0,,60.0,21.8125,,False,True,No,False,Outdoor,True,True,True,https://commons.wikimedia.org/wiki/Special:FilePath/Red%20Fort%20Delhi.jpg,"Wikimedia Commons - Red Fort, Delhi (representative Heritage/Fort/Architecture/Museum photo)"
PANVEL-045,"Ulhas River White-Water Rafting, Karjat",Karjat,Raigad,Maharashtra,Panvel,,,Adventure,River Rafting,"Class II-IV white-water rafting on the Ulhas River near Karjat, a seasonal adventure activity through Sahyadri valleys, typically clubbed with camping",rafting|adventure|river|monsoon-sport,,2.0,Friends,4,10.0,,,Daytime,Monsoon (Jul-Sep),Outdoor,Yes,3.0,Seasonal,Moderate; requires basic swimming ability,No,No,~68 km from Mumbai,~40-45 km / ~1-1.25 hrs,TravelTriangle,https://traveltriangle.com/blog/river-rafting-in-karjat/,2026-09-23,,2.0,3.0,68.0,21.8125,,False,False,Yes,True,Outdoor,True,True,False,,No verified real photo found for this category - left blank
PANVEL-046,Peth Fort (Kothaligad) Trek,Karjat,Raigad,Maharashtra,Panvel,,,Adventure,Trekking,"Conical hill fort trek near Karjat with a rock-cut cave and a magnificent view of the Konkan plains, Bhimashankar range and Matheran hills",fort|trekking|viewpoint|history,0.0,5.0,Friends,2,,,,Morning,Monsoon and Winter,Outdoor,No,,Available,Moderate,No,Yes,~68 km from Mumbai,~45 km / ~1.25 hrs,GoTravelTrek,https://gotraveltrek.com/2015/10/31/karjat-maharastra/,2026-09-23,0.0,5.0,,68.0,23.125,,False,True,No,False,Outdoor,True,True,True,,No verified real photo found for this category - left blank
PANVEL-047,"Ulhas Valley Riverside Camping, Karjat",Karjat,Raigad,Maharashtra,Panvel,,,Adventure,Camping,"Riverside camping set-up along the Ulhas Valley near Karjat with bonfires, stargazing and outdoor games, often combined with a rafting day",camping|riverside|bonfire|stargazing,,15.0,Friends,4,20.0,,,Evening to next morning,Monsoon and Winter,Outdoor,Yes,3.0,Seasonal,Easy,No,No,~68 km from Mumbai,~40-45 km / ~1-1.25 hrs,Treks and Trails India,https://www.treksandtrails.org/collections/karjat-trekking-and-camping,2026-09-23,,15.0,3.0,68.0,21.8125,,False,False,Yes,True,Outdoor,True,True,False,,No verified real photo found for this category - left blank
PANVEL-048,Nanivali Village Approach Walk (Irshalgad),Chowk (Panvel),Raigad,Maharashtra,Panvel,,,Local_Experience,Village Walk,"Comfortable 2.3 km walk from Chowk railway station to Nanivali village, the road-head for the Irshalgad trek, passing through a quiet rural Raigad landscape",village-walk|rural|trek-approach,0.0,1.0,Solo,1,,,,Morning,Year-round,Outdoor,No,,Available,Easy,Yes,Yes,~55 km from Mumbai,~25 km / ~45-60 min,Wikipedia (Irshalgad),https://en.wikipedia.org/wiki/Irshalgad,2026-09-23,0.0,1.0,,55.0,0.7222222222222222,,True,True,No,False,Outdoor,True,True,True,,No verified real photo found for this category - left blank
PANVEL-049,"N.D. Studios Film Set Tour, Karjat",Karjat,Raigad,Maharashtra,Panvel,,,Entertainment,Film Studio Tour,"Popular film and TV production studio near Karjat offering visitors a look at outdoor sets used for Bollywood shoots, a fun half-day family stop on a Karjat itinerary",film-studio|entertainment|family-outing,,2.0,Family,1,,,,Afternoon,Year-round,Both,Yes,1.0,Available,Easy,No,No,~68 km from Mumbai,~40-45 km / ~1-1.25 hrs,Agoda Travel Guide,https://www.agoda.com/travel-guides/india/karjat/top-10-karjat-tourist-places-for-an-epic-weekend-adventure/,2026-09-23,,2.0,1.0,68.0,21.8125,,False,False,Yes,True,Mixed,True,True,True,,No verified real photo found for this category - left blank
PANVEL-050,"Bhivpuri Waterfall Picnic, Karjat",Karjat,Raigad,Maharashtra,Panvel,,,Nature,Waterfall,"Seasonal waterfall near Karjat popular for family picnics during and after the monsoon, with easy access from the Karjat-Murbad road",waterfall|picnic|monsoon|family-outing,0.0,2.0,Family,1,,,,Daytime,Monsoon (Jun-Sep),Outdoor,No,,Seasonal,Easy,No,No,~68 km from Mumbai,~45 km / ~1.25 hrs,Agoda Travel Guide,https://www.agoda.com/travel-guides/india/karjat/10-amazing-things-to-do-in-karjat-india/,2026-09-23,0.0,2.0,,68.0,23.125,,False,False,No,False,Outdoor,True,True,True,https://commons.wikimedia.org/wiki/Special:FilePath/Western-Ghats-Matheran.jpg,"Wikimedia Commons - Western Ghats, Matheran (representative Nature/scenic photo)"
PANVEL-051,"Pali Bhutivali Dam Backwaters Picnic, Karjat",Karjat,Raigad,Maharashtra,Panvel,,,Nature,Dam Backwaters,"Scenic backwaters (locally called Blackwaters) at Pali Bhutivali Dam near Karjat, a peaceful sunset picnic and photography spot",dam|backwaters|picnic|sunset,0.0,2.0,Couple,1,,,,Evening,Post-monsoon and Winter,Outdoor,No,,Available,Easy,No,Yes,~68 km from Mumbai,~45-50 km / ~1.25 hrs,GoTravelTrek,https://gotraveltrek.com/2015/10/31/karjat-maharastra/,2026-09-23,0.0,2.0,,68.0,32.083333333333336,,False,True,No,False,Outdoor,True,True,True,https://commons.wikimedia.org/wiki/Special:FilePath/Western-Ghats-Matheran.jpg,"Wikimedia Commons - Western Ghats, Matheran (representative Nature/scenic photo)"
PANVEL-052,"Kaleshwar Temple, Karjat",Karjat,Raigad,Maharashtra,Panvel,,,Spiritual,Temple,"Ancient temple near Karjat considered a holy site by local devotees, often included in Karjat sightseeing itineraries",temple|spiritual|ancient,0.0,1.0,Family,1,,,,Morning,Year-round,Outdoor,No,,Available,Easy,Yes,Yes,~68 km from Mumbai,~40-45 km / ~1-1.25 hrs,Agoda Travel Guide,https://www.agoda.com/travel-guides/india/karjat/10-amazing-things-to-do-in-karjat-india/,2026-09-23,0.0,1.0,,68.0,21.8125,,True,True,No,False,Outdoor,True,True,True,https://commons.wikimedia.org/wiki/Special:FilePath/Khandoba%20temple%20Pune.jpg,"Wikimedia Commons - Khandoba Temple, Pune (representative Temple/Religious photo)"
PANVEL-053,Uran Fish Market and Fresh Catch Experience,Uran,Raigad,Maharashtra,Panvel,,,Food,Fish Market,"Uran's Koliwada fishing hamlets, especially Karanja and Mora, supply a large share of Mumbai's fish; visitors can watch the daily catch being landed and sorted at the local fish market",fish-market|seafood|fishing-village|local-life,0.0,1.5,Solo,1,,,,Early morning,Year-round (best Oct-May),Outdoor,No,,Available,Easy,Yes,Yes,~55 km from Mumbai,~28 km / ~50 min,Wikipedia (Uran),https://en.wikipedia.org/wiki/Uran,2026-09-23,0.0,1.5,,55.0,0.65,,True,True,No,False,Outdoor,True,True,True,https://commons.wikimedia.org/wiki/Special:FilePath/Street%20Food.jpg,"Wikimedia Commons - Street Food, Old Delhi (representative Food photo)"
PANVEL-054,Uran Paddy Field Rural Walk,Uran,Raigad,Maharashtra,Panvel,,,Local_Experience,Rural Walk,"Walks through Uran's rice paddy fields, reflecting the taluka's role in Raigad district's rice production, offering a green, rural contrast to the coastal and industrial parts of Uran",paddy-fields|rural-walk|agriculture|greenery,0.0,1.5,Family,1,,,,Monsoon mornings,Monsoon (Jun-Sep),Outdoor,No,,Seasonal,Easy,Yes,Yes,~55 km from Mumbai,~28-30 km / ~50 min,Wikipedia (Uran),https://en.wikipedia.org/wiki/Uran,2026-09-23,0.0,1.5,,55.0,0.6,,True,True,No,False,Outdoor,True,True,True,,No verified real photo found for this category - left blank
PANVEL-055,Irshalgad Nedhe Rock Formation Photography,Chowk (Panvel),Raigad,Maharashtra,Panvel,18.933568,73.232031,Photography,Rock Formation,"The Nedhe, a natural hole carved into rock by wind and water on Irshalgad, overlooking Morbe Dam, is a well-known photography subject reached partway up the Irshalgad trek",photography|rock-formation|dam-view|nedhe,,4.0,Friends,1,,,,Morning,Monsoon,Outdoor,No,,Available,Moderate,No,Yes,~55-60 km from Mumbai,~25 km / ~45-60 min,NomadoSauras,https://nomadosauras.com/2016/08/16/irshalgad-trek-route-monsoon/,2026-09-23,,4.0,,57.5,0.7222222222222222,,False,True,No,False,Outdoor,True,True,True,https://commons.wikimedia.org/wiki/Special:FilePath/Western-Ghats-Matheran.jpg,"Wikimedia Commons - Western Ghats, Matheran (representative Nature/scenic photo)"
PANVEL-056,Prabalmachi Plateau Sunrise Photography,Prabalmachi (Panvel),Raigad,Maharashtra,Panvel,18.9828,73.2154,Photography,Sunrise Viewpoint,Wide grassy plateau between Kalavantin Durg and Prabalgad offering unobstructed sunrise views over the Panvel valley and surrounding Sahyadri peaks,photography|sunrise|plateau|landscape,,2.0,Friends,1,,,,5:30 AM - 7:00 AM,Winter and Post-monsoon,Outdoor,No,,Available,Moderate; 1.5 hr climb to reach,No,Yes,~60 km from Mumbai,~20 km / ~45-60 min to base,IndiaHikes,https://indiahikes.com/documented-trek/kalavantin-durg-trek,2026-09-23,,2.0,,60.0,0.6944444444444444,,False,True,No,False,Outdoor,True,True,True,https://commons.wikimedia.org/wiki/Special:FilePath/Western-Ghats-Matheran.jpg,"Wikimedia Commons - Western Ghats, Matheran (representative Nature/scenic photo)"
PANVEL-057,Bazaar Peth Old Panvel Local Shopping,Old Panvel,Raigad,Maharashtra,Panvel,,,Shopping,Local Market,"Traditional market street in Old Panvel's Bazaar Peth area lined with grocery, textile, farsan and everyday-goods shops set among the town's older wada architecture",local-market|shopping|old-town,0.0,1.5,Solo,1,,,,Morning to evening,Year-round,Outdoor,No,,Available,Easy,Yes,No,~35 km from Mumbai,Within Old Panvel town,Heritage Chronicles Blog,https://heritagechronicles.blogspot.com/2019/10/my-heritage-walk-exploring-legacy-of.html,2026-09-23,0.0,1.5,,35.0,,,True,False,No,False,Outdoor,True,True,True,,No verified real photo found for this category - left blank
PANVEL-058,Karnala Fort Watchtower Ruins Photography,Karnala (Panvel),Raigad,Maharashtra,Panvel,18.88167,73.11806,Photography,Heritage Ruins,"Ruined 125-ft basalt watchtower atop Karnala Fort, carved with Persian, Marathi and Mughal-era inscriptions, a popular photography subject at the summit",photography|ruins|watchtower|heritage,30.0,1.0,Solo,1,,,,Golden hour (early morning),Winter,Outdoor,No,,Available,Moderate; reached after full fort climb,No,No,~65 km from Mumbai,~10 km / 20-30 min,Thrillophilia,https://www.thrillophilia.com/attractions/karnala-fort,2026-09-23,30.0,1.0,,65.0,0.3333333333333333,,False,False,No,False,Outdoor,True,True,True,https://commons.wikimedia.org/wiki/Special:FilePath/Western-Ghats-Matheran.jpg,"Wikimedia Commons - Western Ghats, Matheran (representative Nature/scenic photo)"
PANVEL-059,Wonders Park Kharghar/Belapur,Kharghar,Raigad,Maharashtra,Panvel,,,Family,Theme Garden,"A themed park near Kharghar/CBD Belapur featuring miniature replicas of world monuments, a casual family sightseeing stop combined with a Central Park or Kharghar Hills visit",theme-park|family|replicas|kids,,1.5,Kids,1,,,,Afternoon,Year-round,Outdoor,No,,Available,Easy,No,No,~30 km from Mumbai,~10-12 km / 20-25 min,Tripadvisor (Central Park Kharghar reviews),https://goa.app/places/central-park,2026-09-23,,1.5,,30.0,0.2791666666666667,,False,False,No,False,Outdoor,True,True,True,,No verified real photo found for this category - left blank
PANVEL-060,iCamp Resort Kharghar Hills Camping,Kharghar,Raigad,Maharashtra,Panvel,,,Adventure,Camping,"Private campsite on Kharghar Hills offering overnight tent stays with meals, one of the few authorised overnight options on the otherwise no-stay hill",camping|hilltop|overnight-stay,,15.0,Friends,2,,,,Evening to next morning,Winter and Monsoon,Outdoor,Yes,3.0,Available,Moderate,No,Yes,~30 km from Mumbai,~10-12 km / 20-25 min,GetSetXplore,https://getsetxplore.com/place/kharghar-hill-6ed8a4,2026-09-23,,15.0,3.0,30.0,0.2791666666666667,,False,True,Yes,True,Outdoor,True,True,True,,No verified real photo found for this category - left blank
PANVEL-061,Kharghar Hills Butterfly and Bird Photography,Kharghar,Raigad,Maharashtra,Panvel,,,Wildlife,Butterfly/Bird Watching,"Kharghar Hills' forested trail is home to numerous butterflies and birds, drawing casual nature photographers alongside regular morning trekkers",butterflies|birdwatching|nature-photography,0.0,1.5,Solo,1,,,,Morning,Monsoon and Winter,Outdoor,No,,Available,Moderate,No,Yes,~30 km from Mumbai,~10-12 km / 20-25 min,Navi Mumbai Houses Blog,https://navimumbaihouses.com/blog/location/kharghar-hills-trekking-timings-view-point/,2026-09-23,0.0,1.5,,30.0,0.2791666666666667,,False,True,No,False,Outdoor,True,True,True,https://commons.wikimedia.org/wiki/Special:FilePath/Kaas%20Pathar%2C%20Satara%2C%20Maharashtra%2C%20India%20%282018%29%202.jpg,"Wikimedia Commons - Kaas Pathar, Satara (representative Nature/Wildlife photo)"
PANVEL-062,Central Park Kharghar Amphitheatre Cultural Events,Kharghar,Raigad,Maharashtra,Panvel,,,Culture,Amphitheatre,"A large open-air amphitheatre within Central Park Kharghar used for cultural programmes, community events and public performances",amphitheatre|cultural-events|performance,,2.0,Family,1,,,,Evening (event-dependent),Year-round,Outdoor,Sometimes,,Seasonal,Easy,Yes,No,~30 km from Mumbai,~10-12 km / 20-25 min,Shreeji Ventures Blog,https://www.shreejiventures.in/blog/parks-in-kharghar,2026-09-23,,2.0,,30.0,0.2791666666666667,,True,False,Sometimes,True,Outdoor,True,True,True,,No verified real photo found for this category - left blank
PANVEL-063,"Hast Mudra Themed Garden, Central Park Kharghar",Kharghar,Raigad,Maharashtra,Panvel,,,Nature,Themed Botanical Garden,A themed botanical garden section within Central Park Kharghar featuring hand-gesture (hast mudra) inspired landscaping and sculptures,botanical-garden|themed-garden|sculpture,0.0,1.0,Family,1,,,,Morning or evening,Year-round,Outdoor,No,,Available,Easy,No,Yes,~30 km from Mumbai,~10-12 km / 20-25 min,Shreeji Ventures Blog,https://www.shreejiventures.in/blog/parks-in-kharghar,2026-09-23,0.0,1.0,,30.0,0.2791666666666667,,False,True,No,False,Outdoor,True,True,True,https://commons.wikimedia.org/wiki/Special:FilePath/Western-Ghats-Matheran.jpg,"Wikimedia Commons - Western Ghats, Matheran (representative Nature/scenic photo)"
PANVEL-064,ISKCON Kharghar Janmashtami Festival,Kharghar,Raigad,Maharashtra,Panvel,,,Festival,Religious Festival,"Grand annual Sri Krishna Janmashtami celebration at ISKCON Kharghar with the temple elaborately decorated, plus dance, drama and bhajan performances drawing large crowds",janmashtami|festival|iskcon|krishna,0.0,4.0,Family,1,,,,Evening,August (Janmashtami),Both,No,,Seasonal,Easy,No,No,~30 km from Mumbai,~10-12 km / 20-25 min,Yatradham Blog,https://blog.yatradham.org/kharghar-iskcon-temple-timings/,2026-09-23,0.0,4.0,,30.0,0.2791666666666667,,False,False,No,False,Mixed,True,True,True,https://commons.wikimedia.org/wiki/Special:FilePath/Khandoba%20temple%20Pune.jpg,"Wikimedia Commons - Khandoba Temple, Pune (representative Temple/Religious photo)"
PANVEL-065,Uran Shipbuilding and Boatyard Observation,Uran,Raigad,Maharashtra,Panvel,,,Local_Experience,Craft Observation,"Small boatyards along the Uran coast where wooden fishing boats are built and repaired, reflecting the town's traditional shipbuilding and port-support economy alongside modern JNPT operations",shipbuilding|boatyard|maritime-craft|local-life,0.0,1.0,Solo,1,,,,Daytime,Year-round,Outdoor,No,,Available,Easy,Yes,Yes,~55 km from Mumbai,~28-30 km / ~50 min,Wikipedia (Uran),https://en.wikipedia.org/wiki/Uran,2026-09-23,0.0,1.0,,55.0,0.6,,True,True,No,False,Outdoor,True,True,True,,No verified real photo found for this category - left blank
PANVEL-066,Shilp Wellness Resort and Spa Retreat,Shedung (Panvel),Raigad,Maharashtra,Panvel,,,Wellness,Spa Retreat,"Luxury wellness retreat in Shedung, Panvel offering Turkish and Moroccan hammam rituals, signature spa therapies, landscaped gardens and pools",spa|wellness|hammam|luxury-retreat,,3.0,Couple,1,,,,Afternoon,Year-round,Indoor,Yes,1.0,Available,Easy,No,No,~40 km from Mumbai,~10-12 km,Shilp Wellness,https://shilpwellness.com/,2026-09-23,,3.0,1.0,40.0,11.0,,False,False,Yes,True,Indoor,True,True,True,https://commons.wikimedia.org/wiki/Special:FilePath/Khandoba%20temple%20Pune.jpg,"Wikimedia Commons - Khandoba Temple, Pune (representative Temple/Religious photo)"
PANVEL-067,Vadale Lake Panvel,Panvel,Raigad,Maharashtra,Panvel,,,Nature,Lake,"A local lake on the outskirts of Panvel town, a quiet spot for a short nature break near the Shedung/Somatne area, often mentioned alongside nearby resorts",lake|nature|quiet-spot|local-outing,0.0,1.0,Couple,1,,,,Evening,Year-round,Outdoor,No,,Available,Easy,Yes,Yes,~38 km from Mumbai,~7 km / 15 min,Hotels.com listing,https://nl.hotels.com/ho3550017600,2026-09-23,0.0,1.0,,38.0,0.1833333333333333,,True,True,No,False,Outdoor,True,True,True,https://commons.wikimedia.org/wiki/Special:FilePath/Western-Ghats-Matheran.jpg,"Wikimedia Commons - Western Ghats, Matheran (representative Nature/scenic photo)"
PANVEL-068,Orion Mall Panvel Shopping and Entertainment,Panvel,Raigad,Maharashtra,Panvel,,,Shopping,Mall,"Shopping mall on the outskirts of Panvel offering retail stores, food court and entertainment options, a convenient indoor stop for families",mall|shopping|entertainment|indoor,,2.5,Family,1,,,,Afternoon/Evening,Year-round,Indoor,No,,Available,Easy,No,No,~38 km from Mumbai,~12 km / 20-25 min,Hotels.com listing,https://nl.hotels.com/ho3550017600,2026-09-23,,2.5,,38.0,0.3166666666666666,,False,False,No,False,Indoor,True,True,True,,No verified real photo found for this category - left blank
PANVEL-069,"Kondana Bahiri Cave Viewpoint, Karjat",Karjat,Raigad,Maharashtra,Panvel,,,Photography,Cave Viewpoint,"A vantage-point cave near Karjat offering sweeping valley views, popular with trekkers extending a Kondana Caves visit for photography",cave|viewpoint|photography|valley-view,0.0,2.0,Friends,1,,,,Morning,Winter and Post-monsoon,Outdoor,No,,Available,Moderate,No,Yes,~68 km from Mumbai,~40-45 km / ~1-1.25 hrs,Agoda Travel Guide,https://www.agoda.com/travel-guides/india/karjat/10-amazing-things-to-do-in-karjat-india/,2026-09-23,0.0,2.0,,68.0,21.8125,,False,True,No,False,Outdoor,True,True,True,https://commons.wikimedia.org/wiki/Special:FilePath/Western-Ghats-Matheran.jpg,"Wikimedia Commons - Western Ghats, Matheran (representative Nature/scenic photo)"
PANVEL-070,"Horse Riding Adventure, Karjat",Karjat,Raigad,Maharashtra,Panvel,,,Sports,Horse Riding,"Guided horse riding experience run by an equine services operator in the Karjat countryside, a family-friendly adventure activity distinct from the area's trekking options",horse-riding|adventure|family-activity,,1.0,Family,1,,,,Morning or evening,Winter,Outdoor,Yes,1.0,Available,Easy,No,Yes,~68 km from Mumbai,~40-45 km / ~1-1.25 hrs,GoTravelTrek,https://gotraveltrek.com/2015/10/31/karjat-maharastra/,2026-09-23,,1.0,1.0,68.0,21.8125,,False,True,Yes,True,Outdoor,True,True,True,,No verified real photo found for this category - left blank
PANVEL-071,"Rock Climbing and Rappelling, Kondana",Karjat,Raigad,Maharashtra,Panvel,,,Adventure,Rock Climbing,"Guided rock climbing and rappelling sessions on the rock faces near Kondana Caves outside Karjat, run by local adventure operators",rock-climbing|rappelling|adventure-sport,,3.0,Friends,4,15.0,,,Morning,Winter,Outdoor,Yes,3.0,Seasonal,Difficult; requires physical fitness and guide supervision,No,No,~68 km from Mumbai,~40-45 km / ~1-1.25 hrs,GoTravelTrek,https://gotraveltrek.com/2015/10/31/karjat-maharastra/,2026-09-23,,3.0,3.0,68.0,21.8125,,False,False,Yes,True,Outdoor,True,True,False,,No verified real photo found for this category - left blank
PANVEL-072,Panvel Railway Junction Heritage Photography,Panvel,Raigad,Maharashtra,Panvel,,,Photography,Railway Heritage,"Panvel Junction, a key railway hub connecting the Harbour, Konkan and Central lines, offers railway-enthusiast photography opportunities amid the bustle of one of Navi Mumbai's busiest stations",railway|junction|photography|transport-hub,0.0,0.5,Solo,1,,,,Daytime,Year-round,Outdoor,No,,Available,Easy,Yes,No,~35 km from Mumbai,Within Panvel city,General knowledge / Wikipedia (Panvel),https://en.wikipedia.org/wiki/Panvel,2026-09-23,0.0,0.5,,35.0,,,True,False,No,False,Outdoor,True,True,True,https://commons.wikimedia.org/wiki/Special:FilePath/Western-Ghats-Matheran.jpg,"Wikimedia Commons - Western Ghats, Matheran (representative Nature/scenic photo)"
PANVEL-073,Karnala to Prabalgad Ridge Photography Trail,Panvel,Raigad,Maharashtra,Panvel,,,Photography,Ridge Trail,"From the summit of Karnala Fort, trekkers get clear sightlines to Prabalgad, Manikgad, Haji Malang, Chanderi, Matheran and other Sahyadri peaks, making it a rewarding multi-fort photography vantage point",photography|ridge-view|multi-fort-panorama,30.0,1.0,Solo,1,,,,Clear winter mornings,Winter,Outdoor,No,,Available,Moderate; reached after full fort climb,No,Yes,~65 km from Mumbai,~10 km / 20-30 min,Mumbai Pune Adventures,https://www.mumbaipuneadventures.com/destination/karnala-fort-trekking-near-mumbai-pune/,2026-09-23,30.0,1.0,,65.0,0.3333333333333333,,False,True,No,False,Outdoor,True,True,True,https://commons.wikimedia.org/wiki/Special:FilePath/Western-Ghats-Matheran.jpg,"Wikimedia Commons - Western Ghats, Matheran (representative Nature/scenic photo)"
PANVEL-074,Prabalmachi Farming Village Experience,Prabalmachi (Panvel),Raigad,Maharashtra,Panvel,18.9828,73.2154,Local_Experience,Farming Village,Small farming community on the Prabalmachi plateau where villagers cultivate the land between Kalavantin Durg and Prabalgad and run seasonal food and tea stalls for trekkers,farming|village-life|plateau-community,,1.0,Friends,1,,,,Daytime,Year-round,Outdoor,No,,Available,Moderate; 1.5 hr climb to reach,Yes,Yes,~60 km from Mumbai,~20 km / ~45-60 min to base,Western Ghats Treks Blog,https://westernghatstreks.blogspot.com/2016/10/kalavantin-durg-prabalgad-panvel.html,2026-09-23,,1.0,,60.0,0.6944444444444444,,True,True,No,False,Outdoor,True,True,True,,No verified real photo found for this category - left blank
PANVEL-075,Kharghar to Karnala Cycling Day Trip,Kharghar,Raigad,Maharashtra,Panvel,,,Sports,Long-distance Cycling,"A road-cycling route linking Kharghar to Karnala Bird Sanctuary via Panvel, popular among Navi Mumbai cycling groups for weekend rides combining fitness with a nature destination",cycling|road-ride|fitness|group-activity,0.0,3.0,Friends,2,,,,Early morning (before 8 AM),Winter,Outdoor,No,,Available,Moderate; shared road traffic,No,No,~30 km from Mumbai to Kharghar,~22 km total ride distance (Kharghar-Panvel-Karnala),"Route inferred from Karnala/Kharghar road distances (7thTraveler, YoMetro)",https://7thtraveler.com/karnala-bird-sanctuary-panvel-timings-entry-fees-information/,2026-09-23,0.0,3.0,,30.0,22.0,,False,False,No,False,Outdoor,True,True,True,,No verified real photo found for this category - left blank
PANVEL-076,Kon Village Temple and Church Circuit,Kon (Panvel),Raigad,Maharashtra,Panvel,,,Spiritual,Temple and Church Circuit,"Small waypoint village on the Panvel-Khopoli route with a cluster of local landmarks including a Datta Mandir, a Ram Mandir and a village church, visited by travellers passing through Kon",temple|church|waypoint-village|spiritual,0.0,1.0,Family,1,,,,Daytime,Year-round,Outdoor,No,,Available,Easy,Yes,Yes,~45 km from Mumbai,~15-18 km / ~25-30 min on NH48,CabBazar route guide,https://cabbazar.com/taxi/cab/panvel-to-imagica,2026-09-23,0.0,1.0,,45.0,0.4533333333333333,,True,True,No,False,Outdoor,True,True,True,https://commons.wikimedia.org/wiki/Special:FilePath/Khandoba%20temple%20Pune.jpg,"Wikimedia Commons - Khandoba Temple, Pune (representative Temple/Religious photo)"
PANVEL-077,Patalganga River Rasayani Nature Walk,Rasayani (Panvel),Raigad,Maharashtra,Panvel,,,Nature,River Walk,"Riverside stretch of the Patalganga at Rasayani village along the Panvel-Khopoli corridor, offering a quiet nature stop away from the main highway",river|nature-walk|rural-stop,0.0,1.0,Couple,1,,,,Morning,Monsoon and Winter,Outdoor,No,,Available,Easy,Yes,Yes,~48 km from Mumbai,~18-20 km / ~30 min on NH48,CabBazar route guide,https://cabbazar.com/taxi/cab/panvel-to-imagica,2026-09-23,0.0,1.0,,48.0,0.4833333333333333,,True,True,No,False,Outdoor,True,True,True,https://commons.wikimedia.org/wiki/Special:FilePath/Western-Ghats-Matheran.jpg,"Wikimedia Commons - Western Ghats, Matheran (representative Nature/scenic photo)"
PANVEL-078,Rasayani Temples and Gurudwara Circuit,Rasayani (Panvel),Raigad,Maharashtra,Panvel,,,Spiritual,Multi-faith Circuit,"Cluster of small roadside shrines at Rasayani village on the Panvel-Khopoli corridor including a Shiv Temple, a Ram Temple and a Gurudwara Sahib, reflecting the area's mixed local devotional life",temple|gurudwara|multi-faith|roadside-shrine,0.0,1.0,Family,1,,,,Daytime,Year-round,Outdoor,No,,Available,Easy,Yes,Yes,~48 km from Mumbai,~18-20 km / ~30 min on NH48,CabBazar route guide,https://cabbazar.com/taxi/cab/panvel-to-imagica,2026-09-23,0.0,1.0,,48.0,0.4833333333333333,,True,True,No,False,Outdoor,True,True,True,https://commons.wikimedia.org/wiki/Special:FilePath/Khandoba%20temple%20Pune.jpg,"Wikimedia Commons - Khandoba Temple, Pune (representative Temple/Religious photo)"
PANVEL-079,"Our Lady of Penha Chapel, Karanja",Karanja (Uran),Raigad,Maharashtra,Panvel,18.86694,72.935917,Heritage,Portuguese-era Chapel,"Well-preserved Portuguese-era chapel inside Dronagiri Fort's inner enclosure near Karanja, dating to the Portuguese occupation of the peninsula between 1534 and 1739",chapel|portuguese-heritage|colonial-history,0.0,0.5,Solo,1,,,,Morning,Year-round,Outdoor,No,,Available,Easy; within Dronagiri Fort walk,No,Yes,~55 km from Mumbai,~25 km / ~45 min,Cycling to Uran blog,https://bijoor.me/2014/01/04/cycling-to-uran-dronagiri-hill-fort-migratory-birds/,2026-09-23,0.0,0.5,,55.0,0.5833333333333334,,False,True,No,False,Outdoor,True,True,True,https://commons.wikimedia.org/wiki/Special:FilePath/Red%20Fort%20Delhi.jpg,"Wikimedia Commons - Red Fort, Delhi (representative Heritage/Fort/Architecture/Museum photo)"
PANVEL-080,"Vetal Mandir Ruins, Dronagiri",Uran,Raigad,Maharashtra,Panvel,18.86694,72.935917,Heritage,Ruined Shrine,"Ruined Vetal Mandir located along the path between Dronagiri Fort's main gate and Karanja village, one of the fort area's lesser-known heritage stops",ruins|shrine|heritage|offbeat,0.0,0.5,Solo,1,,,,Morning,Year-round,Outdoor,No,,Available,Moderate; forest path,No,Yes,~55 km from Mumbai,~25 km / ~45 min,Wikipedia (Dronagiri Fort),https://en.wikipedia.org/wiki/Dronagiri_Fort,2026-09-23,0.0,0.5,,55.0,0.5833333333333334,,False,True,No,False,Outdoor,True,True,True,https://commons.wikimedia.org/wiki/Special:FilePath/Red%20Fort%20Delhi.jpg,"Wikimedia Commons - Red Fort, Delhi (representative Heritage/Fort/Architecture/Museum photo)"
MMR-001,Yeoor Hills,Thane,Thane,Maharashtra,Mumbai,19.24,72.97,Nature,Hills & Trekking,"Hilly forest region on the eastern edge of Sanjay Gandhi National Park with six tribal villages, popular for trekking, hiking and birdwatching.","trekking,hills,birdwatching,nature,forest",0,2.5,"Trekkers, nature lovers, families",1,15.0,4.3,3200.0,Early morning,Year-round,Outdoor,No,0,Year-round,Moderate,Yes,No,0.5,1.5,Piramal Realty Blog,https://www.piramalrealty.com/blogs/10-spectacular-places-to-visit-in-thane,2026-09-23,0.0,2.5,0.0,0.5,1.5,,True,False,No,False,Outdoor,False,False,False,https://commons.wikimedia.org/wiki/Special:FilePath/Western-Ghats-Matheran.jpg,"Wikimedia Commons - Western Ghats, Matheran (representative Nature/scenic photo)"
MMR-002,Upvan Lake,Thane,Thane,Maharashtra,Mumbai,19.2245,72.9631,Nature,Lake,"Artificial eco-friendly lake built in 1880 by Thane Municipal Corporation, backed by Yeoor Hills; popular for walking, boating and cultural events.","lake,walking,boating,photography,evening",20,1.5,"Couples, families, photographers",1,10.0,4.3,8500.0,Evening,Year-round,Outdoor,No,0,Year-round,Easy,Yes,No,0.4,1.4,Housing.com,https://housing.com/news/places-to-visit-in-thane,2026-09-23,20.0,1.5,0.0,0.4,1.4,,True,False,No,False,Outdoor,False,False,False,https://commons.wikimedia.org/wiki/Special:FilePath/Western-Ghats-Matheran.jpg,"Wikimedia Commons - Western Ghats, Matheran (representative Nature/scenic photo)"
MMR-003,Masunda Lake (Talao Pali),Thane,Thane,Maharashtra,Mumbai,19.1972,72.9714,Nature,Lake,"Central Thane lake known as Talao Pali, surrounded by promenade, food stalls and the famous Ganeshotsav immersion ghats.","lake,local,food,evening,culture",0,1.0,"Families, local food lovers",1,10.0,4.2,6200.0,Evening,Year-round,Outdoor,No,0,Year-round,Easy,Yes,No,0.2,1.3,Veena World Blog,https://www.veenaworld.com/blog/places-to-visit-in-thane-the-ultimate-travel-guide,2026-09-23,0.0,1.0,0.0,0.2,1.3,,True,False,No,False,Outdoor,False,False,False,https://commons.wikimedia.org/wiki/Special:FilePath/Western-Ghats-Matheran.jpg,"Wikimedia Commons - Western Ghats, Matheran (representative Nature/scenic photo)"
MMR-004,Thane Creek Flamingo Sanctuary,Thane,Thane,Maharashtra,Mumbai,19.21,72.995,Wildlife,Bird Watching,"Mangrove-lined creek recognised as an Important Bird Area by BNHS, famous for migratory flamingos between November and May.","birdwatching,flamingos,mangroves,wildlife,photography",0,2.0,"Birders, photographers",1,12.0,4.4,1900.0,Nov-May early morning,Winter,Outdoor,No,0,Seasonal,Easy,Yes,Yes,0.5,1.6,Piramal Realty Blog,https://www.piramalrealty.com/blog/?p=1117,2026-09-23,0.0,2.0,0.0,0.5,1.6,,True,True,No,False,Outdoor,False,False,False,https://commons.wikimedia.org/wiki/Special:FilePath/Kaas%20Pathar%2C%20Satara%2C%20Maharashtra%2C%20India%20%282018%29%202.jpg,"Wikimedia Commons - Kaas Pathar, Satara (representative Nature/Wildlife photo)"
MMR-005,Ovalekar Wadi Butterfly Garden,Thane,Thane,Maharashtra,Mumbai,19.235,72.955,Nature,Butterfly Garden,"Community-run garden in Owale village housing over 500 species of butterflies, a favourite for wildlife enthusiasts and photographers.","butterflies,nature,photography,garden,family",30,1.0,"Families, kids, photographers",1,15.0,4.2,1400.0,Morning,Year-round,Outdoor,No,0,Year-round,Easy,Yes,Yes,0.6,1.6,Veena World Blog,https://www.veenaworld.com/blog/places-to-visit-in-thane-the-ultimate-travel-guide,2026-09-23,30.0,1.0,0.0,0.6,1.6,,True,True,No,False,Outdoor,False,False,False,https://commons.wikimedia.org/wiki/Special:FilePath/Western-Ghats-Matheran.jpg,"Wikimedia Commons - Western Ghats, Matheran (representative Nature/scenic photo)"
MMR-006,Kopineshwar Mandir,Thane,Thane,Maharashtra,Mumbai,19.1974,72.9701,Temple,Heritage Temple,"Ancient Shiva temple considered the patron shrine of Thane, known for one of Maharashtra's largest Shiv lingas and a grand Nandi at the entrance.","temple,heritage,shiva,religious",0,0.5,"Devotees, heritage lovers",1,20.0,4.4,2100.0,Morning,Year-round,Mixed,No,0,Year-round,Easy,Yes,No,0.3,1.3,Testingtscl Blog,https://testingtscl.oasys.co/?p=4002,2026-09-23,0.0,0.5,0.0,0.3,1.3,,True,False,No,False,Mixed,False,False,False,https://commons.wikimedia.org/wiki/Special:FilePath/Khandoba%20temple%20Pune.jpg,"Wikimedia Commons - Khandoba Temple, Pune (representative Temple/Religious photo)"
MMR-007,Kalibari Temple,Thane,Thane,Maharashtra,Mumbai,19.199,72.978,Temple,Heritage Temple,"Bengali-style temple dedicated to Goddess Kali, a peaceful religious landmark popular with Thane's Bengali community.","temple,religious,heritage,culture",0,0.5,"Devotees, culture seekers",1,20.0,4.3,900.0,Morning,Year-round,Mixed,No,0,Year-round,Easy,Yes,Yes,0.4,1.3,Testingtscl Blog,https://testingtscl.oasys.co/author/admin/page/3,2026-09-23,0.0,0.5,0.0,0.4,1.3,,True,True,No,False,Mixed,False,False,False,https://commons.wikimedia.org/wiki/Special:FilePath/Khandoba%20temple%20Pune.jpg,"Wikimedia Commons - Khandoba Temple, Pune (representative Temple/Religious photo)"
MMR-008,Tikuji-ni-Wadi,Thane,Thane,Maharashtra,Mumbai,19.245,72.975,Family,Amusement & Water Park,"Popular amusement and water park on Thane-Ghodbunder Road with rides, water slides and resort facilities for a full family day out.","family,waterpark,rides,fun",800,5.0,"Families, kids, groups",2,50.0,4.0,7600.0,Weekday morning,Year-round,Outdoor,Yes,1,Year-round,Easy,No,No,0.7,1.8,Local Tourism Guide,https://www.veenaworld.com/blog/places-to-visit-in-thane-the-ultimate-travel-guide,2026-09-23,800.0,5.0,1.0,0.7,1.8,,False,False,Yes,True,Outdoor,False,False,False,,No verified real photo found for this category - left blank
MMR-009,Vardhaman Fantasy Park,Thane,Thane,Maharashtra,Mumbai,19.155,73.07,Family,Amusement Park,"Themed amusement park in Shilphata with rides and attractions inspired by global cities, ideal for a family outing.","family,amusement,rides,fun",100,4.0,"Families, kids",2,40.0,3.9,1800.0,Afternoon,Year-round,Outdoor,No,0,Year-round,Easy,No,No,1.0,0.9,Bajaj Finserv Blog,https://www.bajajfinserv.in/places-to-visit-in-thane,2026-09-23,100.0,4.0,0.0,1.0,0.9,,False,False,No,False,Outdoor,False,False,False,,No verified real photo found for this category - left blank
MMR-010,St. John the Baptist Church,Thane,Thane,Maharashtra,Mumbai,19.198,72.979,Heritage,Church,"One of the oldest churches in the region, dating back roughly five centuries, notable for its old-world architecture.","church,heritage,history,architecture",0,0.5,"Heritage lovers, photographers",1,15.0,4.3,650.0,Morning,Year-round,Indoor,No,0,Year-round,Easy,Yes,Yes,0.3,1.3,Testingtscl Blog,https://testingtscl.oasys.co/?p=4002,2026-09-23,0.0,0.5,0.0,0.3,1.3,,True,True,No,False,Indoor,False,False,False,https://commons.wikimedia.org/wiki/Special:FilePath/Red%20Fort%20Delhi.jpg,"Wikimedia Commons - Red Fort, Delhi (representative Heritage/Fort/Architecture/Museum photo)"
MMR-011,Mother of Victory Church,Thane,Thane,Maharashtra,Mumbai,19.193,72.972,Heritage,Church,"Church named after Mother Mary, notable for a statue of Mother Mary brought from Wigratzbad, Germany.","church,heritage,religious",0,0.5,"Devotees, heritage lovers",1,15.0,4.2,500.0,Morning,Year-round,Indoor,No,0,Year-round,Easy,Yes,Yes,0.3,1.3,Testingtscl Blog,https://testingtscl.oasys.co/author/admin/page/3,2026-09-23,0.0,0.5,0.0,0.3,1.3,,True,True,No,False,Indoor,False,False,False,https://commons.wikimedia.org/wiki/Special:FilePath/Red%20Fort%20Delhi.jpg,"Wikimedia Commons - Red Fort, Delhi (representative Heritage/Fort/Architecture/Museum photo)"
MMR-012,Ghodbunder Fort,Thane,Thane,Maharashtra,Mumbai,19.265,72.97,Heritage,Fort,"Portuguese-era coastal fort remnant along Ghodbunder Road on the banks of Thane creek, offering a glimpse of the region's colonial past.","fort,heritage,history,hidden gem",0,1.0,"History buffs, explorers",1,10.0,3.9,320.0,Morning,Year-round,Outdoor,No,0,Year-round,Moderate,Yes,Yes,0.9,2.0,Local Heritage Records,https://www.google.com/maps/search/Ghodbunder+Fort+Thane,2026-09-23,0.0,1.0,0.0,0.9,2.0,,True,True,No,False,Outdoor,False,False,False,https://commons.wikimedia.org/wiki/Special:FilePath/Red%20Fort%20Delhi.jpg,"Wikimedia Commons - Red Fort, Delhi (representative Heritage/Fort/Architecture/Museum photo)"
MMR-013,Tansa Lake,Shahapur,Thane,Maharashtra,Mumbai,19.533,73.367,Nature,Lake,"Large water reservoir surrounded by lush greenery around 60 km from Thane, offering trekking and picnic opportunities.","lake,nature,picnic,trekking",0,3.0,"Nature lovers, picnickers",2,15.0,4.1,540.0,Morning,Year-round,Outdoor,No,0,Year-round,Moderate,Yes,Yes,2.0,2.8,Bajaj Finserv Blog,https://www.bajajfinserv.in/places-to-visit-in-thane,2026-09-23,0.0,3.0,0.0,2.0,2.8,,True,True,No,False,Outdoor,False,False,False,https://commons.wikimedia.org/wiki/Special:FilePath/Western-Ghats-Matheran.jpg,"Wikimedia Commons - Western Ghats, Matheran (representative Nature/scenic photo)"
MMR-014,Tansa Wildlife Sanctuary,Shahapur,Thane,Maharashtra,Mumbai,19.55,73.45,Wildlife,Wildlife Sanctuary,"Sanctuary spread over 320 sq km with rich flora and fauna including leopards and numerous bird species, a haven for wildlife enthusiasts.","wildlife,sanctuary,birdwatching,nature,trekking",50,4.0,"Wildlife lovers, birders",2,15.0,4.2,410.0,Early morning,Winter,Outdoor,Yes,3,Seasonal,Moderate,Yes,Yes,2.2,3.0,Housing.com,https://housing.com/news/places-to-visit-in-thane,2026-09-23,50.0,4.0,3.0,2.2,3.0,,True,True,Yes,True,Outdoor,False,False,False,https://commons.wikimedia.org/wiki/Special:FilePath/Kaas%20Pathar%2C%20Satara%2C%20Maharashtra%2C%20India%20%282018%29%202.jpg,"Wikimedia Commons - Kaas Pathar, Satara (representative Nature/Wildlife photo)"
MMR-015,Mahuli Fort,Shahapur,Thane,Maharashtra,Mumbai,19.43,73.34,Heritage,Fort & Trekking,"Highest fort in Thane district set amid the Mahuli mountain range, a challenging and rewarding trek for adventure seekers.","fort,trekking,adventure,hidden gem",0,6.0,Serious trekkers,3,15.0,4.5,780.0,Early morning,Winter,Outdoor,No,0,Year-round,Difficult,Yes,Yes,1.8,2.5,Testingtscl Blog,https://testingtscl.oasys.co/author/admin/page/3,2026-09-23,0.0,6.0,0.0,1.8,2.5,,True,True,No,False,Outdoor,False,False,False,https://commons.wikimedia.org/wiki/Special:FilePath/Red%20Fort%20Delhi.jpg,"Wikimedia Commons - Red Fort, Delhi (representative Heritage/Fort/Architecture/Museum photo)"
MMR-016,Korum Mall Food & Shopping,Thane,Thane,Maharashtra,Mumbai,19.199,72.973,Local Experience,Shopping & Food,"One of the largest malls in Maharashtra with multi-cuisine food courts, popular for a casual local family outing.","shopping,food,family,indoor",0,3.0,"Families, shoppers",1,10.0,4.2,15200.0,Evening,Year-round,Indoor,No,0,Year-round,Easy,Yes,No,0.3,1.3,Testingtscl Blog,https://testingtscl.oasys.co/?p=4002,2026-09-23,0.0,3.0,0.0,0.3,1.3,,True,False,No,False,Indoor,False,False,False,,No verified real photo found for this category - left blank
MMR-017,Naupada Street Food Walk,Thane,Thane,Maharashtra,Mumbai,19.195,72.97,Food,Street Food,"Bustling local market area known for misal pav, vada pav and Maharashtrian snacks, a genuine slice of Thane's everyday food culture.","food,local,street food,culture",300,2.0,"Foodies, local experience seekers",1,8.0,4.3,410.0,Evening,Year-round,Outdoor,No,0,Year-round,Easy,Yes,Yes,0.2,1.3,Local Food Guide,https://www.google.com/maps/search/Naupada+Thane+street+food,2026-09-23,300.0,2.0,0.0,0.2,1.3,,True,True,No,False,Outdoor,False,False,False,https://commons.wikimedia.org/wiki/Special:FilePath/Street%20Food.jpg,"Wikimedia Commons - Street Food, Old Delhi (representative Food photo)"
MMR-018,Jai Vilas Palace,Thane,Thane,Maharashtra,Mumbai,19.19,72.96,Heritage,Historic Bungalow,"Heritage bungalow-style landmark reflecting old Thane's colonial-era architecture, a quieter heritage stop off the usual tourist trail.","heritage,architecture,hidden gem,history",0,0.5,Heritage lovers,1,10.0,3.9,180.0,Morning,Year-round,Outdoor,No,0,Year-round,Easy,Yes,Yes,0.4,1.4,Testingtscl Blog,https://testingtscl.oasys.co/category/places-in-thane/page/2,2026-09-23,0.0,0.5,0.0,0.4,1.4,,True,True,No,False,Outdoor,False,False,False,https://commons.wikimedia.org/wiki/Special:FilePath/Red%20Fort%20Delhi.jpg,"Wikimedia Commons - Red Fort, Delhi (representative Heritage/Fort/Architecture/Museum photo)"
MMR-019,Parsik Hill Viewpoint,Kalwa,Thane,Maharashtra,Mumbai,19.18,73.01,Nature,Viewpoint,"Small hillock near Kalwa offering panoramic views over Thane creek and the city skyline, favoured by joggers and photographers.","viewpoint,photography,hills,hidden gem",0,1.5,"Photographers, joggers",1,10.0,4.0,260.0,Sunrise/Sunset,Year-round,Outdoor,No,0,Year-round,Moderate,Yes,Yes,0.6,1.5,Local Knowledge,https://www.google.com/maps/search/Parsik+Hill+Kalwa,2026-09-23,0.0,1.5,0.0,0.6,1.5,,True,True,No,False,Outdoor,False,False,False,https://commons.wikimedia.org/wiki/Special:FilePath/Western-Ghats-Matheran.jpg,"Wikimedia Commons - Western Ghats, Matheran (representative Nature/scenic photo)"
MMR-020,Kalwa Creek Mangrove Walk,Kalwa,Thane,Maharashtra,Mumbai,19.185,73.0,Nature,Mangroves,"Quiet mangrove-fringed stretch of Thane creek near Kalwa, good for a low-key birdwatching and photography walk away from crowds.","mangroves,birdwatching,photography,hidden gem",0,1.5,"Birders, photographers",1,8.0,3.9,140.0,Morning,Year-round,Outdoor,No,0,Year-round,Easy,Yes,Yes,0.6,1.5,Local Knowledge,https://www.google.com/maps/search/Kalwa+Creek+Mangroves,2026-09-23,0.0,1.5,0.0,0.6,1.5,,True,True,No,False,Outdoor,False,False,False,https://commons.wikimedia.org/wiki/Special:FilePath/Western-Ghats-Matheran.jpg,"Wikimedia Commons - Western Ghats, Matheran (representative Nature/scenic photo)"
MMR-021,Retibunder Mangrove Point,Thane,Thane,Maharashtra,Mumbai,19.2,73.01,Nature,Mangroves,Lesser-known mangrove patch along Thane creek offering calm views and occasional wading bird sightings.,"mangroves,birdwatching,hidden gem,nature",0,1.0,Nature lovers,1,8.0,3.8,90.0,Morning,Year-round,Outdoor,No,0,Year-round,Easy,Yes,Yes,0.5,1.5,Local Knowledge,https://www.google.com/maps/search/Retibunder+Thane,2026-09-23,0.0,1.0,0.0,0.5,1.5,,True,True,No,False,Outdoor,False,False,False,https://commons.wikimedia.org/wiki/Special:FilePath/Western-Ghats-Matheran.jpg,"Wikimedia Commons - Western Ghats, Matheran (representative Nature/scenic photo)"
MMR-022,Wagle Estate Food Street,Thane,Thane,Maharashtra,Mumbai,19.19,72.96,Food,Local Food,Industrial-area neighbourhood known among locals for budget-friendly Maharashtrian and Gujarati thalis and evening snack stalls.,"food,local,street food",250,1.5,"Foodies, locals",1,6.0,4.1,320.0,Evening,Year-round,Outdoor,No,0,Year-round,Easy,Yes,Yes,0.7,1.6,Local Food Guide,https://www.google.com/maps/search/Wagle+Estate+Thane+food,2026-09-23,250.0,1.5,0.0,0.7,1.6,,True,True,No,False,Outdoor,False,False,False,https://commons.wikimedia.org/wiki/Special:FilePath/Street%20Food.jpg,"Wikimedia Commons - Street Food, Old Delhi (representative Food photo)"
MMR-023,Bhayander Beach,Mira-Bhayandar,Thane,Maharashtra,Mumbai,19.3,72.85,Beach,Coastal,"Quiet golden-sand beach on the western edge of Bhayandar, popular for sunset walks and casual seafood shacks.","beach,coastal,sunset,family",0,2.0,"Families, couples",1,10.0,3.8,1200.0,Evening,Year-round,Outdoor,No,0,Year-round,Easy,Yes,No,0.5,1.7,Magicpin Blog,https://magicpin.com/blog/places-to-visit-in-mira-bhayandar,2026-09-23,0.0,2.0,0.0,0.5,1.7,,True,False,No,False,Outdoor,False,False,False,https://commons.wikimedia.org/wiki/Special:FilePath/Deogad%20Beach%20in%20Sindhudurg%20district%20%2CKonkan%20region%20Maharashtra%2C%20India.JPG,"Wikimedia Commons - Deogad Beach, Sindhudurg, Konkan (representative Beach/Coastal photo)"
MMR-024,Uttan Beach,Uttan,Thane,Maharashtra,Mumbai,19.2833,72.7833,Beach,Coastal,Palm-fringed coastal village beach near Mira-Bhayandar known for its calm shoreline and fresh seafood eateries.,"beach,coastal,seafood,local",0,2.5,"Families, food lovers",1,10.0,4.0,980.0,Evening,Year-round,Outdoor,No,0,Year-round,Easy,Yes,Yes,0.9,2.0,Magicpin Blog,https://www.magicpin.com/blog/category/Travel/places-to-visit-in-mira-bhayandar,2026-09-23,0.0,2.5,0.0,0.9,2.0,,True,True,No,False,Outdoor,False,False,False,https://commons.wikimedia.org/wiki/Special:FilePath/Deogad%20Beach%20in%20Sindhudurg%20district%20%2CKonkan%20region%20Maharashtra%2C%20India.JPG,"Wikimedia Commons - Deogad Beach, Sindhudurg, Konkan (representative Beach/Coastal photo)"
MMR-025,Chowk Beach Uttan,Uttan,Thane,Maharashtra,Mumbai,19.29,72.78,Beach,Coastal,Small fishing-village beach near Uttan with a laid-back local vibe and views of the Arabian Sea.,"beach,coastal,local,hidden gem",0,2.0,"Couples, photographers",1,8.0,3.9,410.0,Evening,Year-round,Outdoor,No,0,Year-round,Easy,Yes,Yes,1.0,2.1,Local Knowledge,https://www.google.com/maps/search/Chowk+Beach+Uttan,2026-09-23,0.0,2.0,0.0,1.0,2.1,,True,True,No,False,Outdoor,False,False,False,https://commons.wikimedia.org/wiki/Special:FilePath/Deogad%20Beach%20in%20Sindhudurg%20district%20%2CKonkan%20region%20Maharashtra%2C%20India.JPG,"Wikimedia Commons - Deogad Beach, Sindhudurg, Konkan (representative Beach/Coastal photo)"
MMR-026,Silver Beach Uttan,Uttan,Thane,Maharashtra,Mumbai,19.295,72.785,Beach,Coastal,Secluded stretch of sand near Uttan popular with locals for evening picnics away from crowded Mumbai beaches.,"beach,coastal,hidden gem,picnic",0,2.0,"Families, picnickers",1,10.0,3.9,360.0,Evening,Year-round,Outdoor,No,0,Year-round,Easy,Yes,Yes,1.0,2.1,Local Knowledge,https://www.google.com/maps/search/Silver+Beach+Uttan,2026-09-23,0.0,2.0,0.0,1.0,2.1,,True,True,No,False,Outdoor,False,False,False,https://commons.wikimedia.org/wiki/Special:FilePath/Deogad%20Beach%20in%20Sindhudurg%20district%20%2CKonkan%20region%20Maharashtra%2C%20India.JPG,"Wikimedia Commons - Deogad Beach, Sindhudurg, Konkan (representative Beach/Coastal photo)"
MMR-027,Dongri Fort Uttan,Uttan,Thane,Maharashtra,Mumbai,19.305,72.79,Heritage,Fort,"Small coastal fort ruin near Uttan overlooking the sea, an offbeat heritage stop combined with a beach visit.","fort,heritage,hidden gem,coastal",0,1.0,"History buffs, explorers",1,8.0,3.7,150.0,Morning,Year-round,Outdoor,No,0,Year-round,Moderate,Yes,Yes,1.1,2.2,Local Heritage Records,https://www.google.com/maps/search/Dongri+Fort+Uttan,2026-09-23,0.0,1.0,0.0,1.1,2.2,,True,True,No,False,Outdoor,False,False,False,https://commons.wikimedia.org/wiki/Special:FilePath/Red%20Fort%20Delhi.jpg,"Wikimedia Commons - Red Fort, Delhi (representative Heritage/Fort/Architecture/Museum photo)"
MMR-028,Ram Mandir Bhayandar,Mira-Bhayandar,Thane,Maharashtra,Mumbai,19.3019,72.8517,Temple,Heritage Temple,Well-known neighbourhood temple in Bhayandar and a centre of local festivals and daily worship.,"temple,religious,local,culture",0,0.5,"Devotees, locals",1,15.0,4.1,720.0,Morning,Year-round,Mixed,No,0,Year-round,Easy,Yes,No,0.6,1.8,Local Knowledge,https://www.google.com/maps/search/Ram+Mandir+Bhayandar,2026-09-23,0.0,0.5,0.0,0.6,1.8,,True,False,No,False,Mixed,False,False,False,https://commons.wikimedia.org/wiki/Special:FilePath/Khandoba%20temple%20Pune.jpg,"Wikimedia Commons - Khandoba Temple, Pune (representative Temple/Religious photo)"
MMR-029,ISKCON Mira Road,Mira Road,Thane,Maharashtra,Mumbai,19.2813,72.8697,Temple,Spiritual,"Serene Krishna temple complex offering aarti ceremonies, cultural programmes and a peaceful spiritual break.","temple,spiritual,culture,family",0,1.0,"Devotees, families",1,20.0,4.4,2100.0,Evening,Year-round,Mixed,No,0,Year-round,Easy,Yes,No,0.7,1.9,Local Knowledge,https://www.google.com/maps/search/ISKCON+Mira+Road,2026-09-23,0.0,1.0,0.0,0.7,1.9,,True,False,No,False,Mixed,False,False,False,https://commons.wikimedia.org/wiki/Special:FilePath/Khandoba%20temple%20Pune.jpg,"Wikimedia Commons - Khandoba Temple, Pune (representative Temple/Religious photo)"
MMR-030,Vasai Fort (Bassein Fort),Vasai,Palghar,Maharashtra,Mumbai,19.34,72.81,Heritage,Fort,"Sprawling Portuguese-era sea fort with 4.5 km of stone walls, ruined churches and bastions, once headquarters of the Portuguese in northern India.","fort,heritage,history,photography",25,3.0,"History buffs, photographers, families",1,25.0,4.4,9800.0,Morning,Year-round,Outdoor,No,0,Year-round,Moderate,Yes,No,1.2,2.3,Palghar.gov.in,https://palghar.gov.in/?p=27053,2026-09-23,25.0,3.0,0.0,1.2,2.3,,True,False,No,False,Outdoor,False,False,False,https://commons.wikimedia.org/wiki/Special:FilePath/Red%20Fort%20Delhi.jpg,"Wikimedia Commons - Red Fort, Delhi (representative Heritage/Fort/Architecture/Museum photo)"
MMR-031,Vasai Creek,Vasai,Palghar,Maharashtra,Mumbai,19.36,72.83,Nature,Creek,"Scenic inlet of the Arabian Sea connected to the mainland by railway bridges, offering picturesque views of surrounding wetlands.","creek,nature,photography,scenic",0,1.5,"Photographers, nature lovers",1,10.0,3.9,410.0,Evening,Year-round,Outdoor,No,0,Year-round,Easy,Yes,Yes,1.3,2.4,Housing.com,https://housing.com/news/places-to-visit-in-thane,2026-09-23,0.0,1.5,0.0,1.3,2.4,,True,True,No,False,Outdoor,False,False,False,https://commons.wikimedia.org/wiki/Special:FilePath/Western-Ghats-Matheran.jpg,"Wikimedia Commons - Western Ghats, Matheran (representative Nature/scenic photo)"
MMR-032,Arnala Beach,Virar,Palghar,Maharashtra,Mumbai,19.42,72.77,Beach,Coastal,"Coastal fishing village beach with casuarina groves, resorts and boat rides to the nearby island fort.","beach,coastal,family,local",0,3.0,"Families, beach lovers",1,15.0,4.0,3400.0,Morning,Year-round,Outdoor,No,0,Year-round,Easy,Yes,No,1.6,2.7,Palghar.gov.in,https://palghar.gov.in/?p=27053,2026-09-23,0.0,3.0,0.0,1.6,2.7,,True,False,No,False,Outdoor,False,False,False,https://commons.wikimedia.org/wiki/Special:FilePath/Deogad%20Beach%20in%20Sindhudurg%20district%20%2CKonkan%20region%20Maharashtra%2C%20India.JPG,"Wikimedia Commons - Deogad Beach, Sindhudurg, Konkan (representative Beach/Coastal photo)"
MMR-033,Arnala Fort,Virar,Palghar,Maharashtra,Mumbai,19.423,72.765,Heritage,Island Fort,"Island fort surrounded by sea water yet housing freshwater wells, reachable by a short boat ride from Arnala jetty.","fort,heritage,boat ride,hidden gem",50,2.5,"History buffs, adventure seekers",2,15.0,4.1,1500.0,Morning,Year-round,Outdoor,Yes,1,Year-round,Moderate,Yes,Yes,1.7,2.8,Palghar.gov.in,https://palghar.gov.in/tourist-places/page/2,2026-09-23,50.0,2.5,1.0,1.7,2.8,,True,True,Yes,True,Outdoor,False,False,False,https://commons.wikimedia.org/wiki/Special:FilePath/Red%20Fort%20Delhi.jpg,"Wikimedia Commons - Red Fort, Delhi (representative Heritage/Fort/Architecture/Museum photo)"
MMR-034,Suruchi Beach Vasai,Vasai,Palghar,Maharashtra,Mumbai,19.345,72.8,Beach,Coastal,"Clean, environment-friendly beach in Vasai Nagar, a quieter alternative to more crowded Mumbai beaches.","beach,coastal,clean,hidden gem",0,2.0,"Families, couples",1,10.0,4.0,620.0,Evening,Year-round,Outdoor,No,0,Year-round,Easy,Yes,Yes,1.3,2.4,Palghar.gov.in,https://palghar.gov.in/?p=3362,2026-09-23,0.0,2.0,0.0,1.3,2.4,,True,True,No,False,Outdoor,False,False,False,https://commons.wikimedia.org/wiki/Special:FilePath/Deogad%20Beach%20in%20Sindhudurg%20district%20%2CKonkan%20region%20Maharashtra%2C%20India.JPG,"Wikimedia Commons - Deogad Beach, Sindhudurg, Konkan (representative Beach/Coastal photo)"
MMR-035,Jivdani Temple Virar,Virar,Palghar,Maharashtra,Mumbai,19.455,72.81,Temple,Hilltop Temple,"Revered temple of Goddess Jivdani atop a hill reached via roughly 1375 steps, especially crowded during Navratri.","temple,trekking,religious,hilltop",0,3.0,"Devotees, trekkers",1,20.0,4.5,11200.0,Morning,Year-round,Outdoor,No,0,Year-round,Moderate,Yes,No,1.9,3.0,Wikipedia,https://www.wikipedia.org/wiki/Virar,2026-09-23,0.0,3.0,0.0,1.9,3.0,,True,False,No,False,Outdoor,False,False,False,https://commons.wikimedia.org/wiki/Special:FilePath/Khandoba%20temple%20Pune.jpg,"Wikimedia Commons - Khandoba Temple, Pune (representative Temple/Religious photo)"
MMR-036,Nirmal Tirtha Vasai,Vasai,Palghar,Maharashtra,Mumbai,19.37,72.82,Heritage,Spiritual Site,"Hillock spiritual site with a mausoleum and temple of Adyashankaracharya Vidyaranya Swami, offering a 360-degree view of the region.","heritage,spiritual,viewpoint,hidden gem",0,1.5,"Pilgrims, heritage lovers",1,10.0,4.0,290.0,Morning,Year-round,Outdoor,No,0,Year-round,Moderate,Yes,Yes,1.4,2.5,The Goan,https://www.thegoan.net/vasai-and-the-mini-goa/238.html,2026-09-23,0.0,1.5,0.0,1.4,2.5,,True,True,No,False,Outdoor,False,False,False,https://commons.wikimedia.org/wiki/Special:FilePath/Red%20Fort%20Delhi.jpg,"Wikimedia Commons - Red Fort, Delhi (representative Heritage/Fort/Architecture/Museum photo)"
MMR-037,Hira Dongari Dutta Temple,Giriz,Palghar,Maharashtra,Mumbai,19.39,72.83,Temple,Hilltop Temple,Charming hillock temple near Giriz village offering a vantage point over the entire Vasai region.,"temple,viewpoint,hidden gem,religious",0,1.5,"Devotees, photographers",1,10.0,3.9,180.0,Morning,Year-round,Outdoor,No,0,Year-round,Moderate,Yes,Yes,1.5,2.6,The Goan,https://www.thegoan.net/vasai-and-the-mini-goa/238.html,2026-09-23,0.0,1.5,0.0,1.5,2.6,,True,True,No,False,Outdoor,False,False,False,https://commons.wikimedia.org/wiki/Special:FilePath/Khandoba%20temple%20Pune.jpg,"Wikimedia Commons - Khandoba Temple, Pune (representative Temple/Religious photo)"
MMR-038,Nalasopara Buddha Stupa,Nalasopara,Palghar,Maharashtra,Mumbai,19.4167,72.8,Heritage,Buddhist Site,"Ancient Buddhist stupa site marking historic Sopara, once a major port town mentioned in Emperor Ashoka's edicts.","heritage,buddhist,history,archaeology",0,1.0,"History buffs, heritage lovers",1,15.0,3.8,340.0,Morning,Year-round,Outdoor,No,0,Year-round,Easy,Yes,Yes,1.6,2.7,The Goan,https://www.thegoan.net/vasai-and-the-mini-goa/238.html,2026-09-23,0.0,1.0,0.0,1.6,2.7,,True,True,No,False,Outdoor,False,False,False,https://commons.wikimedia.org/wiki/Special:FilePath/Red%20Fort%20Delhi.jpg,"Wikimedia Commons - Red Fort, Delhi (representative Heritage/Fort/Architecture/Museum photo)"
MMR-039,Yazoo Park Vasai,Vasai,Palghar,Maharashtra,Mumbai,19.38,72.83,Family,Water Park,"Family-friendly theme and water park near Vasai with rides, slides and pools for a full day out.","family,waterpark,fun,rides",700,5.0,"Families, kids",2,40.0,3.9,2600.0,Afternoon,Year-round,Outdoor,Yes,1,Year-round,Easy,No,No,1.5,2.6,Hotels.com,https://hotels.com/de10629421-th14/business-hotels-near-arnala-beach-virar-india,2026-09-23,700.0,5.0,1.0,1.5,2.6,,False,False,Yes,True,Outdoor,False,False,False,,No verified real photo found for this category - left blank
MMR-040,Rangaon Beach Vasai,Vasai,Palghar,Maharashtra,Mumbai,19.35,72.79,Beach,Coastal,"Peaceful, less-crowded beach stretch near Vasai popular with locals for evening walks.","beach,coastal,hidden gem,local",0,2.0,"Couples, locals",1,10.0,3.8,210.0,Evening,Year-round,Outdoor,No,0,Year-round,Easy,Yes,Yes,1.4,2.5,Local Knowledge,https://www.google.com/maps/search/Rangaon+Beach+Vasai,2026-09-23,0.0,2.0,0.0,1.4,2.5,,True,True,No,False,Outdoor,False,False,False,https://commons.wikimedia.org/wiki/Special:FilePath/Deogad%20Beach%20in%20Sindhudurg%20district%20%2CKonkan%20region%20Maharashtra%2C%20India.JPG,"Wikimedia Commons - Deogad Beach, Sindhudurg, Konkan (representative Beach/Coastal photo)"
MMR-041,Kelva Beach,Palghar,Palghar,Maharashtra,Mumbai,19.5667,72.7333,Beach,Coastal,"Pristine 8-km stretch of coastline shaded by casuarina trees, a favourite weekend getaway from Mumbai and Vasai-Virar.","beach,coastal,family,scenic",0,3.0,"Families, weekend travellers",1,20.0,4.2,4600.0,Morning,Year-round,Outdoor,No,0,Year-round,Easy,Yes,No,2.5,3.6,Palghar.gov.in,https://palghar.gov.in/?p=27053,2026-09-23,0.0,3.0,0.0,2.5,3.6,,True,False,No,False,Outdoor,False,False,False,https://commons.wikimedia.org/wiki/Special:FilePath/Deogad%20Beach%20in%20Sindhudurg%20district%20%2CKonkan%20region%20Maharashtra%2C%20India.JPG,"Wikimedia Commons - Deogad Beach, Sindhudurg, Konkan (representative Beach/Coastal photo)"
MMR-042,Kelva Fort,Palghar,Palghar,Maharashtra,Mumbai,19.57,72.73,Heritage,Fort,"16th-century Portuguese-built fort at the southern end of Kelva beach, a quiet historical counterpart to the popular beach.","fort,heritage,history,hidden gem",0,1.0,History buffs,1,10.0,3.9,320.0,Morning,Year-round,Outdoor,No,0,Year-round,Moderate,Yes,Yes,2.5,3.6,Palghar.gov.in,https://palghar.gov.in/?p=3362,2026-09-23,0.0,1.0,0.0,2.5,3.6,,True,True,No,False,Outdoor,False,False,False,https://commons.wikimedia.org/wiki/Special:FilePath/Red%20Fort%20Delhi.jpg,"Wikimedia Commons - Red Fort, Delhi (representative Heritage/Fort/Architecture/Museum photo)"
MMR-043,Shirgaon Beach and Fort,Palghar,Palghar,Maharashtra,Mumbai,19.6167,72.7333,Heritage,Coastal Fort,"Beachside Maratha-era fort near Shirgaon, combining a quiet coastal walk with a historic ruin visit.","fort,beach,heritage,hidden gem",0,1.5,"History buffs, beach lovers",1,10.0,3.8,270.0,Morning,Year-round,Outdoor,No,0,Year-round,Moderate,Yes,Yes,2.7,3.8,Palghar.gov.in,https://palghar.gov.in/?p=3362,2026-09-23,0.0,1.5,0.0,2.7,3.8,,True,True,No,False,Outdoor,False,False,False,https://commons.wikimedia.org/wiki/Special:FilePath/Red%20Fort%20Delhi.jpg,"Wikimedia Commons - Red Fort, Delhi (representative Heritage/Fort/Architecture/Museum photo)"
MMR-044,Satpati Beach,Palghar,Palghar,Maharashtra,Mumbai,19.65,72.75,Beach,Fishing Village,"One of Maharashtra's largest beaches and a hub of the local fishing industry, lined with palm trees and known for its tranquility.","beach,coastal,fishing,local",0,3.0,"Culture seekers, photographers",1,15.0,4.1,1800.0,Evening,Year-round,Outdoor,No,0,Year-round,Easy,Yes,No,2.9,4.0,Local Blog,https://dcmpx.remotevs.com/com/blogspot/purnatravels/PL/2011,2026-09-23,0.0,3.0,0.0,2.9,4.0,,True,False,No,False,Outdoor,False,False,False,https://commons.wikimedia.org/wiki/Special:FilePath/Deogad%20Beach%20in%20Sindhudurg%20district%20%2CKonkan%20region%20Maharashtra%2C%20India.JPG,"Wikimedia Commons - Deogad Beach, Sindhudurg, Konkan (representative Beach/Coastal photo)"
MMR-045,Tungareshwar Wildlife Sanctuary,Vasai,Palghar,Maharashtra,Mumbai,19.3833,72.9,Wildlife,Wildlife Sanctuary,"Forested sanctuary bordering Vasai with hiking trails, waterfalls and a temple, rich in birdlife and biodiversity.","wildlife,trekking,waterfalls,nature",50,4.0,"Trekkers, nature lovers",2,15.0,4.2,980.0,Monsoon mornings,Monsoon,Outdoor,Yes,2,Seasonal,Moderate,Yes,Yes,1.8,2.9,Local Knowledge,https://www.google.com/maps/search/Tungareshwar+Wildlife+Sanctuary,2026-09-23,50.0,4.0,2.0,1.8,2.9,,True,True,Yes,True,Outdoor,False,False,False,https://commons.wikimedia.org/wiki/Special:FilePath/Kaas%20Pathar%2C%20Satara%2C%20Maharashtra%2C%20India%20%282018%29%202.jpg,"Wikimedia Commons - Kaas Pathar, Satara (representative Nature/Wildlife photo)"
MMR-046,Chinchoti Waterfall,Vasai,Palghar,Maharashtra,Mumbai,19.3833,72.8833,Nature,Waterfall,"Popular monsoon waterfall inside Tungareshwar forest reached via a short trek, a favourite trekking and photography spot.","waterfall,trekking,monsoon,photography",30,3.0,"Trekkers, photographers",2,15.0,4.0,1300.0,Monsoon,Monsoon,Outdoor,No,0,Seasonal,Moderate,Yes,No,1.7,2.8,Local Knowledge,https://www.google.com/maps/search/Chinchoti+Waterfall+Vasai,2026-09-23,30.0,3.0,0.0,1.7,2.8,,True,False,No,False,Outdoor,False,False,False,https://commons.wikimedia.org/wiki/Special:FilePath/Western-Ghats-Matheran.jpg,"Wikimedia Commons - Western Ghats, Matheran (representative Nature/scenic photo)"
MMR-047,Kamandurg Fort,Vasai,Palghar,Maharashtra,Mumbai,19.39,72.86,Heritage,Hill Fort,Lesser-known hill fort near Vasai offering a moderate trek and views over the Tungareshwar forest range.,"fort,trekking,hidden gem,adventure",0,4.0,"Trekkers, adventure seekers",3,15.0,4.0,240.0,Early morning,Monsoon,Outdoor,No,0,Seasonal,Difficult,Yes,Yes,1.7,2.8,Local Knowledge,https://www.google.com/maps/search/Kamandurg+Fort,2026-09-23,0.0,4.0,0.0,1.7,2.8,,True,True,No,False,Outdoor,False,False,False,https://commons.wikimedia.org/wiki/Special:FilePath/Red%20Fort%20Delhi.jpg,"Wikimedia Commons - Red Fort, Delhi (representative Heritage/Fort/Architecture/Museum photo)"
MMR-048,Naigaon Beach,Naigaon,Palghar,Maharashtra,Mumbai,19.35,72.8,Beach,Coastal,"Quiet neighbourhood beach near Naigaon railway station, popular with local families for evening outings.","beach,coastal,local,family",0,1.5,"Families, locals",1,10.0,3.7,180.0,Evening,Year-round,Outdoor,No,0,Year-round,Easy,Yes,Yes,1.4,2.5,Local Knowledge,https://www.google.com/maps/search/Naigaon+Beach,2026-09-23,0.0,1.5,0.0,1.4,2.5,,True,True,No,False,Outdoor,False,False,False,https://commons.wikimedia.org/wiki/Special:FilePath/Deogad%20Beach%20in%20Sindhudurg%20district%20%2CKonkan%20region%20Maharashtra%2C%20India.JPG,"Wikimedia Commons - Deogad Beach, Sindhudurg, Konkan (representative Beach/Coastal photo)"
MMR-049,Bassein Road Portuguese Church Ruins,Vasai,Palghar,Maharashtra,Mumbai,19.345,72.815,Heritage,Church Ruins,"Scattered ruins of Portuguese-era churches around old Vasai, evocative reminders of the region's colonial history.","heritage,church,ruins,photography",0,1.0,"Heritage lovers, photographers",1,10.0,3.8,150.0,Morning,Year-round,Outdoor,No,0,Year-round,Moderate,Yes,Yes,1.2,2.3,The Goan,https://www.thegoan.net/vasai-and-the-mini-goa/238.html,2026-09-23,0.0,1.0,0.0,1.2,2.3,,True,True,No,False,Outdoor,False,False,False,https://commons.wikimedia.org/wiki/Special:FilePath/Red%20Fort%20Delhi.jpg,"Wikimedia Commons - Red Fort, Delhi (representative Heritage/Fort/Architecture/Museum photo)"
MMR-050,Manikpur Mangrove Creek,Virar,Palghar,Maharashtra,Mumbai,19.44,72.81,Nature,Mangroves,"Offbeat mangrove creek stretch near Virar, good for a quiet birdwatching and photography outing.","mangroves,birdwatching,hidden gem,photography",0,1.5,"Birders, photographers",1,8.0,3.7,90.0,Morning,Year-round,Outdoor,No,0,Year-round,Easy,Yes,Yes,1.9,3.0,Local Knowledge,https://www.google.com/maps/search/Manikpur+Virar+mangroves,2026-09-23,0.0,1.5,0.0,1.9,3.0,,True,True,No,False,Outdoor,False,False,False,https://commons.wikimedia.org/wiki/Special:FilePath/Western-Ghats-Matheran.jpg,"Wikimedia Commons - Western Ghats, Matheran (representative Nature/scenic photo)"
MMR-051,Papdi Chowpatty,Vasai,Palghar,Maharashtra,Mumbai,19.36,72.81,Beach,Coastal,Local chowpatty-style beach hangout near Papdi with street-food stalls in the evenings.,"beach,food,local,evening",0,1.5,"Locals, families",1,10.0,3.7,220.0,Evening,Year-round,Outdoor,No,0,Year-round,Easy,Yes,Yes,1.3,2.4,Local Knowledge,https://www.google.com/maps/search/Papdi+Chowpatty+Vasai,2026-09-23,0.0,1.5,0.0,1.3,2.4,,True,True,No,False,Outdoor,False,False,False,https://commons.wikimedia.org/wiki/Special:FilePath/Deogad%20Beach%20in%20Sindhudurg%20district%20%2CKonkan%20region%20Maharashtra%2C%20India.JPG,"Wikimedia Commons - Deogad Beach, Sindhudurg, Konkan (representative Beach/Coastal photo)"
MMR-052,Bolinj Beach,Vasai,Palghar,Maharashtra,Mumbai,19.39,72.79,Beach,Coastal,"Small, relatively undiscovered beach near Bolinj village, offering an unspoiled coastal experience.","beach,coastal,hidden gem",0,2.0,"Couples, photographers",1,8.0,3.8,160.0,Evening,Year-round,Outdoor,No,0,Year-round,Easy,Yes,Yes,1.6,2.7,Local Knowledge,https://www.google.com/maps/search/Bolinj+Beach,2026-09-23,0.0,2.0,0.0,1.6,2.7,,True,True,No,False,Outdoor,False,False,False,https://commons.wikimedia.org/wiki/Special:FilePath/Deogad%20Beach%20in%20Sindhudurg%20district%20%2CKonkan%20region%20Maharashtra%2C%20India.JPG,"Wikimedia Commons - Deogad Beach, Sindhudurg, Konkan (representative Beach/Coastal photo)"
MMR-053,Rajodi Beach,Virar,Palghar,Maharashtra,Mumbai,19.46,72.78,Beach,Coastal,"Secluded beach near Virar with dramatic tides, favoured by a small circle of local photographers and campers.","beach,coastal,hidden gem,photography",0,2.5,"Photographers, adventure seekers",1,10.0,3.9,140.0,Evening,Year-round,Outdoor,No,0,Year-round,Moderate,Yes,Yes,2.0,3.1,Local Knowledge,https://www.google.com/maps/search/Rajodi+Beach+Virar,2026-09-23,0.0,2.5,0.0,2.0,3.1,,True,True,No,False,Outdoor,False,False,False,https://commons.wikimedia.org/wiki/Special:FilePath/Deogad%20Beach%20in%20Sindhudurg%20district%20%2CKonkan%20region%20Maharashtra%2C%20India.JPG,"Wikimedia Commons - Deogad Beach, Sindhudurg, Konkan (representative Beach/Coastal photo)"
MMR-054,Dativare Beach,Palghar,Palghar,Maharashtra,Mumbai,19.49,72.75,Beach,Coastal,"Remote fishing-hamlet beach on the Vasai-Palghar coastline, largely undiscovered by mainstream tourists.","beach,coastal,hidden gem,fishing village",0,2.0,"Explorers, photographers",1,8.0,3.7,80.0,Evening,Year-round,Outdoor,No,0,Year-round,Moderate,Yes,Yes,2.2,3.3,Local Knowledge,https://www.google.com/maps/search/Dativare+Beach,2026-09-23,0.0,2.0,0.0,2.2,3.3,,True,True,No,False,Outdoor,False,False,False,https://commons.wikimedia.org/wiki/Special:FilePath/Deogad%20Beach%20in%20Sindhudurg%20district%20%2CKonkan%20region%20Maharashtra%2C%20India.JPG,"Wikimedia Commons - Deogad Beach, Sindhudurg, Konkan (representative Beach/Coastal photo)"
MMR-055,Vajreshwari Temple and Hot Springs,Bhiwandi,Thane,Maharashtra,Mumbai,19.3667,73.0333,Temple,Hot Springs & Temple,"Ancient temple and sulphur hot-water springs believed blessed by Lord Rama, a popular pilgrimage and wellness stop.","temple,hot springs,religious,wellness",0,2.0,"Pilgrims, wellness seekers",1,20.0,4.2,2600.0,Morning,Year-round,Mixed,No,0,Year-round,Easy,Yes,No,1.4,2.5,Local Blog,https://dcmpx.remotevs.com/com/blogspot/purnatravels/PL/2011,2026-09-23,0.0,2.0,0.0,1.4,2.5,,True,False,No,False,Mixed,False,False,False,https://commons.wikimedia.org/wiki/Special:FilePath/Khandoba%20temple%20Pune.jpg,"Wikimedia Commons - Khandoba Temple, Pune (representative Temple/Religious photo)"
MMR-056,Ganeshpuri Temple and Hot Springs,Bhiwandi,Thane,Maharashtra,Mumbai,19.3833,73.0167,Temple,Hot Springs & Temple,Spiritual town near Vajreshwari known for its ashrams and natural hot-water springs frequented for their healing properties.,"temple,hot springs,spiritual,wellness",0,2.0,"Pilgrims, wellness seekers",1,20.0,4.2,1900.0,Morning,Year-round,Mixed,No,0,Year-round,Easy,Yes,No,1.5,2.6,Local Knowledge,https://www.google.com/maps/search/Ganeshpuri+Temple,2026-09-23,0.0,2.0,0.0,1.5,2.6,,True,False,No,False,Mixed,False,False,False,https://commons.wikimedia.org/wiki/Special:FilePath/Khandoba%20temple%20Pune.jpg,"Wikimedia Commons - Khandoba Temple, Pune (representative Temple/Religious photo)"
MMR-057,Akloli Hot Water Springs,Bhiwandi,Thane,Maharashtra,Mumbai,19.39,73.01,Nature,Hot Springs,"Cluster of natural sulphur hot-water springs near Ganeshpuri, a local favourite for a relaxing soak.","hot springs,wellness,local,nature",50,1.5,"Wellness seekers, locals",1,15.0,4.0,850.0,Morning,Year-round,Outdoor,No,0,Year-round,Easy,Yes,Yes,1.6,2.7,Local Knowledge,https://www.google.com/maps/search/Akloli+Hot+Springs,2026-09-23,50.0,1.5,0.0,1.6,2.7,,True,True,No,False,Outdoor,False,False,False,https://commons.wikimedia.org/wiki/Special:FilePath/Western-Ghats-Matheran.jpg,"Wikimedia Commons - Western Ghats, Matheran (representative Nature/scenic photo)"
MMR-058,Kalher Ram Mandir,Bhiwandi,Thane,Maharashtra,Mumbai,19.2833,73.05,Temple,Heritage Temple,"Historic Ram temple in Kalher village near Bhiwandi, a quiet local pilgrimage site off the usual tourist circuit.","temple,heritage,religious,hidden gem",0,1.0,"Devotees, heritage lovers",1,15.0,4.0,410.0,Morning,Year-round,Mixed,No,0,Year-round,Easy,Yes,Yes,1.3,2.4,Local Knowledge,https://www.google.com/maps/search/Kalher+Ram+Mandir+Bhiwandi,2026-09-23,0.0,1.0,0.0,1.3,2.4,,True,True,No,False,Mixed,False,False,False,https://commons.wikimedia.org/wiki/Special:FilePath/Khandoba%20temple%20Pune.jpg,"Wikimedia Commons - Khandoba Temple, Pune (representative Temple/Religious photo)"
MMR-059,Anjurphata Balaji Temple,Bhiwandi,Thane,Maharashtra,Mumbai,19.29,73.06,Temple,Heritage Temple,"Balaji temple along the Mumbai-Nashik highway near Bhiwandi, popular with commuting devotees for a quick darshan.","temple,religious,local",0,0.5,Devotees,1,20.0,4.1,720.0,Morning,Year-round,Mixed,No,0,Year-round,Easy,Yes,No,1.4,2.5,Local Knowledge,https://www.google.com/maps/search/Anjurphata+Balaji+Temple,2026-09-23,0.0,0.5,0.0,1.4,2.5,,True,False,No,False,Mixed,False,False,False,https://commons.wikimedia.org/wiki/Special:FilePath/Khandoba%20temple%20Pune.jpg,"Wikimedia Commons - Khandoba Temple, Pune (representative Temple/Religious photo)"
MMR-060,Durgadi Fort,Kalyan,Thane,Maharashtra,Mumbai,19.245,73.155,Heritage,Fort,"17th-century fort linked to Kalyan's old trade and defence routes, notable for the Durgadi Temple inside its premises.","fort,heritage,history,temple",0,1.5,"History buffs, families",1,20.0,4.2,3800.0,Morning,Year-round,Outdoor,No,0,Year-round,Easy,Yes,No,1.5,2.6,SOTC Blog,https://travel.hotelscombined.ca/Place/Kalyan.htm,2026-09-23,0.0,1.5,0.0,1.5,2.6,,True,False,No,False,Outdoor,False,False,False,https://commons.wikimedia.org/wiki/Special:FilePath/Red%20Fort%20Delhi.jpg,"Wikimedia Commons - Red Fort, Delhi (representative Heritage/Fort/Architecture/Museum photo)"
MMR-061,Kala Talao Lake,Kalyan,Thane,Maharashtra,Mumbai,19.24,73.13,Nature,Lake,"Popular Kalyan lake known for its evening musical fountain and light display, a favourite local gathering spot.","lake,evening,culture,local",0,1.5,"Families, locals",1,15.0,4.1,2900.0,Evening,Year-round,Outdoor,No,0,Year-round,Easy,Yes,No,1.4,2.5,Hotelscombined,https://travel.hotelscombined.ca/Place/Kalyan.htm,2026-09-23,0.0,1.5,0.0,1.4,2.5,,True,False,No,False,Outdoor,False,False,False,https://commons.wikimedia.org/wiki/Special:FilePath/Western-Ghats-Matheran.jpg,"Wikimedia Commons - Western Ghats, Matheran (representative Nature/scenic photo)"
MMR-062,Malanggad Fort (Haji Malang),Kalyan,Thane,Maharashtra,Mumbai,19.15,73.198,Heritage,Fort & Pilgrimage,"Spiritual and trekking landmark near Kalyan combining a challenging climb with a revered dargah, popular with devotees and trekkers alike.","fort,trekking,pilgrimage,adventure",0,5.0,"Trekkers, pilgrims",2,20.0,4.2,5600.0,Early morning,Winter,Outdoor,No,0,Year-round,Difficult,Yes,No,1.9,2.6,SOTC Blog,https://www.sotc.in/blog/?p=21501,2026-09-23,0.0,5.0,0.0,1.9,2.6,,True,False,No,False,Outdoor,False,False,False,https://commons.wikimedia.org/wiki/Special:FilePath/Red%20Fort%20Delhi.jpg,"Wikimedia Commons - Red Fort, Delhi (representative Heritage/Fort/Architecture/Museum photo)"
MMR-063,Birla Mandir Shahad,Shahad,Thane,Maharashtra,Mumbai,19.26,73.16,Temple,Heritage Temple,"Peaceful stone-architecture temple dedicated to Lord Vithoba and Goddess Rukmini, suitable for a calm family visit.","temple,architecture,religious,family",0,1.0,"Devotees, families",1,20.0,4.3,1100.0,Morning,Year-round,Mixed,No,0,Year-round,Easy,Yes,No,1.6,2.7,SOTC Blog,https://www.sotc.in/blog/?p=21501,2026-09-23,0.0,1.0,0.0,1.6,2.7,,True,False,No,False,Mixed,False,False,False,https://commons.wikimedia.org/wiki/Special:FilePath/Khandoba%20temple%20Pune.jpg,"Wikimedia Commons - Khandoba Temple, Pune (representative Temple/Religious photo)"
MMR-064,Ganesh Ghat Kalyan,Kalyan,Thane,Maharashtra,Mumbai,19.247,73.156,Nature,Riverside,"Simple riverside ghat near Durgadi offering an authentic local view of the city, best visited at sunset.","riverside,local,sunset,hidden gem",0,1.0,"Locals, photographers",1,10.0,3.8,290.0,Evening,Year-round,Outdoor,No,0,Year-round,Easy,Yes,Yes,1.5,2.6,SOTC Blog,https://www.sotc.in/blog/?p=21501,2026-09-23,0.0,1.0,0.0,1.5,2.6,,True,True,No,False,Outdoor,False,False,False,https://commons.wikimedia.org/wiki/Special:FilePath/Western-Ghats-Matheran.jpg,"Wikimedia Commons - Western Ghats, Matheran (representative Nature/scenic photo)"
MMR-065,Titwala Ganesh Mandir,Titwala,Thane,Maharashtra,Mumbai,19.335,73.2,Temple,Pilgrimage Temple,"Widely revered Mahaganapati temple believed to grant wishes for marriage, drawing devotees from across the region.","temple,pilgrimage,religious,culture",0,1.5,"Devotees, families",1,25.0,4.4,6200.0,Morning,Year-round,Mixed,No,0,Year-round,Easy,Yes,No,2.1,2.8,Expedia,https://www.expedia.co.in/Kalyan.dx3000004565,2026-09-23,0.0,1.5,0.0,2.1,2.8,,True,False,No,False,Mixed,False,False,False,https://commons.wikimedia.org/wiki/Special:FilePath/Khandoba%20temple%20Pune.jpg,"Wikimedia Commons - Khandoba Temple, Pune (representative Temple/Religious photo)"
MMR-066,Kalyan Fort,Kalyan,Thane,Maharashtra,Mumbai,19.245,73.135,Heritage,Fort Ruins,Old fort ruins in central Kalyan reflecting the town's strategic importance through Gujarat Sultanate and Maratha rule.,"fort,heritage,history,hidden gem",0,1.0,History buffs,1,15.0,3.9,410.0,Morning,Year-round,Outdoor,No,0,Year-round,Moderate,Yes,Yes,1.4,2.5,Local Heritage Blog,https://openpension.ctdata.org/kalyan-thane-district,2026-09-23,0.0,1.0,0.0,1.4,2.5,,True,True,No,False,Outdoor,False,False,False,https://commons.wikimedia.org/wiki/Special:FilePath/Red%20Fort%20Delhi.jpg,"Wikimedia Commons - Red Fort, Delhi (representative Heritage/Fort/Architecture/Museum photo)"
MMR-067,Dombivli Sridhar Talao,Dombivli,Thane,Maharashtra,Mumbai,19.217,73.093,Nature,Lake,Neighbourhood lake in Dombivli offering a peaceful walking track and evening gathering spot for residents.,"lake,local,walking,evening",0,1.0,"Locals, families",1,10.0,4.0,980.0,Evening,Year-round,Outdoor,No,0,Year-round,Easy,Yes,No,1.2,2.3,Local Heritage Blog,https://openpension.ctdata.org/kalyan-thane-district,2026-09-23,0.0,1.0,0.0,1.2,2.3,,True,False,No,False,Outdoor,False,False,False,https://commons.wikimedia.org/wiki/Special:FilePath/Western-Ghats-Matheran.jpg,"Wikimedia Commons - Western Ghats, Matheran (representative Nature/scenic photo)"
MMR-068,Manda Fort Trek,Kalyan,Thane,Maharashtra,Mumbai,19.19,73.17,Heritage,Hill Fort,Lesser-visited hill fort near Kalyan offering a moderate trek and quiet ruins away from crowded trekking spots.,"fort,trekking,hidden gem,adventure",0,4.0,Trekkers,2,15.0,3.9,180.0,Early morning,Winter,Outdoor,No,0,Seasonal,Difficult,Yes,Yes,1.7,2.4,Local Knowledge,https://www.google.com/maps/search/Manda+Fort+Kalyan,2026-09-23,0.0,4.0,0.0,1.7,2.4,,True,True,No,False,Outdoor,False,False,False,https://commons.wikimedia.org/wiki/Special:FilePath/Red%20Fort%20Delhi.jpg,"Wikimedia Commons - Red Fort, Delhi (representative Heritage/Fort/Architecture/Museum photo)"
MMR-069,Metro Junction Mall,Kalyan,Thane,Maharashtra,Mumbai,19.235,73.13,Local Experience,Shopping & Food,"Convenient shopping and dining stop in Kalyan, good for pairing with a Kala Talao or Durgadi Fort visit.","shopping,food,family,indoor",0,3.0,"Families, shoppers",1,10.0,4.1,4200.0,Evening,Year-round,Indoor,No,0,Year-round,Easy,Yes,No,1.4,2.5,SOTC Blog,https://www.sotc.in/blog/?p=21501,2026-09-23,0.0,3.0,0.0,1.4,2.5,,True,False,No,False,Indoor,False,False,False,,No verified real photo found for this category - left blank
MMR-070,Vishnu Baug Eco Park,Dombivli,Thane,Maharashtra,Mumbai,19.215,73.085,Family,Eco Park,"Family-friendly eco-tourism theme park in Dombivli with gardens, small rides and nature-based activities.","family,eco park,nature,kids",100,3.0,"Families, kids",2,30.0,3.9,1300.0,Morning,Year-round,Outdoor,No,0,Year-round,Easy,No,No,1.1,2.2,Motoshare Blog,https://www.rajeshkumar.xyz/blog/?p=411,2026-09-23,100.0,3.0,0.0,1.1,2.2,,False,False,No,False,Outdoor,False,False,False,,No verified real photo found for this category - left blank
MMR-071,Ambernath Ancient Shiva Temple,Ambernath,Thane,Maharashtra,Mumbai,19.1867,73.19,Temple,Heritage Temple,"11th-century Ambreshwar Shiva temple with intricate stone carvings, one of the finest surviving examples of ancient temple architecture in the region.","temple,heritage,architecture,religious",0,1.0,"Heritage lovers, devotees",1,20.0,4.5,4100.0,Morning,Year-round,Mixed,No,0,Year-round,Easy,Yes,No,2.1,2.9,Testingtscl Blog,https://testingtscl.oasys.co/category/places-in-thane/page/2,2026-09-23,0.0,1.0,0.0,2.1,2.9,,True,False,No,False,Mixed,False,False,False,https://commons.wikimedia.org/wiki/Special:FilePath/Khandoba%20temple%20Pune.jpg,"Wikimedia Commons - Khandoba Temple, Pune (representative Temple/Religious photo)"
MMR-072,Barvi Dam,Badlapur,Thane,Maharashtra,Mumbai,19.14,73.25,Nature,Dam & Reservoir,"Large reservoir near Badlapur surrounded by hills, popular for picnics, birdwatching and scenic drives.","dam,nature,picnic,scenic",0,2.5,"Families, picnickers",1,15.0,4.0,890.0,Morning,Year-round,Outdoor,No,0,Year-round,Easy,Yes,Yes,2.4,3.2,Wikivoyage,https://kwx.liehendr.com/content/wikivoyage_en_all_maxi_2025-02/A/Badlapur,2026-09-23,0.0,2.5,0.0,2.4,3.2,,True,True,No,False,Outdoor,False,False,False,https://commons.wikimedia.org/wiki/Special:FilePath/Western-Ghats-Matheran.jpg,"Wikimedia Commons - Western Ghats, Matheran (representative Nature/scenic photo)"
MMR-073,Kondeshwar Temple and Waterfall,Badlapur,Thane,Maharashtra,Mumbai,19.15,73.27,Nature,Waterfall & Temple,"Ancient Shiva temple set beside a scenic monsoon waterfall and pond deep in forest, best visited with a guide during monsoon.","waterfall,temple,trekking,monsoon",0,3.0,"Trekkers, devotees",2,15.0,4.1,1400.0,Monsoon,Monsoon,Outdoor,No,0,Seasonal,Moderate,Yes,No,2.5,3.3,Sygic Travel Guide,https://guides.travel.sygic.com/production/en/Badlapur,2026-09-23,0.0,3.0,0.0,2.5,3.3,,True,False,No,False,Outdoor,False,False,False,https://commons.wikimedia.org/wiki/Special:FilePath/Western-Ghats-Matheran.jpg,"Wikimedia Commons - Western Ghats, Matheran (representative Nature/scenic photo)"
MMR-074,Gajanan Maharaj Temple Kanhor,Badlapur,Thane,Maharashtra,Mumbai,19.155,73.25,Temple,Hillock Temple,Serene Sant Gajanan Maharaj temple on a small hillock outside Badlapur village surrounded by fields and greenery.,"temple,nature,religious,hidden gem",0,1.0,"Devotees, nature lovers",1,15.0,4.0,320.0,Morning,Year-round,Mixed,No,0,Year-round,Easy,Yes,Yes,2.4,3.2,Sygic Travel Guide,https://guides.travel.sygic.com/production/en/Badlapur,2026-09-23,0.0,1.0,0.0,2.4,3.2,,True,True,No,False,Mixed,False,False,False,https://commons.wikimedia.org/wiki/Special:FilePath/Khandoba%20temple%20Pune.jpg,"Wikimedia Commons - Khandoba Temple, Pune (representative Temple/Religious photo)"
MMR-075,Moolgaon Khandoba Temple,Badlapur,Thane,Maharashtra,Mumbai,19.16,73.24,Temple,Heritage Temple,"Temple of Lord Khandoba offering panoramic views of Badlapur, Kulgaon and Vangani, best visited September to November.","temple,viewpoint,religious,hidden gem",0,1.5,"Devotees, photographers",1,10.0,3.9,210.0,Morning,Sep-Nov,Mixed,No,0,Seasonal,Moderate,Yes,Yes,2.3,3.1,Sygic Travel Guide,https://guides.travel.sygic.com/production/en/Badlapur,2026-09-23,0.0,1.5,0.0,2.3,3.1,,True,True,No,False,Mixed,False,False,False,https://commons.wikimedia.org/wiki/Special:FilePath/Khandoba%20temple%20Pune.jpg,"Wikimedia Commons - Khandoba Temple, Pune (representative Temple/Religious photo)"
MMR-076,Bhoj Dam,Badlapur,Thane,Maharashtra,Mumbai,19.145,73.26,Nature,Dam & Resort,Scenic dam near Kondeshwar Road offering a resort-style picnic experience with camping and rain-dance facilities.,"dam,picnic,nature,family",300,3.0,"Families, groups",4,30.0,3.8,560.0,Monsoon,Monsoon,Outdoor,Yes,1,Seasonal,Easy,No,Yes,2.5,3.3,Sygic Travel Guide,https://guides.travel.sygic.com/production/en/Badlapur,2026-09-23,300.0,3.0,1.0,2.5,3.3,,False,True,Yes,True,Outdoor,False,False,False,https://commons.wikimedia.org/wiki/Special:FilePath/Western-Ghats-Matheran.jpg,"Wikimedia Commons - Western Ghats, Matheran (representative Nature/scenic photo)"
MMR-077,Ulhas River Ghats Badlapur,Badlapur,Thane,Maharashtra,Mumbai,19.1667,73.2333,Nature,Riverside,"Popular riverside spots along the Ulhas River in Badlapur where locals swim, picnic and relax on weekends.","river,swimming,local,picnic",0,2.0,"Families, locals",1,15.0,3.8,640.0,Weekend,Year-round,Outdoor,No,0,Year-round,Moderate,Yes,No,2.3,3.1,Wikivoyage,https://kwx.liehendr.com/content/wikivoyage_en_all_maxi_2025-02/A/Badlapur,2026-09-23,0.0,2.0,0.0,2.3,3.1,,True,False,No,False,Outdoor,False,False,False,https://commons.wikimedia.org/wiki/Special:FilePath/Western-Ghats-Matheran.jpg,"Wikimedia Commons - Western Ghats, Matheran (representative Nature/scenic photo)"
MMR-078,Gorakhgad Fort Trek,Murbad,Thane,Maharashtra,Mumbai,19.4667,73.3833,Heritage,Fort & Trekking,"Iconic twin-peaked hill fort near Murbad, a favourite weekend trekking destination for Mumbai and Thane-based hikers.","trekking,fort,adventure,hidden gem",0,6.0,Serious trekkers,4,20.0,4.5,2100.0,Early morning,Winter,Outdoor,No,0,Seasonal,Difficult,Yes,No,2.8,3.6,Local Trekking Community,https://www.google.com/maps/search/Gorakhgad+Fort+Murbad,2026-09-23,0.0,6.0,0.0,2.8,3.6,,True,False,No,False,Outdoor,False,False,False,https://commons.wikimedia.org/wiki/Special:FilePath/Red%20Fort%20Delhi.jpg,"Wikimedia Commons - Red Fort, Delhi (representative Heritage/Fort/Architecture/Museum photo)"
MMR-079,Bhatsa River Valley Viewpoint,Shahapur,Thane,Maharashtra,Mumbai,19.5,73.35,Nature,Viewpoint,"Sweeping valley viewpoint overlooking the Bhatsa river and dam, especially dramatic during the monsoon mist.","viewpoint,scenic,monsoon,photography",0,2.0,"Photographers, road-trippers",1,15.0,4.2,780.0,Monsoon,Monsoon,Outdoor,No,0,Seasonal,Easy,Yes,Yes,2.6,3.4,Local Knowledge,https://www.google.com/maps/search/Bhatsa+River+Valley,2026-09-23,0.0,2.0,0.0,2.6,3.4,,True,True,No,False,Outdoor,False,False,False,https://commons.wikimedia.org/wiki/Special:FilePath/Western-Ghats-Matheran.jpg,"Wikimedia Commons - Western Ghats, Matheran (representative Nature/scenic photo)"
MMR-080,Khardi Waterfalls,Shahapur,Thane,Maharashtra,Mumbai,19.5667,73.4167,Nature,Waterfall,"Roadside monsoon waterfalls along the Mumbai-Nashik highway near Khardi, a quick and scenic monsoon stop.","waterfall,monsoon,scenic,roadtrip",0,1.5,"Road-trippers, photographers",1,15.0,4.0,940.0,Monsoon,Monsoon,Outdoor,No,0,Seasonal,Easy,Yes,No,3.0,3.8,Local Knowledge,https://www.google.com/maps/search/Khardi+Waterfalls,2026-09-23,0.0,1.5,0.0,3.0,3.8,,True,False,No,False,Outdoor,False,False,False,https://commons.wikimedia.org/wiki/Special:FilePath/Western-Ghats-Matheran.jpg,"Wikimedia Commons - Western Ghats, Matheran (representative Nature/scenic photo)"
MMR-081,Tandulwadi Fort,Wada,Palghar,Maharashtra,Mumbai,19.5833,73.1167,Heritage,Hill Fort,Remote hill fort near Wada offering a moderate trek and sweeping views over the surrounding Palghar countryside.,"fort,trekking,hidden gem,adventure",0,4.0,Trekkers,3,15.0,4.0,190.0,Early morning,Winter,Outdoor,No,0,Seasonal,Difficult,Yes,Yes,3.2,3.9,Local Trekking Community,https://www.google.com/maps/search/Tandulwadi+Fort+Wada,2026-09-23,0.0,4.0,0.0,3.2,3.9,,True,True,No,False,Outdoor,False,False,False,https://commons.wikimedia.org/wiki/Special:FilePath/Red%20Fort%20Delhi.jpg,"Wikimedia Commons - Red Fort, Delhi (representative Heritage/Fort/Architecture/Museum photo)"
MMR-082,Barvi Backwaters Bird Watching,Badlapur,Thane,Maharashtra,Mumbai,19.15,73.26,Wildlife,Bird Watching,"Backwater stretch of Barvi Dam attracting resident and migratory waterbirds, a peaceful spot for early-morning birding.","birdwatching,wildlife,nature,photography",0,2.0,"Birders, photographers",1,10.0,4.0,260.0,Early morning,Winter,Outdoor,No,0,Seasonal,Moderate,Yes,Yes,2.4,3.2,Local Knowledge,https://www.google.com/maps/search/Barvi+Dam+backwaters,2026-09-23,0.0,2.0,0.0,2.4,3.2,,True,True,No,False,Outdoor,False,False,False,https://commons.wikimedia.org/wiki/Special:FilePath/Kaas%20Pathar%2C%20Satara%2C%20Maharashtra%2C%20India%20%282018%29%202.jpg,"Wikimedia Commons - Kaas Pathar, Satara (representative Nature/Wildlife photo)"
MMR-083,Vihigaon Waterfall,Shahapur,Thane,Maharashtra,Mumbai,19.65,73.47,Nature,Waterfall,"Well-known monsoon waterfall near the Thane-Nashik border, popular for rappelling and trekking activities.","waterfall,trekking,adventure,monsoon",200,3.0,"Adventure seekers, trekkers",4,20.0,4.2,1600.0,Monsoon,Monsoon,Outdoor,Yes,2,Seasonal,Moderate,Yes,No,3.3,4.0,Local Trekking Community,https://www.google.com/maps/search/Vihigaon+Waterfall,2026-09-23,200.0,3.0,2.0,3.3,4.0,,True,False,Yes,True,Outdoor,False,False,False,https://commons.wikimedia.org/wiki/Special:FilePath/Western-Ghats-Matheran.jpg,"Wikimedia Commons - Western Ghats, Matheran (representative Nature/scenic photo)"
MMR-084,Aine Waterfall,Shahapur,Thane,Maharashtra,Mumbai,19.55,73.38,Nature,Waterfall,"Quiet forest waterfall near Shahapur, less commercial than nearby Vihigaon, favoured by small trekking groups.","waterfall,trekking,hidden gem,monsoon",0,3.0,"Trekkers, nature lovers",2,15.0,4.0,220.0,Monsoon,Monsoon,Outdoor,No,0,Seasonal,Moderate,Yes,Yes,2.9,3.7,Local Knowledge,https://www.google.com/maps/search/Aine+Waterfall+Shahapur,2026-09-23,0.0,3.0,0.0,2.9,3.7,,True,True,No,False,Outdoor,False,False,False,https://commons.wikimedia.org/wiki/Special:FilePath/Western-Ghats-Matheran.jpg,"Wikimedia Commons - Western Ghats, Matheran (representative Nature/scenic photo)"
MMR-085,Sindhi Camp Market,Ulhasnagar,Thane,Maharashtra,Mumbai,19.2215,73.1645,Local Experience,Market & Food,"Vibrant market area reflecting Ulhasnagar's Sindhi heritage, famous for bargain shopping and Sindhi street food.","market,food,culture,shopping",0,2.5,"Foodies, shoppers, culture seekers",1,10.0,4.1,3200.0,Afternoon,Year-round,Outdoor,No,0,Year-round,Easy,Yes,No,1.7,2.4,Local Knowledge,https://www.google.com/maps/search/Sindhi+Camp+Market+Ulhasnagar,2026-09-23,0.0,2.5,0.0,1.7,2.4,,True,False,No,False,Outdoor,False,False,False,,No verified real photo found for this category - left blank
MMR-086,Central Park Ulhasnagar,Ulhasnagar,Thane,Maharashtra,Mumbai,19.21,73.15,Nature,City Park,"Green public park in the heart of Ulhasnagar, popular for morning walks and family evenings.","park,family,walking,local",0,1.0,"Families, locals",1,15.0,3.9,1100.0,Evening,Year-round,Outdoor,No,0,Year-round,Easy,Yes,No,1.6,2.3,Local Knowledge,https://www.google.com/maps/search/Central+Park+Ulhasnagar,2026-09-23,0.0,1.0,0.0,1.6,2.3,,True,False,No,False,Outdoor,False,False,False,https://commons.wikimedia.org/wiki/Special:FilePath/Western-Ghats-Matheran.jpg,"Wikimedia Commons - Western Ghats, Matheran (representative Nature/scenic photo)"
MMR-087,Nehru Chowk Heritage Area,Ulhasnagar,Thane,Maharashtra,Mumbai,19.218,73.16,Heritage,Local Heritage Area,"Historic commercial hub of Ulhasnagar tracing back to the post-Partition Sindhi settlement, offering a genuine slice of local culture.","heritage,culture,local,history",0,1.5,"Culture seekers, photographers",1,10.0,3.8,480.0,Afternoon,Year-round,Outdoor,No,0,Year-round,Easy,Yes,Yes,1.7,2.4,Local Knowledge,https://www.google.com/maps/search/Nehru+Chowk+Ulhasnagar,2026-09-23,0.0,1.5,0.0,1.7,2.4,,True,True,No,False,Outdoor,False,False,False,https://commons.wikimedia.org/wiki/Special:FilePath/Red%20Fort%20Delhi.jpg,"Wikimedia Commons - Red Fort, Delhi (representative Heritage/Fort/Architecture/Museum photo)"
MMR-088,Manpada Hillock,Thane,Thane,Maharashtra,Mumbai,19.2,72.96,Nature,Viewpoint,Small neighbourhood hillock in Thane offering a quick morning walk and a modest view over the growing skyline.,"hills,walking,hidden gem,local",0,1.0,"Locals, joggers",1,10.0,3.7,140.0,Morning,Year-round,Outdoor,No,0,Year-round,Easy,Yes,Yes,0.5,1.5,Local Knowledge,https://www.google.com/maps/search/Manpada+Hillock+Thane,2026-09-23,0.0,1.0,0.0,0.5,1.5,,True,True,No,False,Outdoor,False,False,False,https://commons.wikimedia.org/wiki/Special:FilePath/Western-Ghats-Matheran.jpg,"Wikimedia Commons - Western Ghats, Matheran (representative Nature/scenic photo)"
MMR-089,Sanskruti Kala Mahotsav Ghat,Thane,Thane,Maharashtra,Mumbai,19.2245,72.9631,Culture,Cultural Festival Venue,"Lakeside venue at Upvan Lake that hosts Thane's annual Sanskruti Arts Festival featuring dance, music and craft stalls.","culture,festival,art,local",0,3.0,"Culture seekers, families",1,50.0,4.2,1900.0,Festival season,Winter,Outdoor,Yes,3,Seasonal,Easy,Yes,No,0.4,1.4,Piramal Realty Blog,https://www.piramalrealty.com/blogs/10-spectacular-places-to-visit-in-thane,2026-09-23,0.0,3.0,3.0,0.4,1.4,,True,False,Yes,True,Outdoor,False,False,False,,No verified real photo found for this category - left blank
MMR-090,Kanheri Lake Picnic Spot,Bhiwandi,Thane,Maharashtra,Mumbai,19.32,73.04,Nature,Lake,"Small rural lake near Bhiwandi popular for boating, fishing and family picnics away from the crowded city lakes.","lake,picnic,boating,family",50,2.0,"Families, picnickers",2,20.0,3.9,610.0,Morning,Year-round,Outdoor,No,0,Year-round,Easy,Yes,Yes,1.5,2.6,Magicpin Blog,https://www.magicpin.com/blog/category/Travel/top-places-to-visit-in-kalyan-dombivali,2026-09-23,50.0,2.0,0.0,1.5,2.6,,True,True,No,False,Outdoor,False,False,False,https://commons.wikimedia.org/wiki/Special:FilePath/Western-Ghats-Matheran.jpg,"Wikimedia Commons - Western Ghats, Matheran (representative Nature/scenic photo)"
MMR-091,Kanakeshwar Forest Bird Trail,Bhiwandi,Thane,Maharashtra,Mumbai,19.33,73.045,Wildlife,Bird Watching,"Protected forest patch near Bhiwandi supporting varied flora and fauna, favoured by local birding groups.","birdwatching,wildlife,forest,nature",0,2.5,"Birders, nature lovers",1,10.0,3.9,190.0,Early morning,Winter,Outdoor,No,0,Seasonal,Moderate,Yes,Yes,1.6,2.7,Magicpin Blog,https://www.magicpin.com/blog/category/Travel/top-places-to-visit-in-kalyan-dombivali,2026-09-23,0.0,2.5,0.0,1.6,2.7,,True,True,No,False,Outdoor,False,False,False,https://commons.wikimedia.org/wiki/Special:FilePath/Kaas%20Pathar%2C%20Satara%2C%20Maharashtra%2C%20India%20%282018%29%202.jpg,"Wikimedia Commons - Kaas Pathar, Satara (representative Nature/Wildlife photo)"
MMR-092,Konkan Kada Viewpoint,Kalyan,Thane,Maharashtra,Mumbai,19.2,73.25,Nature,Cliff Viewpoint,"Dramatic Sahyadri cliff viewpoint accessible from Kalyan, popular among trekkers and rock-climbing enthusiasts for its sweeping views.","viewpoint,trekking,adventure,photography",0,3.0,"Trekkers, photographers",2,15.0,4.2,340.0,Morning,Winter,Outdoor,No,0,Seasonal,Difficult,Yes,Yes,2.0,2.8,Magicpin Blog,https://www.magicpin.com/blog/category/Travel/top-places-to-visit-in-kalyan-dombivali,2026-09-23,0.0,3.0,0.0,2.0,2.8,,True,True,No,False,Outdoor,False,False,False,https://commons.wikimedia.org/wiki/Special:FilePath/Western-Ghats-Matheran.jpg,"Wikimedia Commons - Western Ghats, Matheran (representative Nature/scenic photo)"
MMR-093,Balaji Temple Dombivli,Dombivli,Thane,Maharashtra,Mumbai,19.2183,73.09,Temple,Heritage Temple,Neighbourhood Balaji temple in Dombivli offering a peaceful spiritual stop for residents and visitors.,"temple,religious,local",0,0.5,"Devotees, families",1,15.0,4.0,560.0,Morning,Year-round,Mixed,No,0,Year-round,Easy,Yes,No,1.2,2.3,Local Knowledge,https://www.google.com/maps/search/Balaji+Temple+Dombivli,2026-09-23,0.0,0.5,0.0,1.2,2.3,,True,False,No,False,Mixed,False,False,False,https://commons.wikimedia.org/wiki/Special:FilePath/Khandoba%20temple%20Pune.jpg,"Wikimedia Commons - Khandoba Temple, Pune (representative Temple/Religious photo)"
MMR-094,Kalyan Japani Bazaar Food Trail,Kalyan,Thane,Maharashtra,Mumbai,19.24,73.131,Food,Street Food,Bustling old-town bazaar in Kalyan famous for street snacks like pav bhaji and kulfi falooda alongside bargain shopping.,"food,street food,shopping,local",300,2.0,"Foodies, shoppers",1,10.0,4.2,1700.0,Evening,Year-round,Outdoor,No,0,Year-round,Easy,Yes,No,1.4,2.5,Hotelscombined,https://travel.hotelscombined.ca/Place/Kalyan.htm,2026-09-23,300.0,2.0,0.0,1.4,2.5,,True,False,No,False,Outdoor,False,False,False,https://commons.wikimedia.org/wiki/Special:FilePath/Street%20Food.jpg,"Wikimedia Commons - Street Food, Old Delhi (representative Food photo)"
MMR-095,Thane Creek Mangrove Photography Walk,Thane,Thane,Maharashtra,Mumbai,19.205,73.0,Photography,Guided Nature Walk,"Guided photography walk along Thane creek's mangrove boardwalks, ideal for capturing waterbirds and sunset light.","photography,mangroves,birdwatching,guided walk",500,2.5,"Photographers, birders",2,10.0,4.3,310.0,Early morning,Winter,Outdoor,Yes,2,Seasonal,Easy,Yes,Yes,0.6,1.6,Local Knowledge,https://www.google.com/maps/search/Thane+Creek+Mangroves,2026-09-23,500.0,2.5,2.0,0.6,1.6,,True,True,Yes,True,Outdoor,False,False,False,https://commons.wikimedia.org/wiki/Special:FilePath/Western-Ghats-Matheran.jpg,"Wikimedia Commons - Western Ghats, Matheran (representative Nature/scenic photo)"
MMR-096,Vasai Pottery and Craft Workshop,Vasai,Palghar,Maharashtra,Mumbai,19.355,72.825,Workshop,Craft Workshop,Small local workshop near Vasai introducing visitors to traditional pottery and craft techniques practised in the region.,"workshop,craft,local,hands-on",600,2.0,"Families, craft enthusiasts",2,15.0,4.0,95.0,Weekend,Year-round,Indoor,Yes,2,Year-round,Easy,Yes,Yes,1.3,2.4,Local Knowledge,https://www.google.com/maps/search/Vasai+Pottery+Workshop,2026-09-23,600.0,2.0,2.0,1.3,2.4,,True,True,Yes,True,Indoor,False,False,False,,No verified real photo found for this category - left blank
MUMBAI-001,Gateway of India Heritage Visit,Mumbai,Mumbai City,Maharashtra,Mumbai,18.922,72.8347,Heritage,Monument,"Iconic basalt arch monument built to commemorate King George V's 1911 visit, overlooking the Arabian Sea harbour.","heritage,monument,photography,iconic",0,0.5-1,"Solo,Families,Couples,First-timers",1,20.0,,,Early morning or evening,All year,Outdoor,No,,Daily 24 hours,Wheelchair accessible,No,No,0-15 min,~1.5-2 hrs (road),Local travel knowledge,,,0.0,0.75,,7.5,1.75,,False,False,No,False,Outdoor,True,True,False,https://commons.wikimedia.org/wiki/Special:FilePath/Red%20Fort%20Delhi.jpg,"Wikimedia Commons - Red Fort, Delhi (representative Heritage/Fort/Architecture/Museum photo)"
MUMBAI-002,Chhatrapati Shivaji Maharaj Vastu Sangrahalaya (CSMVS),Mumbai,Mumbai City,Maharashtra,Mumbai,18.9269,72.8328,Museum,Art & History Museum,"Indo-Saracenic museum housing miniature paintings, sculptures, and decorative arts spanning Indian history.","museum,art,history,indoor",700,1.5-2.5,"Culture lovers,Families,Students",1,15.0,,,Morning,All year,Indoor,Recommended,1.0,Tue-Sun 10:15am-6pm,Wheelchair accessible,No,No,5-15 min,~1.5-2 hrs (road),General travel knowledge,,,700.0,2.0,1.0,10.0,1.75,,False,False,Recommended,True,Indoor,True,True,False,https://commons.wikimedia.org/wiki/Special:FilePath/Red%20Fort%20Delhi.jpg,"Wikimedia Commons - Red Fort, Delhi (representative Heritage/Fort/Architecture/Museum photo)"
MUMBAI-003,Colaba Causeway Street Shopping,Mumbai,Mumbai City,Maharashtra,Mumbai,18.9075,72.814,Shopping,Street Market,"Bustling pavement market for clothing, jewelry, antiques and souvenirs alongside heritage buildings.","shopping,market,street,souvenirs",0,01-Feb,"Shoppers,Solo,Couples",1,10.0,,,Afternoon-Evening,All year,Outdoor,No,,Daily 10am-10pm,Partially accessible,Yes,No,5-15 min,~1.5-2 hrs (road),General travel knowledge,,,0.0,1.0,,10.0,1.75,,True,False,No,False,Outdoor,True,True,False,,No verified real photo found for this category - left blank
MUMBAI-004,Leopold Cafe Heritage Dining,Mumbai,Mumbai City,Maharashtra,Mumbai,18.9075,72.831,Food,Historic Cafe,Century-old Irani-style cafe popular with travelers and locals for continental and Indian fare.,"food,cafe,heritage,iconic",800,1-1.5,"Solo,Couples,Groups",1,6.0,,,Lunch or dinner,All year,Indoor,No,,Daily 8am-12am,Wheelchair accessible,No,No,5-15 min,~1.5-2 hrs (road),General travel knowledge,,,800.0,1.25,,10.0,1.75,,False,False,No,False,Indoor,True,True,False,https://commons.wikimedia.org/wiki/Special:FilePath/Street%20Food.jpg,"Wikimedia Commons - Street Food, Old Delhi (representative Food photo)"
MUMBAI-005,Kala Ghoda Art Precinct Walk,Mumbai,Mumbai City,Maharashtra,Mumbai,18.928,72.8321,Art,Art District Walk,"Self-guided walk through South Mumbai's art district with galleries, sculptures, cafes, and colonial architecture.","art,culture,walk,architecture",0,1.5-2.5,"Art lovers,Solo,Couples",1,15.0,,,Morning or evening,All year,Outdoor,No,,Daily,Partially accessible,Yes,No,5-15 min,~1.5-2 hrs (road),General travel knowledge,,,0.0,2.0,,10.0,1.75,,True,False,No,False,Outdoor,True,True,False,,No verified real photo found for this category - left blank
MUMBAI-006,Jehangir Art Gallery Visit,Mumbai,Mumbai City,Maharashtra,Mumbai,18.9281,72.832,Art,Art Gallery,Mumbai's premier contemporary art gallery showcasing rotating exhibitions by Indian artists.,"art,gallery,indoor,exhibitions",0,0.5-1,"Art lovers,Solo",1,10.0,,,Morning-Evening,All year,Indoor,No,,Daily 11am-7pm,Wheelchair accessible,No,No,5-15 min,~1.5-2 hrs (road),General travel knowledge,,,0.0,0.75,,10.0,1.75,,False,False,No,False,Indoor,True,True,False,,No verified real photo found for this category - left blank
MUMBAI-007,David Sassoon Library Exterior Walk,Mumbai,Mumbai City,Maharashtra,Mumbai,18.9278,72.8318,Heritage,Colonial Architecture,"Victorian Gothic library building with intricate stonework, a favorite subject for architecture photography.","architecture,heritage,photography",0,0.5,"Photographers,Architecture buffs",1,8.0,,,Morning,All year,Outdoor,No,,Exterior viewable anytime,Partially accessible,No,Yes,5-15 min,~1.5-2 hrs (road),General travel knowledge,,,0.0,0.5,,10.0,1.75,,False,True,No,False,Outdoor,True,True,False,https://commons.wikimedia.org/wiki/Special:FilePath/Red%20Fort%20Delhi.jpg,"Wikimedia Commons - Red Fort, Delhi (representative Heritage/Fort/Architecture/Museum photo)"
MUMBAI-008,Flora Fountain Heritage Stop,Mumbai,Mumbai City,Maharashtra,Mumbai,18.9328,72.8347,Heritage,Monument,"Ornate 1864 fountain at the heart of Fort district, surrounded by Victorian and Art Deco buildings.","heritage,architecture,photography",0,0.25-0.5,"Solo,Photographers",1,10.0,,,Morning,All year,Outdoor,No,,Daily 24 hours,Wheelchair accessible,No,No,5-15 min,~1.5-2 hrs (road),General travel knowledge,,,0.0,0.375,,10.0,1.75,,False,False,No,False,Outdoor,True,True,False,https://commons.wikimedia.org/wiki/Special:FilePath/Red%20Fort%20Delhi.jpg,"Wikimedia Commons - Red Fort, Delhi (representative Heritage/Fort/Architecture/Museum photo)"
MUMBAI-009,Horniman Circle Garden Stroll,Mumbai,Mumbai City,Maharashtra,Mumbai,18.9318,72.8365,Nature,Urban Garden,Circular Victorian-era garden ringed by grand colonial buildings including the Town Hall and Asiatic Society.,"park,heritage,walk,relaxation",0,0.5-1,"Families,Couples,Solo",1,15.0,,,Morning or evening,All year,Outdoor,No,,Daily 6am-8pm,Wheelchair accessible,No,No,5-15 min,~1.5-2 hrs (road),General travel knowledge,,,0.0,0.75,,10.0,1.75,,False,False,No,False,Outdoor,True,True,False,https://commons.wikimedia.org/wiki/Special:FilePath/Western-Ghats-Matheran.jpg,"Wikimedia Commons - Western Ghats, Matheran (representative Nature/scenic photo)"
MUMBAI-010,St. Thomas Cathedral Visit,Mumbai,Mumbai City,Maharashtra,Mumbai,18.9333,72.8347,Religious,Church,"Mumbai's oldest Anglican church, consecrated in 1718, with memorial plaques and stained glass.","religious,heritage,architecture",0,0.5,"Solo,Couples,Heritage seekers",1,10.0,,,Morning,All year,Indoor,No,,Daily 7am-6pm,Wheelchair accessible,No,No,5-15 min,~1.5-2 hrs (road),General travel knowledge,,,0.0,0.5,,10.0,1.75,,False,False,No,False,Indoor,True,True,False,https://commons.wikimedia.org/wiki/Special:FilePath/Khandoba%20temple%20Pune.jpg,"Wikimedia Commons - Khandoba Temple, Pune (representative Temple/Religious photo)"
MUMBAI-011,Asiatic Society Library Heritage Visit,Mumbai,Mumbai City,Maharashtra,Mumbai,18.9315,72.8347,Heritage,Historic Library,Neoclassical Town Hall building housing rare manuscripts and a grand colonnaded reading room.,"heritage,library,architecture",0,0.5-1,"Heritage seekers,Students",1,8.0,,,Morning,All year,Indoor,Recommended,1.0,Mon-Sat 10am-6pm,Partially accessible,No,Yes,5-15 min,~1.5-2 hrs (road),General travel knowledge,,,0.0,0.75,1.0,10.0,1.75,,False,True,Recommended,True,Indoor,True,True,False,https://commons.wikimedia.org/wiki/Special:FilePath/Red%20Fort%20Delhi.jpg,"Wikimedia Commons - Red Fort, Delhi (representative Heritage/Fort/Architecture/Museum photo)"
MUMBAI-012,Chhatrapati Shivaji Maharaj Terminus (CSMT) Architecture Walk,Mumbai,Mumbai City,Maharashtra,Mumbai,18.9398,72.8355,Architecture,UNESCO Heritage Site,"Gothic Revival railway terminus and UNESCO World Heritage Site, one of India's busiest and most photographed stations.","architecture,heritage,unesco,photography",0,0.5-1,"Photographers,Architecture buffs,Families",1,15.0,,,Evening (illuminated),All year,Outdoor,No,,Daily 24 hours (station operational),Wheelchair accessible,No,No,5-15 min,~1.5-2 hrs (road),General travel knowledge,,,0.0,0.75,,10.0,1.75,,False,False,No,False,Outdoor,True,True,False,https://commons.wikimedia.org/wiki/Special:FilePath/Red%20Fort%20Delhi.jpg,"Wikimedia Commons - Red Fort, Delhi (representative Heritage/Fort/Architecture/Museum photo)"
MUMBAI-013,Crawford Market (Mahatma Jyotiba Phule Mandai),Mumbai,Mumbai City,Maharashtra,Mumbai,18.947,72.8346,Market,Wholesale Market,"Historic covered market for fruits, spices, pets and household goods, designed with Kipling family carvings.","market,shopping,local,food",0,1-1.5,"Solo,Foodies,Photographers",1,10.0,,,Morning,All year,Indoor-Outdoor,No,,Mon-Sat 11am-8pm,Not wheelchair friendly,Yes,No,10-20 min,~1.5-2 hrs (road),General travel knowledge,,,0.0,1.25,,15.0,1.75,,True,False,No,False,Mixed,True,True,False,,No verified real photo found for this category - left blank
MUMBAI-014,Zaveri Bazaar Jewelry Market Walk,Mumbai,Mumbai City,Maharashtra,Mumbai,18.9508,72.8318,Shopping,Jewelry Market,"One of India's oldest and largest gold and jewelry markets, bustling with traditional jewelers.","shopping,jewelry,market,local",0,1-1.5,"Shoppers,Couples",1,8.0,,,Afternoon,All year,Outdoor,No,,Mon-Sat 10:30am-7:30pm,Not wheelchair friendly,Yes,No,10-20 min,~1.5-2 hrs (road),General travel knowledge,,,0.0,1.25,,15.0,1.75,,True,False,No,False,Outdoor,True,True,False,,No verified real photo found for this category - left blank
MUMBAI-015,Mumbadevi Temple Visit,Mumbai,Mumbai City,Maharashtra,Mumbai,18.9467,72.8311,Religious,Temple,"The city's namesake goddess temple, a modest but historically significant shrine near Bhuleshwar.","religious,heritage,local",0,0.25-0.5,"Pilgrims,Solo",1,10.0,,,Morning or evening aarti,All year,Indoor-Outdoor,No,,Daily 6am-10pm,Partially accessible,Yes,Yes,10-20 min,~1.5-2 hrs (road),General travel knowledge,,,0.0,0.375,,15.0,1.75,,True,True,No,False,Mixed,True,True,False,https://commons.wikimedia.org/wiki/Special:FilePath/Khandoba%20temple%20Pune.jpg,"Wikimedia Commons - Khandoba Temple, Pune (representative Temple/Religious photo)"
MUMBAI-016,Mohammed Ali Road Ramadan Food Walk,Mumbai,Mumbai City,Maharashtra,Mumbai,18.953,72.832,Street Food,Food Walk,"Legendary night food street famous for kebabs, malpua, and Mughlai delicacies, especially lively during Ramadan.","food,street food,night,local,culture",500,1.5-2,"Foodies,Groups,Night owls",2,10.0,,,Late evening/night,Best during Ramadan,Outdoor,No,,Evening-late night,Not wheelchair friendly,Yes,No,10-20 min,~1.5-2 hrs (road),General travel knowledge,,,500.0,1.75,,15.0,1.75,,True,False,No,False,Outdoor,True,True,False,https://commons.wikimedia.org/wiki/Special:FilePath/Street%20Food.jpg,"Wikimedia Commons - Street Food, Old Delhi (representative Food photo)"
MUMBAI-017,Marine Drive Sunset Walk,Mumbai,Mumbai City,Maharashtra,Mumbai,18.944,72.8235,Coastal,Promenade,The 'Queen's Necklace' - a sweeping bay-front promenade perfect for sunset views and people-watching.,"coastal,sunset,walk,iconic,photography",0,01-Feb,"Couples,Families,Solo",1,20.0,,,Evening/Sunset,All year,Outdoor,No,,Daily 24 hours,Wheelchair accessible,No,No,5-15 min,~1.5-2 hrs (road),General travel knowledge,,,0.0,1.0,,10.0,1.75,,False,False,No,False,Outdoor,True,True,False,https://commons.wikimedia.org/wiki/Special:FilePath/Deogad%20Beach%20in%20Sindhudurg%20district%20%2CKonkan%20region%20Maharashtra%2C%20India.JPG,"Wikimedia Commons - Deogad Beach, Sindhudurg, Konkan (representative Beach/Coastal photo)"
MUMBAI-018,Girgaum Chowpatty Beach Evening,Mumbai,Mumbai City,Maharashtra,Mumbai,18.9547,72.8144,Beach,City Beach,"Popular city beach known for evening crowds, bhelpuri stalls, and Ganesh Visarjan celebrations.","beach,street food,local,family",100,01-Feb,"Families,Groups,Solo",1,20.0,,,Evening,All year (best Oct-Feb),Outdoor,No,,Daily 24 hours,Wheelchair accessible,No,No,5-15 min,~1.5-2 hrs (road),General travel knowledge,,,100.0,1.0,,10.0,1.75,,False,False,No,False,Outdoor,True,True,False,https://commons.wikimedia.org/wiki/Special:FilePath/Deogad%20Beach%20in%20Sindhudurg%20district%20%2CKonkan%20region%20Maharashtra%2C%20India.JPG,"Wikimedia Commons - Deogad Beach, Sindhudurg, Konkan (representative Beach/Coastal photo)"
MUMBAI-019,Wankhede Stadium Cricket Tour,Mumbai,Mumbai City,Maharashtra,Mumbai,18.9388,72.8258,Entertainment,Sports Venue,Home ground of Mumbai cricket and the 2011 World Cup final venue; museum tour available on non-match days.,"sports,cricket,entertainment",300,1-1.5,"Sports fans,Families",1,10.0,,,Daytime (non-match days),All year,Indoor-Outdoor,Recommended,2.0,Check match schedule,Wheelchair accessible,No,No,5-15 min,~1.5-2 hrs (road),General travel knowledge,,,300.0,1.25,2.0,10.0,1.75,,False,False,Recommended,True,Mixed,True,True,False,,No verified real photo found for this category - left blank
MUMBAI-020,Banganga Tank Heritage Walk,Mumbai,Mumbai City,Maharashtra,Mumbai,18.9522,72.7958,Heritage,Sacred Water Tank,"12th-century sacred water tank ringed by ancient temples, an oasis of old Mumbai tucked into Malabar Hill.","heritage,religious,photography,hidden",0,0.5-1,"Photographers,Heritage seekers",1,10.0,,,Early morning,All year,Outdoor,No,,Daily 6am-8pm,Not wheelchair friendly,Yes,Yes,10-20 min,~1.5-2 hrs (road),General travel knowledge,,,0.0,0.75,,15.0,1.75,,True,True,No,False,Outdoor,True,True,False,https://commons.wikimedia.org/wiki/Special:FilePath/Red%20Fort%20Delhi.jpg,"Wikimedia Commons - Red Fort, Delhi (representative Heritage/Fort/Architecture/Museum photo)"
MUMBAI-021,Hanging Gardens Malabar Hill,Mumbai,Mumbai City,Maharashtra,Mumbai,18.9557,72.8054,Nature,Terraced Garden,Hilltop terraced garden with topiary animal hedges and views over the Arabian Sea and Chowpatty.,"park,nature,family,viewpoint",0,0.5-1,"Families,Couples",1,20.0,,,Evening,All year,Outdoor,No,,Daily 5am-9pm,Wheelchair accessible,No,No,10-20 min,~1.5-2 hrs (road),General travel knowledge,,,0.0,0.75,,15.0,1.75,,False,False,No,False,Outdoor,True,True,False,https://commons.wikimedia.org/wiki/Special:FilePath/Western-Ghats-Matheran.jpg,"Wikimedia Commons - Western Ghats, Matheran (representative Nature/scenic photo)"
MUMBAI-022,Jain Temple Malabar Hill,Mumbai,Mumbai City,Maharashtra,Mumbai,18.9548,72.806,Religious,Temple,"Ornately tiled Jain temple dedicated to Adinath, near Hanging Gardens, known for marble carvings.","religious,architecture,heritage",0,0.25-0.5,"Pilgrims,Architecture buffs",1,10.0,,,Morning,All year,Indoor-Outdoor,No,,Daily 6am-8pm,Partially accessible,No,No,10-20 min,~1.5-2 hrs (road),General travel knowledge,,,0.0,0.375,,15.0,1.75,,False,False,No,False,Mixed,True,True,False,https://commons.wikimedia.org/wiki/Special:FilePath/Khandoba%20temple%20Pune.jpg,"Wikimedia Commons - Khandoba Temple, Pune (representative Temple/Religious photo)"
MUMBAI-023,Nariman Point Art Deco Walk,Mumbai,Mumbai City,Maharashtra,Mumbai,18.9256,72.8235,Architecture,Art Deco District,"Business district lined with mid-century Art Deco towers, part of Mumbai's UNESCO-recognized Art Deco ensemble.","architecture,art deco,walk,photography",0,0.5-1,"Architecture buffs,Photographers",1,10.0,,,Evening,All year,Outdoor,No,,Daily,Wheelchair accessible,No,No,5-15 min,~1.5-2 hrs (road),General travel knowledge,,,0.0,0.75,,10.0,1.75,,False,False,No,False,Outdoor,True,True,False,https://commons.wikimedia.org/wiki/Special:FilePath/Red%20Fort%20Delhi.jpg,"Wikimedia Commons - Red Fort, Delhi (representative Heritage/Fort/Architecture/Museum photo)"
MUMBAI-024,Haji Ali Dargah Visit,Mumbai,Mumbai City,Maharashtra,Mumbai,18.9827,72.809,Religious,Mosque & Shrine,"Iconic mosque and dargah built on an islet, connected by a causeway that floods at high tide.","religious,architecture,iconic,coastal",0,0.5-1,"Pilgrims,Photographers,Solo",1,20.0,,,"Low tide, morning/evening",All year,Outdoor,No,,Daily 5:30am-10pm,Not wheelchair friendly,Yes,No,10-25 min,~1.5-2 hrs (road),General travel knowledge,,,0.0,0.75,,17.5,1.75,,True,False,No,False,Outdoor,True,True,False,https://commons.wikimedia.org/wiki/Special:FilePath/Khandoba%20temple%20Pune.jpg,"Wikimedia Commons - Khandoba Temple, Pune (representative Temple/Religious photo)"
MUMBAI-025,Mahalaxmi Temple Visit,Mumbai,Mumbai City,Maharashtra,Mumbai,18.9773,72.8194,Religious,Temple,"One of Mumbai's oldest and most revered goddess temples, overlooking the Arabian Sea.","religious,heritage,coastal",0,0.5,"Pilgrims,Solo",1,15.0,,,Morning or evening aarti,All year,Indoor-Outdoor,No,,Daily 6am-10pm,Partially accessible,Yes,No,10-25 min,~1.5-2 hrs (road),General travel knowledge,,,0.0,0.5,,17.5,1.75,,True,False,No,False,Mixed,True,True,False,https://commons.wikimedia.org/wiki/Special:FilePath/Khandoba%20temple%20Pune.jpg,"Wikimedia Commons - Khandoba Temple, Pune (representative Temple/Religious photo)"
MUMBAI-026,Dhobi Ghat Open-Air Laundry Viewing,Mumbai,Mumbai City,Maharashtra,Mumbai,18.9825,72.8253,Local Experience,Working Heritage Site,"World's largest open-air laundromat, a maze of concrete wash-pens where thousands of garments are hand-washed daily.","local,culture,photography,unique",0,0.5-1,"Photographers,Culture seekers",1,10.0,,,Morning,All year,Outdoor,No,,Daily (avoid Sundays),Not wheelchair friendly,Yes,No,10-25 min,~1.5-2 hrs (road),General travel knowledge,,,0.0,0.75,,17.5,1.75,,True,False,No,False,Outdoor,True,True,False,,No verified real photo found for this category - left blank
MUMBAI-027,Veermata Jijabai Bhonsla Udyan (Byculla Zoo),Mumbai,Mumbai City,Maharashtra,Mumbai,18.9758,72.833,Wildlife,Zoo & Garden,"Mumbai's oldest zoo and botanical garden, home to a Humboldt penguin enclosure and heritage museum building.","wildlife,family,garden,museum",25,1.5-2,"Families,Kids",1,20.0,,,Morning,All year,Outdoor,No,,Tue-Sun 9am-6pm,Wheelchair accessible,No,No,10-25 min,~1.5-2 hrs (road),General travel knowledge,,,25.0,1.75,,17.5,1.75,,False,False,No,False,Outdoor,True,True,False,https://commons.wikimedia.org/wiki/Special:FilePath/Kaas%20Pathar%2C%20Satara%2C%20Maharashtra%2C%20India%20%282018%29%202.jpg,"Wikimedia Commons - Kaas Pathar, Satara (representative Nature/Wildlife photo)"
MUMBAI-028,Dr. Bhau Daji Lad Museum,Mumbai,Mumbai City,Maharashtra,Mumbai,18.9757,72.8335,Museum,City History Museum,"Mumbai's oldest museum, beautifully restored, showcasing the city's industrial and social history.","museum,heritage,art,indoor",50,1-1.5,"Culture lovers,Families",1,15.0,,,Morning-Afternoon,All year,Indoor,No,,Thu-Tue 10am-6pm,Wheelchair accessible,No,No,10-25 min,~1.5-2 hrs (road),General travel knowledge,,,50.0,1.25,,17.5,1.75,,False,False,No,False,Indoor,True,True,False,https://commons.wikimedia.org/wiki/Special:FilePath/Red%20Fort%20Delhi.jpg,"Wikimedia Commons - Red Fort, Delhi (representative Heritage/Fort/Architecture/Museum photo)"
MUMBAI-029,Chor Bazaar Antique Hunting,Mumbai,Mumbai City,Maharashtra,Mumbai,18.96,72.8309,Shopping,Flea Market,"Sprawling flea market for antiques, vintage furniture, retro Bollywood posters and curios.","shopping,antiques,local,market",0,01-Feb,"Shoppers,Collectors",1,8.0,,,Morning-Afternoon (closed Fri),All year,Outdoor,No,,Sat-Thu 11am-7:30pm,Not wheelchair friendly,Yes,No,10-25 min,~1.5-2 hrs (road),General travel knowledge,,,0.0,1.0,,17.5,1.75,,True,False,No,False,Outdoor,True,True,False,,No verified real photo found for this category - left blank
MUMBAI-030,Bhendi Bazaar Street Food Trail,Mumbai,Mumbai City,Maharashtra,Mumbai,18.959,72.83,Street Food,Food Walk,"Dense Muslim quarter food street known for bohri cuisine, kebabs and Ramadan iftar specials.","food,street food,culture,local",400,1-1.5,"Foodies,Groups",2,8.0,,,Evening,Best during Ramadan,Outdoor,No,,Evening-night,Not wheelchair friendly,Yes,No,10-25 min,~1.5-2 hrs (road),General travel knowledge,,,400.0,1.25,,17.5,1.75,,True,False,No,False,Outdoor,True,True,False,https://commons.wikimedia.org/wiki/Special:FilePath/Street%20Food.jpg,"Wikimedia Commons - Street Food, Old Delhi (representative Food photo)"
MUMBAI-031,Khotachiwadi Heritage Village Walk,Mumbai,Mumbai City,Maharashtra,Mumbai,18.9538,72.8168,Heritage,Heritage Precinct,Preserved 19th-century East Indian hamlet of pastel wooden bungalows tucked amid Girgaon's high-rises.,"heritage,architecture,hidden,walk",0,0.5-1,"Photographers,Heritage seekers",1,8.0,,,Morning,All year,Outdoor,No,,Daily (respect residents),Not wheelchair friendly,Yes,Yes,10-20 min,~1.5-2 hrs (road),General travel knowledge,,,0.0,0.75,,15.0,1.75,,True,True,No,False,Outdoor,True,True,False,https://commons.wikimedia.org/wiki/Special:FilePath/Red%20Fort%20Delhi.jpg,"Wikimedia Commons - Red Fort, Delhi (representative Heritage/Fort/Architecture/Museum photo)"
MUMBAI-032,Opera House Jewelry & Furniture District,Mumbai,Mumbai City,Maharashtra,Mumbai,18.9605,72.8178,Shopping,Specialty District,Historic district around the restored Royal Opera House known for furniture and diamond trading.,"shopping,architecture,local",0,0.5-1,"Shoppers,Architecture buffs",1,8.0,,,Afternoon,All year,Outdoor,No,,Mon-Sat,Partially accessible,Yes,No,10-20 min,~1.5-2 hrs (road),General travel knowledge,,,0.0,0.75,,15.0,1.75,,True,False,No,False,Outdoor,True,True,False,,No verified real photo found for this category - left blank
MUMBAI-033,Royal Opera House Heritage Tour,Mumbai,Mumbai City,Maharashtra,Mumbai,18.9603,72.818,Architecture,Restored Heritage Theatre,"India's only surviving opera house, beautifully restored in 2016, hosting concerts and cultural events.","architecture,heritage,entertainment",500,1-1.5,"Culture lovers,Couples",1,10.0,,,Evening (during shows),All year,Indoor,Yes,3.0,Check event calendar,Wheelchair accessible,No,No,10-20 min,~1.5-2 hrs (road),General travel knowledge,,,500.0,1.25,3.0,15.0,1.75,,False,False,Yes,True,Indoor,True,True,False,https://commons.wikimedia.org/wiki/Special:FilePath/Red%20Fort%20Delhi.jpg,"Wikimedia Commons - Red Fort, Delhi (representative Heritage/Fort/Architecture/Museum photo)"
MUMBAI-034,Sassoon Dock Fishing Harbour Photography,Mumbai,Mumbai City,Maharashtra,Mumbai,18.9077,72.8256,Photography,Working Harbour,"Mumbai's oldest fishing dock, alive at dawn with fishermen sorting the day's catch amid colorful boats.","photography,local,coastal,hidden",0,0.5-1,"Photographers,Early risers",1,6.0,,,Early morning (5-7am),All year,Outdoor,No,,Daily dawn,Not wheelchair friendly,Yes,Yes,5-15 min,~1.5-2 hrs (road),General travel knowledge,,,0.0,0.75,,10.0,1.75,,True,True,No,False,Outdoor,True,True,False,https://commons.wikimedia.org/wiki/Special:FilePath/Western-Ghats-Matheran.jpg,"Wikimedia Commons - Western Ghats, Matheran (representative Nature/scenic photo)"
MUMBAI-035,Afghan Church Colaba Visit,Mumbai,Mumbai City,Maharashtra,Mumbai,18.9036,72.813,Religious,Colonial Church,"Neo-Gothic church built to honor British-Afghan War soldiers, with regimental memorial plaques.","religious,heritage,architecture,hidden",0,0.25-0.5,Heritage seekers,1,8.0,,,Morning,All year,Indoor,No,,Daily 7am-6pm,Wheelchair accessible,No,Yes,5-15 min,~1.5-2 hrs (road),General travel knowledge,,,0.0,0.375,,10.0,1.75,,False,True,No,False,Indoor,True,True,False,https://commons.wikimedia.org/wiki/Special:FilePath/Khandoba%20temple%20Pune.jpg,"Wikimedia Commons - Khandoba Temple, Pune (representative Temple/Religious photo)"
MUMBAI-036,Elephanta Caves Boat Excursion,Mumbai,Mumbai City,Maharashtra,Mumbai,18.9633,72.9315,Heritage,UNESCO Rock-cut Caves,Ferry ride from Gateway of India to UNESCO-listed 6th-century rock-cut Shiva caves on Elephanta Island.,"heritage,boat ride,unesco,coastal",220,04-Jun,"Culture lovers,Families,Couples",1,30.0,,,Morning departure,Oct-Mar best (avoid monsoon),Outdoor,Yes,0.0,"Tue-Sun, ferries 9am-2pm",Not wheelchair friendly,No,No,0-15 min (departure point),~1.5-2 hrs to Gateway + 1hr ferry,General travel knowledge,,,220.0,4.0,0.0,7.5,1.5,,False,False,Yes,True,Outdoor,True,True,False,https://commons.wikimedia.org/wiki/Special:FilePath/Red%20Fort%20Delhi.jpg,"Wikimedia Commons - Red Fort, Delhi (representative Heritage/Fort/Architecture/Museum photo)"
MUMBAI-037,Gateway of India Evening Harbour Boat Ride,Mumbai,Mumbai City,Maharashtra,Mumbai,18.922,72.8347,Boat Ride,Harbour Cruise,Short pleasure boat rides across Mumbai harbour offering skyline views of the Gateway and Taj Hotel.,"boat ride,coastal,evening,family",100,0.5-1,"Families,Couples",1,15.0,,,Evening,All year (weather permitting),Outdoor,No,,Daily evenings,Not wheelchair friendly,No,No,0-15 min,~1.5-2 hrs (road),General travel knowledge,,,100.0,0.75,,7.5,1.75,,False,False,No,False,Outdoor,True,True,False,https://commons.wikimedia.org/wiki/Special:FilePath/Deogad%20Beach%20in%20Sindhudurg%20district%20%2CKonkan%20region%20Maharashtra%2C%20India.JPG,"Wikimedia Commons - Deogad Beach, Sindhudurg, Konkan (representative Beach/Coastal photo)"
MUMBAI-038,Rajabai Clock Tower & Mumbai University Walk,Mumbai,Mumbai City,Maharashtra,Mumbai,18.9298,72.8322,Architecture,Gothic Revival Campus,"Venetian Gothic clock tower modeled on Big Ben, anchoring the University of Mumbai's heritage campus.","architecture,heritage,photography",0,0.5-1,"Architecture buffs,Photographers",1,10.0,,,Morning,All year,Outdoor,No,,Exterior viewable; campus access limited,Wheelchair accessible,No,No,5-15 min,~1.5-2 hrs (road),General travel knowledge,,,0.0,0.75,,10.0,1.75,,False,False,No,False,Outdoor,True,True,False,https://commons.wikimedia.org/wiki/Special:FilePath/Red%20Fort%20Delhi.jpg,"Wikimedia Commons - Red Fort, Delhi (representative Heritage/Fort/Architecture/Museum photo)"
MUMBAI-039,Eros Cinema Art Deco Photo Stop,Mumbai,Mumbai City,Maharashtra,Mumbai,18.933,72.828,Architecture,Art Deco Cinema,"Streamlined Art Deco cinema facade near Churchgate, part of Mumbai's UNESCO Art Deco heritage precinct.","architecture,art deco,photography",0,0.25,"Photographers,Architecture buffs",1,10.0,,,Evening,All year,Outdoor,No,,Daily,Wheelchair accessible,No,No,5-15 min,~1.5-2 hrs (road),General travel knowledge,,,0.0,0.25,,10.0,1.75,,False,False,No,False,Outdoor,True,True,False,https://commons.wikimedia.org/wiki/Special:FilePath/Red%20Fort%20Delhi.jpg,"Wikimedia Commons - Red Fort, Delhi (representative Heritage/Fort/Architecture/Museum photo)"
MUMBAI-040,Oval Maidan Cricket & Skyline Walk,Mumbai,Mumbai City,Maharashtra,Mumbai,18.931,72.829,Recreation,Urban Maidan,Historic open maidan where amateur cricket matches unfold against a backdrop of Gothic and Art Deco buildings.,"recreation,photography,local,architecture",0,0.5-1,"Photographers,Families",1,15.0,,,Evening,All year,Outdoor,No,,Daily,Wheelchair accessible,No,No,5-15 min,~1.5-2 hrs (road),General travel knowledge,,,0.0,0.75,,10.0,1.75,,False,False,No,False,Outdoor,True,True,False,,No verified real photo found for this category - left blank
MUMBAI-041,Kamala Nehru Park Shoe-House Viewpoint,Mumbai,Mumbai City,Maharashtra,Mumbai,18.9573,72.8046,Nature,Hilltop Park,Small hilltop garden with a children's shoe-shaped house and panoramic views over Marine Drive's curve.,"park,family,viewpoint,photography",0,0.5,"Families,Kids",1,15.0,,,Evening,All year,Outdoor,No,,Daily 8am-8pm,Partially accessible,No,No,10-20 min,~1.5-2 hrs (road),General travel knowledge,,,0.0,0.5,,15.0,1.75,,False,False,No,False,Outdoor,True,True,False,https://commons.wikimedia.org/wiki/Special:FilePath/Western-Ghats-Matheran.jpg,"Wikimedia Commons - Western Ghats, Matheran (representative Nature/scenic photo)"
MUMBAI-042,Priyadarshini Park Sea View,Mumbai,Mumbai City,Maharashtra,Mumbai,18.9877,72.8085,Nature,Seaside Park,"Quiet neighbourhood park along Napean Sea Road with open lawns and sea breeze, popular with joggers.","park,relaxation,coastal,local",0,0.5-1,"Locals,Families",1,15.0,,,Evening,All year,Outdoor,No,,Daily 6am-9pm,Wheelchair accessible,No,Yes,10-20 min,~1.5-2 hrs (road),General travel knowledge,,,0.0,0.75,,15.0,1.75,,False,True,No,False,Outdoor,True,True,False,https://commons.wikimedia.org/wiki/Special:FilePath/Western-Ghats-Matheran.jpg,"Wikimedia Commons - Western Ghats, Matheran (representative Nature/scenic photo)"
MUMBAI-043,Worli Fort Sunset Viewpoint,Mumbai,Mumbai City,Maharashtra,Mumbai,19.0083,72.8168,Fort,Coastal Fort Ruins,17th-century British fort ruins on a rocky Worli promontory offering sweeping Sea Link and coastline views.,"fort,heritage,sunset,hidden,photography",0,0.5-1,"Photographers,Couples",1,10.0,,,Sunset,All year,Outdoor,No,,Daily until dusk,Not wheelchair friendly,Yes,Yes,15-25 min,~1.5-2 hrs (road),General travel knowledge,,,0.0,0.75,,20.0,1.75,,True,True,No,False,Outdoor,True,True,False,https://commons.wikimedia.org/wiki/Special:FilePath/Red%20Fort%20Delhi.jpg,"Wikimedia Commons - Red Fort, Delhi (representative Heritage/Fort/Architecture/Museum photo)"
MUMBAI-044,Worli Koliwada Fishing Village Walk,Mumbai,Mumbai City,Maharashtra,Mumbai,19.014,72.82,Local Experience,Fishing Village,"One of Mumbai's oldest Koli fishing hamlets, with colorful boats, drying fish racks and narrow lanes.","local,culture,coastal,hidden",0,1-1.5,"Culture seekers,Photographers",1,8.0,,,Morning,All year,Outdoor,No,,Daily,Not wheelchair friendly,Yes,Yes,15-25 min,~1.5-2 hrs (road),General travel knowledge,,,0.0,1.25,,20.0,1.75,,True,True,No,False,Outdoor,True,True,False,,No verified real photo found for this category - left blank
MUMBAI-045,Siddhivinayak Temple Prabhadevi,Mumbai,Mumbai City,Maharashtra,Mumbai,19.017,72.8302,Religious,Temple,"One of Mumbai's most visited Ganesh temples, drawing devotees including celebrities year-round.","religious,iconic,local",0,0.5-1,"Pilgrims,Solo",1,20.0,,,Early morning or evening,All year,Indoor-Outdoor,No,,Daily 5:30am-9:50pm,Wheelchair accessible,Yes,No,15-25 min,~1.5-2 hrs (road),General travel knowledge,,,0.0,0.75,,20.0,1.75,,True,False,No,False,Mixed,True,True,False,https://commons.wikimedia.org/wiki/Special:FilePath/Khandoba%20temple%20Pune.jpg,"Wikimedia Commons - Khandoba Temple, Pune (representative Temple/Religious photo)"
MUMBAI-046,Dadar Flower Market Morning Visit,Mumbai,Mumbai City,Maharashtra,Mumbai,19.0176,72.844,Market,Flower Market,"Colorful wholesale flower market near Dadar station, buzzing with marigold and rose vendors before dawn.","market,local,photography,culture",0,0.5-1,"Photographers,Early risers",1,8.0,,,Early morning (5-8am),All year,Outdoor,No,,Daily dawn,Not wheelchair friendly,Yes,Yes,15-25 min,~1.5-2 hrs (road),General travel knowledge,,,0.0,0.75,,20.0,1.75,,True,True,No,False,Outdoor,True,True,False,,No verified real photo found for this category - left blank
MUMBAI-047,Dadar Chowpatty Beach Evening,Mumbai,Mumbai City,Maharashtra,Mumbai,19.02,72.842,Beach,City Beach,"Family-friendly beach popular with locals for evening walks, snacks, and kite flying.","beach,local,family",0,1-1.5,"Families,Locals",1,20.0,,,Evening,All year,Outdoor,No,,Daily,Wheelchair accessible,No,No,15-25 min,~1.5-2 hrs (road),General travel knowledge,,,0.0,1.25,,20.0,1.75,,False,False,No,False,Outdoor,True,True,False,https://commons.wikimedia.org/wiki/Special:FilePath/Deogad%20Beach%20in%20Sindhudurg%20district%20%2CKonkan%20region%20Maharashtra%2C%20India.JPG,"Wikimedia Commons - Deogad Beach, Sindhudurg, Konkan (representative Beach/Coastal photo)"
MUMBAI-048,Five Gardens Matunga Heritage Walk,Mumbai,Mumbai City,Maharashtra,Mumbai,19.027,72.846,Heritage,Planned Garden Neighborhood,Cluster of five interlinked gardens in a planned Parsi/South Indian neighborhood with tree-lined streets.,"heritage,park,local,walk",0,0.5-1,"Families,Photographers",1,15.0,,,Morning or evening,All year,Outdoor,No,,Daily,Wheelchair accessible,No,Yes,15-25 min,~1.5-2 hrs (road),General travel knowledge,,,0.0,0.75,,20.0,1.75,,False,True,No,False,Outdoor,True,True,False,https://commons.wikimedia.org/wiki/Special:FilePath/Red%20Fort%20Delhi.jpg,"Wikimedia Commons - Red Fort, Delhi (representative Heritage/Fort/Architecture/Museum photo)"
MUMBAI-049,Matunga South Indian Food Trail,Mumbai,Mumbai City,Maharashtra,Mumbai,19.028,72.847,Food,Food Walk,"Mumbai's 'mini South India' neighborhood, packed with century-old idli-dosa joints and filter coffee houses.","food,local,culture",300,1-1.5,"Foodies,Groups",1,8.0,,,Morning breakfast,All year,Indoor-Outdoor,No,,Daily morning-evening,Partially accessible,Yes,No,15-25 min,~1.5-2 hrs (road),General travel knowledge,,,300.0,1.25,,20.0,1.75,,True,False,No,False,Mixed,True,True,False,https://commons.wikimedia.org/wiki/Special:FilePath/Street%20Food.jpg,"Wikimedia Commons - Street Food, Old Delhi (representative Food photo)"
MUMBAI-050,Mahim Fort & Bay Walk,Mumbai,Mumbai City,Maharashtra,Mumbai,19.037,72.839,Fort,Coastal Fort,"Modest Portuguese-era fort ruins by Mahim Bay, a quiet spot with views across to Bandra Fort.","fort,heritage,coastal,hidden",0,0.5,"Photographers,Heritage seekers",1,8.0,,,Evening,All year,Outdoor,No,,Daily,Not wheelchair friendly,Yes,Yes,15-25 min,~1.5-2 hrs (road),General travel knowledge,,,0.0,0.5,,20.0,1.75,,True,True,No,False,Outdoor,True,True,False,https://commons.wikimedia.org/wiki/Special:FilePath/Red%20Fort%20Delhi.jpg,"Wikimedia Commons - Red Fort, Delhi (representative Heritage/Fort/Architecture/Museum photo)"
MUMBAI-051,Nehru Science Centre,Mumbai,Mumbai City,Maharashtra,Mumbai,18.9985,72.8245,Museum,Science Museum,"India's largest interactive science museum with hands-on exhibits, ideal for curious kids and families.","museum,family,kids,indoor",90,1.5-2,"Families,Kids,Students",1,30.0,,,Morning-Afternoon,All year,Indoor,No,,Tue-Sun 10am-6pm,Wheelchair accessible,No,No,10-20 min,~1.5-2 hrs (road),General travel knowledge,,,90.0,1.75,,15.0,1.75,,False,False,No,False,Indoor,True,True,False,https://commons.wikimedia.org/wiki/Special:FilePath/Red%20Fort%20Delhi.jpg,"Wikimedia Commons - Red Fort, Delhi (representative Heritage/Fort/Architecture/Museum photo)"
MUMBAI-052,Nehru Planetarium Sky Show,Mumbai,Mumbai City,Maharashtra,Mumbai,18.999,72.825,Entertainment,Planetarium,"Dome theatre offering astronomy shows for families, next to Nehru Science Centre in Worli.","entertainment,family,education,indoor",60,1,"Families,Kids",1,40.0,,,Afternoon shows,All year,Indoor,Recommended,0.0,"Tue-Sun, multiple shows",Wheelchair accessible,No,No,10-20 min,~1.5-2 hrs (road),General travel knowledge,,,60.0,1.0,0.0,15.0,1.75,,False,False,Recommended,True,Indoor,True,True,False,,No verified real photo found for this category - left blank
MUMBAI-053,Sewri Fort & Flamingo Point Bird Watching,Mumbai,Mumbai City,Maharashtra,Mumbai,19.001,72.855,Wildlife,Bird Watching,Mudflats near a 17th-century fort that attract thousands of migratory flamingos each winter.,"wildlife,bird watching,nature,hidden,photography",0,01-Feb,"Bird watchers,Photographers",1,10.0,,,"Early morning, low tide",Nov-Mar (flamingo season),Outdoor,No,,"Seasonal, daylight hours",Not wheelchair friendly,Yes,Yes,15-25 min,"~1-1.5 hrs (road, closer to Panvel side)",General travel knowledge,,,0.0,1.0,,20.0,1.25,,True,True,No,False,Outdoor,True,True,False,https://commons.wikimedia.org/wiki/Special:FilePath/Kaas%20Pathar%2C%20Satara%2C%20Maharashtra%2C%20India%20%282018%29%202.jpg,"Wikimedia Commons - Kaas Pathar, Satara (representative Nature/Wildlife photo)"
MUMBAI-054,Matharpacady Heritage Hamlet Walk (Mazgaon),Mumbai,Mumbai City,Maharashtra,Mumbai,18.966,72.842,Heritage,Heritage Precinct,Hillside East Indian village of red-tiled cottages tucked behind Mazgaon's modern high-rises.,"heritage,architecture,hidden,walk",0,0.5-1,"Photographers,Heritage seekers",1,8.0,,,Morning,All year,Outdoor,No,,Daily (respect residents),Not wheelchair friendly,Yes,Yes,10-20 min,~1.5-2 hrs (road),General travel knowledge,,,0.0,0.75,,15.0,1.75,,True,True,No,False,Outdoor,True,True,False,https://commons.wikimedia.org/wiki/Special:FilePath/Red%20Fort%20Delhi.jpg,"Wikimedia Commons - Red Fort, Delhi (representative Heritage/Fort/Architecture/Museum photo)"
MUMBAI-055,Dharavi Pottery & Leather Workshop Tour,Mumbai,Mumbai City,Maharashtra,Mumbai,19.04,72.855,Workshop,Community Tour,Guided walking tour through Dharavi's Kumbharwada potters' colony and small-scale leather/recycling units.,"workshop,local,culture,community",1200,2.5-3,"Culture seekers,Groups",1,12.0,,,Morning,All year,Outdoor,Yes,1.0,Mon-Sat mornings,Not wheelchair friendly,Yes,No,20-30 min,"~1-1.5 hrs (road, Sion side)",General travel knowledge,,,1200.0,2.75,1.0,25.0,1.25,,True,False,Yes,True,Outdoor,True,True,False,,No verified real photo found for this category - left blank
MUMBAI-056,Lalbaug Ganesh Idol Workshop Visit (Seasonal),Mumbai,Mumbai City,Maharashtra,Mumbai,18.982,72.834,Workshop,Seasonal Craft Visit,"Artisan workshops where giant Ganesh idols, including the famed Lalbaugcha Raja, are hand-sculpted before the festival.","workshop,culture,seasonal,local",0,1-1.5,"Culture seekers,Photographers",1,10.0,,,Weeks before Ganesh Chaturthi,Aug-Sep only,Outdoor,No,,Seasonal (Jul-Aug),Not wheelchair friendly,Yes,Yes,15-25 min,~1.5-2 hrs (road),General travel knowledge,,,0.0,1.25,,20.0,1.75,,True,True,No,False,Outdoor,True,True,False,,No verified real photo found for this category - left blank
MUMBAI-057,Kamala Mills Art & Dining District,Mumbai,Mumbai City,Maharashtra,Mumbai,19.0,72.828,Nightlife,Converted Mill Precinct,"Repurposed textile mill compound now home to restaurants, bars, and creative offices in Lower Parel.","nightlife,food,culture",1500,1.5-2.5,"Groups,Couples",1,10.0,,,Evening,All year,Indoor-Outdoor,Recommended,0.0,Daily evenings,Wheelchair accessible,No,No,10-20 min,~1.5-2 hrs (road),General travel knowledge,,,1500.0,2.0,0.0,15.0,1.75,,False,False,Recommended,True,Mixed,True,True,False,,No verified real photo found for this category - left blank
MUMBAI-058,Lower Parel Mill Land Heritage Walk,Mumbai,Mumbai City,Maharashtra,Mumbai,18.995,72.829,Heritage,Industrial Heritage,Walk exploring converted 19th-century textile mill chimneys and structures now housing malls and offices.,"heritage,architecture,walk",0,1-1.5,"Heritage seekers,Photographers",1,10.0,,,Morning,All year,Outdoor,No,,Daily,Wheelchair accessible,No,Yes,10-20 min,~1.5-2 hrs (road),General travel knowledge,,,0.0,1.25,,15.0,1.75,,False,True,No,False,Outdoor,True,True,False,https://commons.wikimedia.org/wiki/Special:FilePath/Red%20Fort%20Delhi.jpg,"Wikimedia Commons - Red Fort, Delhi (representative Heritage/Fort/Architecture/Museum photo)"
MUMBAI-059,High Street Phoenix Shopping & Entertainment,Mumbai,Mumbai City,Maharashtra,Mumbai,19.0,72.826,Shopping,Mall Precinct,"Upscale mall complex in Lower Parel with retail, cinema, and Palladium luxury wing.","shopping,entertainment,family",0,02-Mar,"Families,Shoppers,Groups",1,15.0,,,Afternoon-Evening,All year,Indoor,No,,Daily 11am-10pm,Wheelchair accessible,No,No,10-20 min,~1.5-2 hrs (road),General travel knowledge,,,0.0,2.0,,15.0,1.75,,False,False,No,False,Indoor,True,True,False,,No verified real photo found for this category - left blank
MUMBAI-060,Mani Bhavan Gandhi Museum,Mumbai,Mumbai City,Maharashtra,Mumbai,18.964,72.809,Museum,Historic House Museum,"Gandhi's Mumbai residence during 1917-1934, preserved with photographs, letters and his room.","museum,history,heritage,indoor",10,0.5-1,"History buffs,Students",1,15.0,,,Morning-Afternoon,All year,Indoor,No,,Daily 9:30am-6pm,Partially accessible,No,No,10-20 min,~1.5-2 hrs (road),General travel knowledge,,,10.0,0.75,,15.0,1.75,,False,False,No,False,Indoor,True,True,False,https://commons.wikimedia.org/wiki/Special:FilePath/Red%20Fort%20Delhi.jpg,"Wikimedia Commons - Red Fort, Delhi (representative Heritage/Fort/Architecture/Museum photo)"
MUMBAI-061,National Gallery of Modern Art (NGMA) Mumbai,Mumbai,Mumbai City,Maharashtra,Mumbai,18.927,72.833,Museum,Modern Art Museum,Cylindrical heritage building (former Elphinstone theatre) showing rotating modern and contemporary Indian art.,"art,museum,indoor,culture",20,1-1.5,"Art lovers,Students",1,15.0,,,Morning-Afternoon,All year,Indoor,No,,Tue-Sun 11am-6pm,Wheelchair accessible,No,No,5-15 min,~1.5-2 hrs (road),General travel knowledge,,,20.0,1.25,,10.0,1.75,,False,False,No,False,Indoor,True,True,False,https://commons.wikimedia.org/wiki/Special:FilePath/Red%20Fort%20Delhi.jpg,"Wikimedia Commons - Red Fort, Delhi (representative Heritage/Fort/Architecture/Museum photo)"
MUMBAI-062,RBI Monetary Museum,Mumbai,Mumbai City,Maharashtra,Mumbai,18.932,72.836,Museum,Specialty Museum,Compact museum tracing the history of Indian currency and coinage inside the RBI's Fort building.,"museum,history,indoor,hidden",0,0.5-1,"History buffs,Students",1,15.0,,,Morning-Afternoon,All year,Indoor,No,,Tue-Sun 10:45am-5:15pm,Wheelchair accessible,No,Yes,5-15 min,~1.5-2 hrs (road),General travel knowledge,,,0.0,0.75,,10.0,1.75,,False,True,No,False,Indoor,True,True,False,https://commons.wikimedia.org/wiki/Special:FilePath/Red%20Fort%20Delhi.jpg,"Wikimedia Commons - Red Fort, Delhi (representative Heritage/Fort/Architecture/Museum photo)"
MUMBAI-063,Bhuleshwar Temple & Market Walk,Mumbai,Mumbai City,Maharashtra,Mumbai,18.949,72.829,Religious,Temple Cluster Walk,Dense cluster of small Hindu temples interwoven with vegetable and utensil markets in old Mumbai.,"religious,market,local,culture",0,1-1.5,"Culture seekers,Photographers",1,8.0,,,Morning,All year,Outdoor,No,,Daily,Not wheelchair friendly,Yes,Yes,10-20 min,~1.5-2 hrs (road),General travel knowledge,,,0.0,1.25,,15.0,1.75,,True,True,No,False,Outdoor,True,True,False,https://commons.wikimedia.org/wiki/Special:FilePath/Khandoba%20temple%20Pune.jpg,"Wikimedia Commons - Khandoba Temple, Pune (representative Temple/Religious photo)"
MUMBAI-064,Kalbadevi Silver & Textile Market Walk,Mumbai,Mumbai City,Maharashtra,Mumbai,18.952,72.828,Market,Traditional Market,"Old-city trading lanes specializing in silver ware, sarees, and traditional textiles.","market,shopping,local",0,1-1.5,"Shoppers,Culture seekers",1,8.0,,,Afternoon,All year,Outdoor,No,,Mon-Sat,Not wheelchair friendly,Yes,No,10-20 min,~1.5-2 hrs (road),General travel knowledge,,,0.0,1.25,,15.0,1.75,,True,False,No,False,Outdoor,True,True,False,,No verified real photo found for this category - left blank
MUMBAI-065,Mumbai Central Station Heritage Building Walk,Mumbai,Mumbai City,Maharashtra,Mumbai,18.97,72.819,Architecture,Railway Heritage,"1930 Art Deco-influenced railway terminus, historically the starting point of India's first electric train.","architecture,heritage,photography",0,0.5,"Architecture buffs,Photographers",1,10.0,,,Morning,All year,Outdoor,No,,Daily,Wheelchair accessible,No,Yes,10-20 min,~1.5-2 hrs (road),General travel knowledge,,,0.0,0.5,,15.0,1.75,,False,True,No,False,Outdoor,True,True,False,https://commons.wikimedia.org/wiki/Special:FilePath/Red%20Fort%20Delhi.jpg,"Wikimedia Commons - Red Fort, Delhi (representative Heritage/Fort/Architecture/Museum photo)"
MUMBAI-066,Regal Cinema Art Deco Landmark,Mumbai,Mumbai City,Maharashtra,Mumbai,18.922,72.8318,Architecture,Art Deco Cinema,"One of Mumbai's first Art Deco cinemas (1933), an anchor of the city's UNESCO-listed Art Deco heritage.","architecture,art deco,photography,heritage",0,0.25,"Photographers,Architecture buffs",1,10.0,,,Evening,All year,Outdoor,No,,Daily,Wheelchair accessible,No,No,5-15 min,~1.5-2 hrs (road),General travel knowledge,,,0.0,0.25,,10.0,1.75,,False,False,No,False,Outdoor,True,True,False,https://commons.wikimedia.org/wiki/Special:FilePath/Red%20Fort%20Delhi.jpg,"Wikimedia Commons - Red Fort, Delhi (representative Heritage/Fort/Architecture/Museum photo)"
MUMBAI-067,Todi Mill Social Nightlife & Dining,Mumbai,Mumbai City,Maharashtra,Mumbai,19.005,72.83,Nightlife,Bar & Lounge,"Multi-level converted mill space in Lower Parel with quirky decor, cocktails and live music nights.","nightlife,food,entertainment",2000,02-Mar,"Groups,Couples",2,10.0,,,Evening-Night,All year,Indoor,Recommended,0.0,Daily 12pm-1:30am,Wheelchair accessible,No,No,10-20 min,~1.5-2 hrs (road),General travel knowledge,,,2000.0,2.0,0.0,15.0,1.75,,False,False,Recommended,True,Indoor,True,True,False,,No verified real photo found for this category - left blank
MUMBAI-068,Bandra Fort (Land's End) Sunset Viewpoint,Mumbai,Mumbai Suburban,Maharashtra,Mumbai,19.043,72.82,Fort,Coastal Fort,"17th-century Portuguese watchtower ruins with sweeping views of the Bandra-Worli Sea Link, popular at sunset.","fort,heritage,sunset,photography",0,0.5-1,"Couples,Photographers,Families",1,20.0,,,Sunset,All year,Outdoor,No,,Daily 6am-10pm,Partially accessible,No,No,20-30 min,~1-1.5 hrs (road),General travel knowledge,,,0.0,0.75,,25.0,1.25,,False,False,No,False,Outdoor,True,True,False,https://commons.wikimedia.org/wiki/Special:FilePath/Red%20Fort%20Delhi.jpg,"Wikimedia Commons - Red Fort, Delhi (representative Heritage/Fort/Architecture/Museum photo)"
MUMBAI-069,Bandra Bandstand Promenade Walk,Mumbai,Mumbai Suburban,Maharashtra,Mumbai,19.045,72.821,Coastal,Promenade,"Seafront promenade near Bandra Fort, popular for jogging, views, and celebrity-spotting near Bollywood bungalows.","coastal,walk,local,celebrity",0,0.5-1,"Couples,Solo,Fans",1,20.0,,,Evening,All year,Outdoor,No,,Daily 24 hours,Wheelchair accessible,No,No,20-30 min,~1-1.5 hrs (road),General travel knowledge,,,0.0,0.75,,25.0,1.25,,False,False,No,False,Outdoor,True,True,False,https://commons.wikimedia.org/wiki/Special:FilePath/Deogad%20Beach%20in%20Sindhudurg%20district%20%2CKonkan%20region%20Maharashtra%2C%20India.JPG,"Wikimedia Commons - Deogad Beach, Sindhudurg, Konkan (representative Beach/Coastal photo)"
MUMBAI-070,Mount Mary Church Visit,Mumbai,Mumbai Suburban,Maharashtra,Mumbai,19.044,72.822,Religious,Basilica,"Hilltop Roman Catholic basilica overlooking the sea, centre of the popular annual Bandra Fair.","religious,heritage,coastal",0,0.5,"Pilgrims,Solo",1,20.0,,,Morning,All year (Fair in Sep),Indoor-Outdoor,No,,Daily 6am-8pm,Partially accessible,Yes,No,20-30 min,~1-1.5 hrs (road),General travel knowledge,,,0.0,0.5,,25.0,1.25,,True,False,No,False,Mixed,True,True,False,https://commons.wikimedia.org/wiki/Special:FilePath/Khandoba%20temple%20Pune.jpg,"Wikimedia Commons - Khandoba Temple, Pune (representative Temple/Religious photo)"
MUMBAI-071,Bandra-Worli Sea Link Viewpoint,Mumbai,Mumbai Suburban,Maharashtra,Mumbai,19.027,72.818,Architecture,Modern Engineering Landmark,"Mumbai's iconic 5.6km cable-stayed sea bridge, best viewed from Worli or Bandra Fort vantage points.","architecture,iconic,photography,engineering",0,0.25-0.5,"Photographers,Solo",1,10.0,,,Evening (illuminated),All year,Outdoor,No,,Viewable anytime; toll road for crossing,Partially accessible,No,No,15-25 min,~1-1.5 hrs (road),General travel knowledge,,,0.0,0.375,,20.0,1.25,,False,False,No,False,Outdoor,True,True,False,https://commons.wikimedia.org/wiki/Special:FilePath/Red%20Fort%20Delhi.jpg,"Wikimedia Commons - Red Fort, Delhi (representative Heritage/Fort/Architecture/Museum photo)"
MUMBAI-072,Mehboob Studio Heritage Walk,Mumbai,Mumbai Suburban,Maharashtra,Mumbai,19.06,72.833,Culture,Film Studio,"Historic Bollywood film studio complex active since the 1950s, glimpsed from outside during a Bandra walk.","culture,film,heritage,local",0,0.25-0.5,Bollywood fans,1,10.0,,,Afternoon,All year,Outdoor,No,,Exterior viewable,Wheelchair accessible,No,Yes,20-30 min,~1-1.5 hrs (road),General travel knowledge,,,0.0,0.375,,25.0,1.25,,False,True,No,False,Outdoor,True,True,False,,No verified real photo found for this category - left blank
MUMBAI-073,Pali Village Heritage Bungalow Walk,Mumbai,Mumbai Suburban,Maharashtra,Mumbai,19.067,72.828,Heritage,Heritage Neighborhood,"Leafy Bandra lane of Portuguese-era bungalows, boutique cafes and independent design stores.","heritage,architecture,shopping,walk",0,1-1.5,"Couples,Photographers",1,10.0,,,Afternoon,All year,Outdoor,No,,Daily,Partially accessible,No,Yes,20-30 min,~1-1.5 hrs (road),General travel knowledge,,,0.0,1.25,,25.0,1.25,,False,True,No,False,Outdoor,True,True,False,https://commons.wikimedia.org/wiki/Special:FilePath/Red%20Fort%20Delhi.jpg,"Wikimedia Commons - Red Fort, Delhi (representative Heritage/Fort/Architecture/Museum photo)"
MUMBAI-074,Chapel Road Street Art Walk,Mumbai,Mumbai Suburban,Maharashtra,Mumbai,19.06,72.83,Art,Street Art District,Bandra lane transformed by Bollywood-themed murals under the 'Bollywood Art Project'.,"art,street art,photography,culture",0,0.5-1,"Photographers,Art lovers",1,10.0,,,Morning-Afternoon,All year,Outdoor,No,,Daily,Partially accessible,No,Yes,20-30 min,~1-1.5 hrs (road),General travel knowledge,,,0.0,0.75,,25.0,1.25,,False,True,No,False,Outdoor,True,True,False,,No verified real photo found for this category - left blank
MUMBAI-075,Carter Road Promenade Evening,Mumbai,Mumbai Suburban,Maharashtra,Mumbai,19.068,72.825,Coastal,Promenade,"Bandra's laid-back waterfront hangout with rocky shore seating, food carts, and sunset views.","coastal,local,walk,relaxation",0,1-1.5,"Couples,Groups,Families",1,20.0,,,Evening,All year,Outdoor,No,,Daily 24 hours,Wheelchair accessible,No,No,20-30 min,~1-1.5 hrs (road),General travel knowledge,,,0.0,1.25,,25.0,1.25,,False,False,No,False,Outdoor,True,True,False,https://commons.wikimedia.org/wiki/Special:FilePath/Deogad%20Beach%20in%20Sindhudurg%20district%20%2CKonkan%20region%20Maharashtra%2C%20India.JPG,"Wikimedia Commons - Deogad Beach, Sindhudurg, Konkan (representative Beach/Coastal photo)"
MUMBAI-076,Hill Road Bandra Shopping Street,Mumbai,Mumbai Suburban,Maharashtra,Mumbai,19.059,72.834,Shopping,Street Market,"Bandra's bustling shopping lane for street fashion, accessories and footwear at bargain prices.","shopping,street,local",0,01-Feb,"Shoppers,Solo",1,10.0,,,Afternoon-Evening,All year,Outdoor,No,,Daily 11am-9pm,Partially accessible,Yes,No,20-30 min,~1-1.5 hrs (road),General travel knowledge,,,0.0,1.0,,25.0,1.25,,True,False,No,False,Outdoor,True,True,False,,No verified real photo found for this category - left blank
MUMBAI-077,Khar Danda Fishing Village Walk,Mumbai,Mumbai Suburban,Maharashtra,Mumbai,19.065,72.828,Local Experience,Fishing Village,"Lesser-visited Koli fishing hamlet between Bandra and Khar, with a working jetty and simple seafood shacks.","local,culture,coastal,hidden,food",0,1-1.5,"Culture seekers,Foodies",1,8.0,,,Morning or evening,All year,Outdoor,No,,Daily,Not wheelchair friendly,Yes,Yes,20-30 min,~1-1.5 hrs (road),General travel knowledge,,,0.0,1.25,,25.0,1.25,,True,True,No,False,Outdoor,True,True,False,,No verified real photo found for this category - left blank
MUMBAI-078,Juhu Beach Evening,Mumbai,Mumbai Suburban,Maharashtra,Mumbai,19.099,72.8265,Beach,City Beach,"One of Mumbai's most popular beaches, lined with pani-puri stalls, pony rides, and Bollywood bungalows nearby.","beach,family,street food,local",0,01-Feb,"Families,Groups",1,30.0,,,Evening,All year,Outdoor,No,,Daily 24 hours,Wheelchair accessible,No,No,25-35 min,~1-1.5 hrs (road),General travel knowledge,,,0.0,1.0,,30.0,1.25,,False,False,No,False,Outdoor,True,True,False,https://commons.wikimedia.org/wiki/Special:FilePath/Deogad%20Beach%20in%20Sindhudurg%20district%20%2CKonkan%20region%20Maharashtra%2C%20India.JPG,"Wikimedia Commons - Deogad Beach, Sindhudurg, Konkan (representative Beach/Coastal photo)"
MUMBAI-079,ISKCON Juhu Temple Visit,Mumbai,Mumbai Suburban,Maharashtra,Mumbai,19.103,72.829,Religious,Temple Complex,"Large Krishna temple complex with daily aarti, vegetarian restaurant, and cultural programs.","religious,culture,food",0,1-1.5,"Pilgrims,Families",1,30.0,,,Evening aarti,All year,Indoor-Outdoor,No,,"Daily 4:30am-1pm, 4-9pm",Wheelchair accessible,No,No,25-35 min,~1-1.5 hrs (road),General travel knowledge,,,0.0,1.25,,30.0,1.25,,False,False,No,False,Mixed,True,True,False,https://commons.wikimedia.org/wiki/Special:FilePath/Khandoba%20temple%20Pune.jpg,"Wikimedia Commons - Khandoba Temple, Pune (representative Temple/Religious photo)"
MUMBAI-080,Prithvi Theatre Cultural Evening,Mumbai,Mumbai Suburban,Maharashtra,Mumbai,19.1075,72.826,Culture,Theatre,"Iconic intimate theatre founded by the Kapoor family, staging Hindi and English plays with a beloved cafe.","culture,theatre,entertainment",400,2-2.5,"Theatre lovers,Couples",1,6.0,,,Evening shows,All year,Indoor,Yes,2.0,Check show schedule,Wheelchair accessible,No,No,25-35 min,~1-1.5 hrs (road),General travel knowledge,,,400.0,2.25,2.0,30.0,1.25,,False,False,Yes,True,Indoor,True,True,False,,No verified real photo found for this category - left blank
MUMBAI-081,Juhu Street Food Trail,Mumbai,Mumbai Suburban,Maharashtra,Mumbai,19.0995,72.827,Street Food,Food Walk,"Beachfront stalls serving pav bhaji, sev puri, and kulfi, a Mumbai evening ritual.","food,street food,beach,local",300,1-1.5,"Foodies,Families",1,10.0,,,Evening,All year,Outdoor,No,,Evening-night,Not wheelchair friendly,Yes,No,25-35 min,~1-1.5 hrs (road),General travel knowledge,,,300.0,1.25,,30.0,1.25,,True,False,No,False,Outdoor,True,True,False,https://commons.wikimedia.org/wiki/Special:FilePath/Street%20Food.jpg,"Wikimedia Commons - Street Food, Old Delhi (representative Food photo)"
MUMBAI-082,Versova Beach Sunset,Mumbai,Mumbai Suburban,Maharashtra,Mumbai,19.131,72.813,Beach,City Beach,"A cleaned-up beach (thanks to a famous volunteer cleanup movement) with a laid-back, less crowded vibe.","beach,sunset,local,relaxation",0,1-1.5,"Couples,Solo",1,20.0,,,Sunset,All year,Outdoor,No,,Daily,Wheelchair accessible,No,No,30-40 min,~1-1.5 hrs (road),General travel knowledge,,,0.0,1.25,,35.0,1.25,,False,False,No,False,Outdoor,True,True,False,https://commons.wikimedia.org/wiki/Special:FilePath/Deogad%20Beach%20in%20Sindhudurg%20district%20%2CKonkan%20region%20Maharashtra%2C%20India.JPG,"Wikimedia Commons - Deogad Beach, Sindhudurg, Konkan (representative Beach/Coastal photo)"
MUMBAI-083,Versova Fishing Village Walk,Mumbai,Mumbai Suburban,Maharashtra,Mumbai,19.133,72.81,Local Experience,Fishing Village,"Working Koli fishing community with boats, drying fish yards, and narrow lanes near Versova Beach.","local,culture,coastal,hidden",0,1-1.5,"Culture seekers,Photographers",1,8.0,,,Morning,All year,Outdoor,No,,Daily,Not wheelchair friendly,Yes,Yes,30-40 min,~1-1.5 hrs (road),General travel knowledge,,,0.0,1.25,,35.0,1.25,,True,True,No,False,Outdoor,True,True,False,,No verified real photo found for this category - left blank
MUMBAI-084,Yari Road Nightlife Strip,Mumbai,Mumbai Suburban,Maharashtra,Mumbai,19.128,72.82,Nightlife,Bars & Lounges,"Andheri West's buzzing nightlife stretch near Versova, popular with the film and media crowd.","nightlife,entertainment,food",2000,02-Mar,"Groups,Young adults",2,10.0,,,Night,All year,Indoor,Recommended,0.0,Daily evenings-1:30am,Wheelchair accessible,No,No,30-40 min,~1-1.5 hrs (road),General travel knowledge,,,2000.0,2.0,0.0,35.0,1.25,,False,False,Recommended,True,Indoor,True,True,False,,No verified real photo found for this category - left blank
MUMBAI-085,Aksa Beach Getaway,Mumbai,Mumbai Suburban,Maharashtra,Mumbai,19.178,72.79,Beach,Quiet Beach,"Wide, relatively uncrowded beach near Malad, popular for picnics and occasional beach shacks.","beach,nature,family,relaxation",0,1.5-2.5,"Families,Groups",1,20.0,,,Morning-Evening,All year (avoid monsoon swimming),Outdoor,No,,Daily,Partially accessible,No,Yes,40-50 min,~1.5-2 hrs (road),General travel knowledge,,,0.0,2.0,,45.0,1.75,,False,True,No,False,Outdoor,True,True,False,https://commons.wikimedia.org/wiki/Special:FilePath/Deogad%20Beach%20in%20Sindhudurg%20district%20%2CKonkan%20region%20Maharashtra%2C%20India.JPG,"Wikimedia Commons - Deogad Beach, Sindhudurg, Konkan (representative Beach/Coastal photo)"
MUMBAI-086,Madh Fort Exploration,Mumbai,Mumbai Suburban,Maharashtra,Mumbai,19.185,72.792,Fort,Coastal Fort Ruins,"Overgrown Portuguese-era fort ruins near Madh Island, reachable by a short ferry and rewarding for explorers.","fort,heritage,hidden,coastal",0,1-1.5,"Adventurers,Photographers",1,8.0,,,Morning-Afternoon,All year,Outdoor,No,,Daylight hours,Not wheelchair friendly,No,Yes,40-50 min,~1.5-2 hrs (road),General travel knowledge,,,0.0,1.25,,45.0,1.75,,False,True,No,False,Outdoor,True,True,False,https://commons.wikimedia.org/wiki/Special:FilePath/Red%20Fort%20Delhi.jpg,"Wikimedia Commons - Red Fort, Delhi (representative Heritage/Fort/Architecture/Museum photo)"
MUMBAI-087,Global Vipassana Pagoda Visit,Mumbai,Mumbai Suburban,Maharashtra,Mumbai,19.217,72.8,Religious,Meditation Pagoda,"One of the world's largest stone domes, a golden meditation pagoda built without pillars, on Gorai creek.","religious,architecture,meditation,iconic",5,1.5-2,"Solo,Culture seekers,Families",1,30.0,,,Morning,All year,Indoor-Outdoor,No,,Tue-Sun 9am-7pm,Wheelchair accessible,No,No,45-60 min,~1.5-2 hrs (road),General travel knowledge,,,5.0,1.75,,52.5,1.75,,False,False,No,False,Mixed,True,True,False,https://commons.wikimedia.org/wiki/Special:FilePath/Khandoba%20temple%20Pune.jpg,"Wikimedia Commons - Khandoba Temple, Pune (representative Temple/Religious photo)"
MUMBAI-088,Gorai Beach & Boat Ride,Mumbai,Mumbai Suburban,Maharashtra,Mumbai,19.226,72.79,Boat Ride,Coastal Excursion,"Ferry crossing from Borivali to Gorai island followed by a quieter, less crowded beach.","boat ride,beach,coastal,family",50,02-Mar,"Families,Groups",1,20.0,,,Morning-Afternoon,All year,Outdoor,No,,Daily ferries,Not wheelchair friendly,No,No,45-60 min,~1.5-2 hrs (road),General travel knowledge,,,50.0,2.0,,52.5,1.75,,False,False,No,False,Outdoor,True,True,False,https://commons.wikimedia.org/wiki/Special:FilePath/Deogad%20Beach%20in%20Sindhudurg%20district%20%2CKonkan%20region%20Maharashtra%2C%20India.JPG,"Wikimedia Commons - Deogad Beach, Sindhudurg, Konkan (representative Beach/Coastal photo)"
MUMBAI-089,Essel World & Water Kingdom Family Day,Mumbai,Mumbai Suburban,Maharashtra,Mumbai,19.21,72.799,Entertainment,Amusement Park,"Mumbai's largest amusement and water park, with rides for kids and adults alike.","entertainment,family,kids,rides",900,04-Jun,"Families,Kids,Groups",1,40.0,,,Full day,All year (Water Kingdom seasonal),Outdoor,Recommended,0.0,Daily 11am-7pm,Wheelchair accessible,No,No,45-60 min,~1.5-2 hrs (road),General travel knowledge,,,900.0,4.0,0.0,52.5,1.75,,False,False,Recommended,True,Outdoor,True,True,False,,No verified real photo found for this category - left blank
MUMBAI-090,Sanjay Gandhi National Park Nature Trail,Mumbai,Mumbai Suburban,Maharashtra,Mumbai,19.2147,72.9106,Nature,National Park,"Sprawling forested national park within city limits, offering trails, a lake, and a mini toy train.","nature,wildlife,family,hiking",65,02-Apr,"Families,Nature lovers,Hikers",1,30.0,,,Morning,All year (best Oct-Feb),Outdoor,No,,Daily 7:30am-6:30pm,Partially accessible,No,No,40-55 min,~1.5-2 hrs (road),General travel knowledge,,,65.0,2.0,,47.5,1.75,,False,False,No,False,Outdoor,True,True,False,https://commons.wikimedia.org/wiki/Special:FilePath/Western-Ghats-Matheran.jpg,"Wikimedia Commons - Western Ghats, Matheran (representative Nature/scenic photo)"
MUMBAI-091,Kanheri Caves Heritage Trek,Mumbai,Mumbai Suburban,Maharashtra,Mumbai,19.211,72.906,Heritage,Buddhist Rock-cut Caves,"109 rock-cut Buddhist caves dating to the 1st century BCE, set inside Sanjay Gandhi National Park.","heritage,hiking,history,nature",65,02-Mar,"History buffs,Hikers",1,20.0,,,Morning,All year,Outdoor,No,,Tue-Sun 9am-5pm,Not wheelchair friendly,No,No,40-55 min,~1.5-2 hrs (road),General travel knowledge,,,65.0,2.0,,47.5,1.75,,False,False,No,False,Outdoor,True,True,False,https://commons.wikimedia.org/wiki/Special:FilePath/Red%20Fort%20Delhi.jpg,"Wikimedia Commons - Red Fort, Delhi (representative Heritage/Fort/Architecture/Museum photo)"
MUMBAI-092,SGNP Lion & Tiger Safari,Mumbai,Mumbai Suburban,Maharashtra,Mumbai,19.213,72.908,Wildlife,Safari Park,Enclosed jungle safari within SGNP offering sightings of Asiatic lions and Bengal tigers from a bus.,"wildlife,family,safari",100,0.5-1,"Families,Kids",1,20.0,,,Morning-Afternoon,All year,Outdoor,No,,Daily (closed Mon),Wheelchair accessible,No,No,40-55 min,~1.5-2 hrs (road),General travel knowledge,,,100.0,0.75,,47.5,1.75,,False,False,No,False,Outdoor,True,True,False,https://commons.wikimedia.org/wiki/Special:FilePath/Kaas%20Pathar%2C%20Satara%2C%20Maharashtra%2C%20India%20%282018%29%202.jpg,"Wikimedia Commons - Kaas Pathar, Satara (representative Nature/Wildlife photo)"
MUMBAI-093,SGNP Toy Train Ride,Mumbai,Mumbai Suburban,Maharashtra,Mumbai,19.21,72.91,Family,Amusement Ride,"Short miniature train loop through the national park's greenery, a hit with younger children.","family,kids,nature",40,0.25-0.5,"Families,Kids",1,30.0,,,Morning-Afternoon,All year,Outdoor,No,,Daily,Partially accessible,No,No,40-55 min,~1.5-2 hrs (road),General travel knowledge,,,40.0,0.375,,47.5,1.75,,False,False,No,False,Outdoor,True,True,False,,No verified real photo found for this category - left blank
MUMBAI-094,Mandapeshwar Caves Borivali,Mumbai,Mumbai Suburban,Maharashtra,Mumbai,19.236,72.856,Heritage,Rock-cut Caves,"Lesser-visited 6th-century rock-cut cave temple, later converted into a Portuguese church, tucked in a residential lane.","heritage,hidden,history",0,0.5-1,"History buffs,Photographers",1,8.0,,,Morning,All year,Outdoor,No,,Daylight hours,Not wheelchair friendly,No,Yes,40-55 min,~1.5-2 hrs (road),General travel knowledge,,,0.0,0.75,,47.5,1.75,,False,True,No,False,Outdoor,True,True,False,https://commons.wikimedia.org/wiki/Special:FilePath/Red%20Fort%20Delhi.jpg,"Wikimedia Commons - Red Fort, Delhi (representative Heritage/Fort/Architecture/Museum photo)"
MUMBAI-095,Eksar Wetlands Bird Watching,Mumbai,Mumbai Suburban,Maharashtra,Mumbai,19.24,72.85,Wildlife,Wetland Bird Watching,"Community-conserved wetland patch in Borivali attracting herons, kingfishers and migratory waterfowl.","wildlife,bird watching,nature,hidden",0,01-Feb,"Bird watchers,Nature lovers",1,8.0,,,Early morning,Nov-Feb best,Outdoor,No,,Daylight hours,Not wheelchair friendly,No,Yes,40-55 min,~1.5-2 hrs (road),General travel knowledge,,,0.0,1.0,,47.5,1.75,,False,True,No,False,Outdoor,True,True,False,https://commons.wikimedia.org/wiki/Special:FilePath/Kaas%20Pathar%2C%20Satara%2C%20Maharashtra%2C%20India%20%282018%29%202.jpg,"Wikimedia Commons - Kaas Pathar, Satara (representative Nature/Wildlife photo)"
MUMBAI-096,Marve Beach Coastal Walk,Mumbai,Mumbai Suburban,Maharashtra,Mumbai,19.187,72.792,Beach,Quiet Beach,"Fishing-village-adjacent beach near Malad, a jump-off point for ferries to Manori and Gorai.","beach,coastal,local",0,1-1.5,"Families,Solo",1,15.0,,,Evening,All year,Outdoor,No,,Daily,Partially accessible,No,Yes,40-55 min,~1.5-2 hrs (road),General travel knowledge,,,0.0,1.25,,47.5,1.75,,False,True,No,False,Outdoor,True,True,False,https://commons.wikimedia.org/wiki/Special:FilePath/Deogad%20Beach%20in%20Sindhudurg%20district%20%2CKonkan%20region%20Maharashtra%2C%20India.JPG,"Wikimedia Commons - Deogad Beach, Sindhudurg, Konkan (representative Beach/Coastal photo)"
MUMBAI-097,Powai Lake Evening Walk,Mumbai,Mumbai Suburban,Maharashtra,Mumbai,19.126,72.905,Nature,Urban Lake,"Large artificial lake ringed by the IIT campus and Hiranandani Gardens, popular for evening strolls.","nature,walk,local,relaxation",0,0.5-1,"Couples,Families,Joggers",1,20.0,,,Evening,All year,Outdoor,No,,Daily 24 hours,Wheelchair accessible,No,No,30-45 min,~35-50 min (road),General travel knowledge,,,0.0,0.75,,37.5,0.7083333333333334,,False,False,No,False,Outdoor,True,True,False,https://commons.wikimedia.org/wiki/Special:FilePath/Western-Ghats-Matheran.jpg,"Wikimedia Commons - Western Ghats, Matheran (representative Nature/scenic photo)"
MUMBAI-098,IIT Bombay Campus Walk,Mumbai,Mumbai Suburban,Maharashtra,Mumbai,19.133,72.915,Culture,Academic Campus,"Leafy, deer-populated campus of India's premier engineering institute, open for casual public walks.","culture,nature,education,local",0,1-1.5,"Students,Nature lovers",1,15.0,,,Morning-Evening,All year,Outdoor,No,,Daily,Wheelchair accessible,No,Yes,30-45 min,~35-50 min (road),General travel knowledge,,,0.0,1.25,,37.5,0.7083333333333334,,False,True,No,False,Outdoor,True,True,False,,No verified real photo found for this category - left blank
MUMBAI-099,Hiranandani Gardens Powai Architecture Walk,Mumbai,Mumbai Suburban,Maharashtra,Mumbai,19.117,72.906,Architecture,Planned Township,"Neoclassical-styled planned township with pastel facades, plazas and cafes, oddly reminiscent of a European town.","architecture,walk,shopping,photography",0,1-1.5,"Photographers,Couples",1,15.0,,,Evening,All year,Outdoor,No,,Daily,Wheelchair accessible,No,No,30-45 min,~35-50 min (road),General travel knowledge,,,0.0,1.25,,37.5,0.7083333333333334,,False,False,No,False,Outdoor,True,True,False,https://commons.wikimedia.org/wiki/Special:FilePath/Red%20Fort%20Delhi.jpg,"Wikimedia Commons - Red Fort, Delhi (representative Heritage/Fort/Architecture/Museum photo)"
MUMBAI-100,Powai Lake Boating,Mumbai,Mumbai Suburban,Maharashtra,Mumbai,19.125,72.907,Boat Ride,Lake Boating,"Paddle and motor boat rides on Powai Lake, a relaxed family activity with skyline views.","boat ride,family,nature",150,0.5-1,"Families,Couples",1,10.0,,,Evening,All year,Outdoor,No,,Daily evenings,Partially accessible,No,No,30-45 min,~35-50 min (road),General travel knowledge,,,150.0,0.75,,37.5,0.7083333333333334,,False,False,No,False,Outdoor,True,True,False,https://commons.wikimedia.org/wiki/Special:FilePath/Deogad%20Beach%20in%20Sindhudurg%20district%20%2CKonkan%20region%20Maharashtra%2C%20India.JPG,"Wikimedia Commons - Deogad Beach, Sindhudurg, Konkan (representative Beach/Coastal photo)"
MUMBAI-101,Film City Goregaon Studio Tour,Mumbai,Mumbai Suburban,Maharashtra,Mumbai,19.152,72.887,Entertainment,Film Studio Tour,Sprawling Bollywood film production complex with guided tours through iconic outdoor sets and gardens.,"entertainment,film,family,culture",400,02-Mar,"Bollywood fans,Families,Groups",2,20.0,,,Morning-Afternoon,All year,Outdoor,Yes,1.0,Daily by prior booking,Partially accessible,No,No,35-50 min,~50 min-1 hr (road),General travel knowledge,,,400.0,2.0,1.0,42.5,25.5,,False,False,Yes,True,Outdoor,True,True,False,,No verified real photo found for this category - left blank
MUMBAI-102,Aarey Milk Colony Forest Trail,Mumbai,Mumbai Suburban,Maharashtra,Mumbai,19.15,72.88,Nature,Urban Forest,"Mumbai's green lung - a forested dairy colony with walking trails, dairy farms and leopard sightings possible.","nature,hiking,wildlife,family",0,1.5-2.5,"Nature lovers,Families,Hikers",1,15.0,,,Early morning,All year,Outdoor,No,,Daily 6am-7pm,Partially accessible,No,Yes,35-50 min,~50 min-1 hr (road),General travel knowledge,,,0.0,2.0,,42.5,25.5,,False,True,No,False,Outdoor,True,True,False,https://commons.wikimedia.org/wiki/Special:FilePath/Western-Ghats-Matheran.jpg,"Wikimedia Commons - Western Ghats, Matheran (representative Nature/scenic photo)"
MUMBAI-103,Aarey Colony Bird & Nature Watching,Mumbai,Mumbai Suburban,Maharashtra,Mumbai,19.148,72.882,Wildlife,Bird Watching,"Quiet trails within Aarey favoured by local birders for spotting owls, kingfishers and butterflies.","wildlife,bird watching,nature,hidden",0,1.5-2,"Bird watchers,Nature lovers",1,8.0,,,Early morning,Oct-Feb best,Outdoor,No,,Daylight hours,Not wheelchair friendly,No,Yes,35-50 min,~50 min-1 hr (road),General travel knowledge,,,0.0,1.75,,42.5,25.5,,False,True,No,False,Outdoor,True,True,False,https://commons.wikimedia.org/wiki/Special:FilePath/Kaas%20Pathar%2C%20Satara%2C%20Maharashtra%2C%20India%20%282018%29%202.jpg,"Wikimedia Commons - Kaas Pathar, Satara (representative Nature/Wildlife photo)"
MUMBAI-104,Jogeshwari Caves Heritage Visit,Mumbai,Mumbai Suburban,Maharashtra,Mumbai,19.138,72.85,Heritage,Rock-cut Caves,"Among the oldest Hindu-Buddhist rock-cut caves in Mumbai, atmospheric but less maintained and lesser-visited.","heritage,hidden,history",0,0.5-1,"History buffs,Explorers",1,6.0,,,Morning,All year,Outdoor,No,,Daylight hours,Not wheelchair friendly,No,Yes,30-45 min,~50 min-1 hr (road),General travel knowledge,,,0.0,0.75,,37.5,25.5,,False,True,No,False,Outdoor,True,True,False,https://commons.wikimedia.org/wiki/Special:FilePath/Red%20Fort%20Delhi.jpg,"Wikimedia Commons - Red Fort, Delhi (representative Heritage/Fort/Architecture/Museum photo)"
MUMBAI-105,Lokhandwala Market Shopping,Mumbai,Mumbai Suburban,Maharashtra,Mumbai,19.13,72.829,Shopping,Street & Boutique Market,"Andheri West market strip mixing street stalls with trendy boutiques, popular with the young crowd.","shopping,local,street",0,1-1.5,"Shoppers,Young adults",1,10.0,,,Evening,All year,Outdoor,No,,Daily 11am-9:30pm,Partially accessible,No,No,30-45 min,~1-1.25 hrs (road),General travel knowledge,,,0.0,1.25,,37.5,1.125,,False,False,No,False,Outdoor,True,True,False,,No verified real photo found for this category - left blank
MUMBAI-106,Chembur Diamond Garden Evening,Mumbai,Mumbai Suburban,Maharashtra,Mumbai,19.062,72.9,Nature,Neighborhood Park,"Well-maintained neighbourhood garden with a diamond-shaped layout, popular for evening leisure and jogging.","park,local,family,relaxation",0,0.5-1,"Families,Locals",1,20.0,,,Evening,All year,Outdoor,No,,Daily 6am-9pm,Wheelchair accessible,No,No,20-30 min,~20-30 min (road),General travel knowledge,,,0.0,0.75,,25.0,0.4166666666666667,,False,False,No,False,Outdoor,True,True,False,https://commons.wikimedia.org/wiki/Special:FilePath/Western-Ghats-Matheran.jpg,"Wikimedia Commons - Western Ghats, Matheran (representative Nature/scenic photo)"
MUMBAI-107,Trombay Somnath Temple Visit,Mumbai,Mumbai Suburban,Maharashtra,Mumbai,19.03,72.92,Religious,Temple,"Historic hilltop Shiva temple in Trombay with a peaceful, less-touristed atmosphere.","religious,heritage,hidden",0,0.5-1,"Pilgrims,Solo",1,15.0,,,Morning,All year,Indoor-Outdoor,No,,Daily,Partially accessible,No,Yes,20-30 min,~20-30 min (road),General travel knowledge,,,0.0,0.75,,25.0,0.4166666666666667,,False,True,No,False,Mixed,True,True,False,https://commons.wikimedia.org/wiki/Special:FilePath/Khandoba%20temple%20Pune.jpg,"Wikimedia Commons - Khandoba Temple, Pune (representative Temple/Religious photo)"
MUMBAI-108,Mulund Yogi Hills Nature Trail,Mumbai,Mumbai Suburban,Maharashtra,Mumbai,19.172,72.956,Nature,Hiking Trail,"Small hillock offering an easy nature trail and temple, popular with local weekend hikers.","nature,hiking,local,hidden",0,01-Feb,"Hikers,Nature lovers",1,15.0,,,Early morning,Oct-Feb best,Outdoor,No,,Daylight hours,Not wheelchair friendly,No,Yes,45-60 min,~35-50 min (road),General travel knowledge,,,0.0,1.0,,52.5,0.7083333333333334,,False,True,No,False,Outdoor,True,True,False,https://commons.wikimedia.org/wiki/Special:FilePath/Western-Ghats-Matheran.jpg,"Wikimedia Commons - Western Ghats, Matheran (representative Nature/scenic photo)"
MUMBAI-109,Bhandup Pumping Station Bird Sanctuary,Mumbai,Mumbai Suburban,Maharashtra,Mumbai,19.15,72.94,Wildlife,Bird Watching,Wetland area beside a water pumping station known among birders for flamingos and wading birds.,"wildlife,bird watching,nature,hidden",0,1.5-2,"Bird watchers,Photographers",1,8.0,,,Early morning,Nov-Feb best,Outdoor,Recommended,1.0,Weekends by permission,Not wheelchair friendly,No,Yes,40-55 min,~30-45 min (road),General travel knowledge,,,0.0,1.75,1.0,47.5,0.625,,False,True,Recommended,True,Outdoor,True,True,False,https://commons.wikimedia.org/wiki/Special:FilePath/Kaas%20Pathar%2C%20Satara%2C%20Maharashtra%2C%20India%20%282018%29%202.jpg,"Wikimedia Commons - Kaas Pathar, Satara (representative Nature/Wildlife photo)"
MUMBAI-110,Vikhroli Godrej Mangrove Boardwalk,Mumbai,Mumbai Suburban,Maharashtra,Mumbai,19.11,72.928,Nature,Mangrove Walk,"Guided boardwalk through a private mangrove reserve maintained by Godrej, rich in bird and crab life.","nature,wildlife,bird watching,hidden",200,1.5-2,"Nature lovers,Families",2,15.0,,,Morning,Oct-Mar best,Outdoor,Yes,3.0,"Select weekends, by registration",Partially accessible,No,Yes,35-50 min,~25-40 min (road),General travel knowledge,,,200.0,1.75,3.0,42.5,0.5416666666666666,,False,True,Yes,True,Outdoor,True,True,False,https://commons.wikimedia.org/wiki/Special:FilePath/Western-Ghats-Matheran.jpg,"Wikimedia Commons - Western Ghats, Matheran (representative Nature/scenic photo)"
MUMBAI-111,Vihar Lake Nature Walk,Mumbai,Mumbai Suburban,Maharashtra,Mumbai,19.142,72.92,Nature,Reservoir Walk,"Forested lake within SGNP's buffer zone, a peaceful spot for walks and occasional bird sightings.","nature,walk,bird watching,hidden",0,1-1.5,"Nature lovers,Hikers",1,10.0,,,Morning,All year,Outdoor,No,,Daylight hours,Not wheelchair friendly,No,Yes,40-55 min,~35-50 min (road),General travel knowledge,,,0.0,1.25,,47.5,0.7083333333333334,,False,True,No,False,Outdoor,True,True,False,https://commons.wikimedia.org/wiki/Special:FilePath/Western-Ghats-Matheran.jpg,"Wikimedia Commons - Western Ghats, Matheran (representative Nature/scenic photo)"
MUMBAI-112,Tulsi Lake Forest Walk,Mumbai,Mumbai Suburban,Maharashtra,Mumbai,19.2,72.902,Nature,Forest Lake,"Smaller, quieter reservoir inside SGNP surrounded by dense forest, favoured by serious trekkers.","nature,hiking,hidden",0,1.5-2.5,"Hikers,Nature lovers",1,10.0,,,Morning,Oct-Feb best,Outdoor,No,,Daylight hours (park entry required),Not wheelchair friendly,No,Yes,45-60 min,~1.5-2 hrs (road),General travel knowledge,,,0.0,2.0,,52.5,1.75,,False,True,No,False,Outdoor,True,True,False,https://commons.wikimedia.org/wiki/Special:FilePath/Western-Ghats-Matheran.jpg,"Wikimedia Commons - Western Ghats, Matheran (representative Nature/scenic photo)"
MUMBAI-113,Andheri Infinity/Lokhandwala Nightlife Circuit,Mumbai,Mumbai Suburban,Maharashtra,Mumbai,19.131,72.828,Nightlife,Bars & Lounges,"Cluster of bars, pubs and live-music venues in Andheri/Lokhandwala popular with young professionals.","nightlife,entertainment,food",2200,02-Mar,"Groups,Young adults",2,10.0,,,Night,All year,Indoor,Recommended,0.0,Daily evenings-1:30am,Wheelchair accessible,No,No,30-45 min,~1-1.25 hrs (road),General travel knowledge,,,2200.0,2.0,0.0,37.5,1.125,,False,False,Recommended,True,Indoor,True,True,False,,No verified real photo found for this category - left blank
MUMBAI-114,Vile Parle Irla Street Food Lane,Mumbai,Mumbai Suburban,Maharashtra,Mumbai,19.099,72.846,Street Food,Food Walk,"Compact lane near Irla, Vile Parle, crowded nightly with chaat, Chinese and juice stalls.","food,street food,local",250,1-1.5,"Foodies,Groups",1,8.0,,,Evening-Night,All year,Outdoor,No,,Evening-night,Not wheelchair friendly,Yes,No,25-35 min,~1-1.25 hrs (road),General travel knowledge,,,250.0,1.25,,30.0,1.125,,True,False,No,False,Outdoor,True,True,False,https://commons.wikimedia.org/wiki/Special:FilePath/Street%20Food.jpg,"Wikimedia Commons - Street Food, Old Delhi (representative Food photo)"
MUMBAI-115,Powai IIT Deer Park & Boating Combo,Mumbai,Mumbai Suburban,Maharashtra,Mumbai,19.13,72.908,Family,Combo Activity,"Half-day combo of a peaceful IIT campus stroll followed by lake boating, ideal for families with kids.","family,nature,boat ride",200,02-Mar,"Families,Kids",2,10.0,,,Evening,All year,Outdoor,No,,Daily,Partially accessible,No,No,30-45 min,~35-50 min (road),General travel knowledge,,,200.0,2.0,,37.5,0.7083333333333334,,False,False,No,False,Outdoor,True,True,False,,No verified real photo found for this category - left blank
MUMBAI-116,Bandra Kurla Complex Skyline Photography,Mumbai,Mumbai Suburban,Maharashtra,Mumbai,19.066,72.868,Photography,Modern Skyline,"Mumbai's planned business district with modern glass towers, striking for night skyline photography.","photography,architecture,modern",0,0.5-1,Photographers,1,10.0,,,Evening,All year,Outdoor,No,,Daily,Wheelchair accessible,No,No,25-35 min,~50 min-1 hr (road),General travel knowledge,,,0.0,0.75,,30.0,25.5,,False,False,No,False,Outdoor,True,True,False,https://commons.wikimedia.org/wiki/Special:FilePath/Western-Ghats-Matheran.jpg,"Wikimedia Commons - Western Ghats, Matheran (representative Nature/scenic photo)"
MUMBAI-117,Colaba Night Market & Cafe Hopping,Mumbai,Mumbai City,Maharashtra,Mumbai,18.9075,72.8145,Nightlife,Street & Cafe Circuit,"Evening circuit through Colaba's cafes, bars and pavement stalls, a favourite for solo travellers and backpackers.","nightlife,food,shopping,local",1000,02-Mar,"Solo,Groups,Backpackers",1,10.0,,,Night,All year,Indoor-Outdoor,No,,Daily evenings-1am,Partially accessible,Yes,No,5-15 min,~1.5-2 hrs (road),General travel knowledge,,,1000.0,2.0,,10.0,1.75,,True,False,No,False,Mixed,True,True,False,,No verified real photo found for this category - left blank
MUMBAI-118,Kite Flying at Girgaum Chowpatty,Mumbai,Mumbai City,Maharashtra,Mumbai,18.9547,72.8144,Local Experience,Recreational Activity,"Locals gather at the beach for kite flying, especially lively around Makar Sankranti in January.","local,family,recreation,seasonal",0,0.5-1,"Families,Kids",1,10.0,,,Afternoon,Best in January,Outdoor,No,,Seasonal weekends,Wheelchair accessible,Yes,Yes,5-15 min,~1.5-2 hrs (road),General travel knowledge,,,0.0,0.75,,10.0,1.75,,True,True,No,False,Outdoor,True,True,False,,No verified real photo found for this category - left blank
MUMBAI-119,Byculla Heritage & Bhau Daji Lad Combo Walk,Mumbai,Mumbai City,Maharashtra,Mumbai,18.9758,72.833,Heritage,Combo Walking Tour,"Combined heritage walk covering Byculla's Victorian-era zoo gates, museum, and old railway workshop buildings.","heritage,museum,walk,family",50,2-2.5,"Families,Heritage seekers",2,15.0,,,Morning,All year,Outdoor,No,,Tue-Sun,Partially accessible,No,No,10-25 min,~1.5-2 hrs (road),General travel knowledge,,,50.0,2.25,,17.5,1.75,,False,False,No,False,Outdoor,True,True,False,https://commons.wikimedia.org/wiki/Special:FilePath/Red%20Fort%20Delhi.jpg,"Wikimedia Commons - Red Fort, Delhi (representative Heritage/Fort/Architecture/Museum photo)"
MUMBAI-120,Bandra Fish Market Morning Visit,Mumbai,Mumbai Suburban,Maharashtra,Mumbai,19.053,72.83,Local Experience,Fish Market,"Lively morning market where Koli women sell the day's catch, a slice of authentic old Bandra.","local,market,culture,food",0,0.5-1,"Culture seekers,Photographers",1,8.0,,,Early morning,All year,Outdoor,No,,Daily dawn-noon,Not wheelchair friendly,Yes,Yes,20-30 min,~1-1.5 hrs (road),General travel knowledge,,,0.0,0.75,,25.0,1.25,,True,True,No,False,Outdoor,True,True,False,,No verified real photo found for this category - left blank
MUMBAI-121,Famous Studios Heritage Peek (Mahalaxmi),Mumbai,Mumbai City,Maharashtra,Mumbai,18.98,72.823,Culture,Film Studio,"One of India's oldest functioning film studios, its Art Deco gate a nod to Bollywood's golden era.","culture,film,heritage,hidden",0,0.25,Bollywood fans,1,10.0,,,Afternoon,All year,Outdoor,No,,Exterior viewable,Wheelchair accessible,No,Yes,10-20 min,~1.5-2 hrs (road),General travel knowledge,,,0.0,0.25,,15.0,1.75,,False,True,No,False,Outdoor,True,True,False,,No verified real photo found for this category - left blank
MUMBAI-122,Haji Ali Juice Centre Food Stop,Mumbai,Mumbai City,Maharashtra,Mumbai,18.98,72.811,Food,Iconic Food Stall,"Legendary roadside juice and fruit-cream stall near Haji Ali, a Mumbai institution since the 1960s.","food,street food,iconic,local",150,0.25-0.5,"Foodies,Families",1,10.0,,,Evening,All year,Outdoor,No,,Daily,Partially accessible,Yes,No,10-25 min,~1.5-2 hrs (road),General travel knowledge,,,150.0,0.375,,17.5,1.75,,True,False,No,False,Outdoor,True,True,False,https://commons.wikimedia.org/wiki/Special:FilePath/Street%20Food.jpg,"Wikimedia Commons - Street Food, Old Delhi (representative Food photo)"
MUMBAI-123,Mulund Nature Park,Mumbai,Mumbai Suburban,Maharashtra,Mumbai,19.175,72.949,Nature,Neighborhood Garden,"Quiet, well-landscaped suburban park good for a peaceful break with kids on a longer eastern-suburbs itinerary.","park,family,local",0,0.5-1,"Families,Locals",1,15.0,,,Evening,All year,Outdoor,No,,Daily 6am-9pm,Wheelchair accessible,No,No,45-60 min,~35-50 min (road),General travel knowledge,,,0.0,0.75,,52.5,0.7083333333333334,,False,False,No,False,Outdoor,True,True,False,https://commons.wikimedia.org/wiki/Special:FilePath/Western-Ghats-Matheran.jpg,"Wikimedia Commons - Western Ghats, Matheran (representative Nature/scenic photo)"
MUMBAI-124,Chembur Bhakti Park Riverside Walk,Mumbai,Mumbai Suburban,Maharashtra,Mumbai,19.055,72.902,Nature,Riverside Park,"Hilltop park with views over the Mithi river and mangroves, connected to the Ghatkopar-Mankhurd metro corridor.","nature,walk,local,hidden",0,0.5-1,"Locals,Photographers",1,15.0,,,Evening,All year,Outdoor,No,,Daily,Partially accessible,No,Yes,20-30 min,~20-30 min (road),General travel knowledge,,,0.0,0.75,,25.0,0.4166666666666667,,False,True,No,False,Outdoor,True,True,False,https://commons.wikimedia.org/wiki/Special:FilePath/Western-Ghats-Matheran.jpg,"Wikimedia Commons - Western Ghats, Matheran (representative Nature/scenic photo)"
MUMBAI-125,Sion Fort Heritage Climb,Mumbai,Mumbai Suburban,Maharashtra,Mumbai,19.043,72.862,Fort,Hilltop Fort Ruins,"Small British-era fort ruin atop Sion hillock, offering a quick heritage detour with city views.","fort,heritage,hidden,photography",0,0.5-1,"Photographers,Heritage seekers",1,8.0,,,Evening,All year,Outdoor,No,,Daylight hours,Not wheelchair friendly,No,Yes,20-30 min,~50 min-1 hr (road),General travel knowledge,,,0.0,0.75,,25.0,25.5,,False,True,No,False,Outdoor,True,True,False,https://commons.wikimedia.org/wiki/Special:FilePath/Red%20Fort%20Delhi.jpg,"Wikimedia Commons - Red Fort, Delhi (representative Heritage/Fort/Architecture/Museum photo)"
MUMBAI-126,Matunga Parsi Colony Heritage Walk,Mumbai,Mumbai City,Maharashtra,Mumbai,19.025,72.842,Heritage,Heritage Neighborhood,"Well-preserved early-20th-century Parsi housing colony with distinct architecture and quiet, tree-lined streets.","heritage,architecture,walk,hidden",0,0.5-1,"Photographers,Heritage seekers",1,8.0,,,Morning,All year,Outdoor,No,,Daily (respect residents),Partially accessible,No,Yes,15-25 min,~1.5-2 hrs (road),General travel knowledge,,,0.0,0.75,,20.0,1.75,,False,True,No,False,Outdoor,True,True,False,https://commons.wikimedia.org/wiki/Special:FilePath/Red%20Fort%20Delhi.jpg,"Wikimedia Commons - Red Fort, Delhi (representative Heritage/Fort/Architecture/Museum photo)"
MUMBAI-127,Dadar Parsi Colony Cycling/Walking Loop,Mumbai,Mumbai City,Maharashtra,Mumbai,19.023,72.844,Local Experience,Neighborhood Loop,"Calm residential loop popular with early-morning cyclists and walkers, dotted with old bungalows.","local,walk,hidden,family",0,0.5-1,"Locals,Joggers",1,15.0,,,Early morning,All year,Outdoor,No,,Daily,Wheelchair accessible,No,Yes,15-25 min,~1.5-2 hrs (road),General travel knowledge,,,0.0,0.75,,20.0,1.75,,False,True,No,False,Outdoor,True,True,False,,No verified real photo found for this category - left blank
MUMBAI-128,Andheri Metro Art Wall Photography Stop,Mumbai,Mumbai Suburban,Maharashtra,Mumbai,19.1197,72.8468,Art,Public Art,"Colorful commissioned murals along parts of the Andheri metro corridor, a quick stop for urban photography.","art,street art,photography,hidden",0,0.25-0.5,Photographers,1,8.0,,,Afternoon,All year,Outdoor,No,,Daily,Wheelchair accessible,No,Yes,25-35 min,~1-1.25 hrs (road),General travel knowledge,,,0.0,0.375,,30.0,1.125,,False,True,No,False,Outdoor,True,True,False,,No verified real photo found for this category - left blank
MUMBAI-129,Goregaon Aarey Dairy Farm Visit,Mumbai,Mumbai Suburban,Maharashtra,Mumbai,19.155,72.879,Family,Working Dairy,Government dairy colony where visitors can view milking operations and buy fresh dairy products.,"family,local,nature",0,0.5-1,"Families,Kids",1,15.0,,,Morning,All year,Outdoor,No,,Daily mornings,Partially accessible,No,Yes,35-50 min,~50 min-1 hr (road),General travel knowledge,,,0.0,0.75,,42.5,25.5,,False,True,No,False,Outdoor,True,True,False,,No verified real photo found for this category - left blank
MUMBAI-130,Powai Waterfront Cafe & Craft Market Evening,Mumbai,Mumbai Suburban,Maharashtra,Mumbai,19.12,72.908,Shopping,Weekend Market,Lakeside promenade lined with cafes hosting occasional weekend flea and craft markets.,"shopping,food,local,evening",0,1-1.5,"Couples,Groups",1,10.0,,,Evening,All year,Outdoor,No,,Select weekends,Wheelchair accessible,No,No,30-45 min,~35-50 min (road),General travel knowledge,,,0.0,1.25,,37.5,0.7083333333333334,,False,False,No,False,Outdoor,True,True,False,,No verified real photo found for this category - left blank
MUMBAI-131,Kandivali Charkop Beach Walk (Erangal),Mumbai,Mumbai Suburban,Maharashtra,Mumbai,19.195,72.787,Beach,Quiet Beach,"Peaceful stretch of sand near Madh Island backed by a small church and fishing hamlet, off the usual circuit.","beach,hidden,coastal,local",0,1-1.5,"Solo,Couples,Photographers",1,10.0,,,Morning-Evening,All year,Outdoor,No,,Daily,Not wheelchair friendly,No,Yes,40-55 min,~1.5-2 hrs (road),General travel knowledge,,,0.0,1.25,,47.5,1.75,,False,True,No,False,Outdoor,True,True,False,https://commons.wikimedia.org/wiki/Special:FilePath/Deogad%20Beach%20in%20Sindhudurg%20district%20%2CKonkan%20region%20Maharashtra%2C%20India.JPG,"Wikimedia Commons - Deogad Beach, Sindhudurg, Konkan (representative Beach/Coastal photo)"
MUMBAI-132,Malad Marve-Manori Ferry Boat Ride,Mumbai,Mumbai Suburban,Maharashtra,Mumbai,19.19,72.793,Boat Ride,Coastal Ferry,"Short creek-crossing ferry between Marve and Manori villages, a fun low-cost coastal excursion.","boat ride,coastal,local,family",20,0.5-1,"Families,Adventurers",1,20.0,,,Morning-Evening,All year,Outdoor,No,,Daily ferries,Not wheelchair friendly,No,Yes,40-55 min,~1.5-2 hrs (road),General travel knowledge,,,20.0,0.75,,47.5,1.75,,False,True,No,False,Outdoor,True,True,False,https://commons.wikimedia.org/wiki/Special:FilePath/Deogad%20Beach%20in%20Sindhudurg%20district%20%2CKonkan%20region%20Maharashtra%2C%20India.JPG,"Wikimedia Commons - Deogad Beach, Sindhudurg, Konkan (representative Beach/Coastal photo)"
MUMBAI-133,Goregaon Film City Nature Trail,Mumbai,Mumbai Suburban,Maharashtra,Mumbai,19.155,72.89,Nature,Wooded Trail,Forested trails within the Film City compound offering birdwatching away from the studio sets.,"nature,hiking,bird watching,hidden",0,01-Feb,"Nature lovers,Hikers",1,10.0,,,Morning,Oct-Feb best,Outdoor,No,,Daylight hours,Not wheelchair friendly,No,Yes,35-50 min,~50 min-1 hr (road),General travel knowledge,,,0.0,1.0,,42.5,25.5,,False,True,No,False,Outdoor,True,True,False,https://commons.wikimedia.org/wiki/Special:FilePath/Western-Ghats-Matheran.jpg,"Wikimedia Commons - Western Ghats, Matheran (representative Nature/scenic photo)"
MUMBAI-134,Sion-Koliwada Local Market Walk,Mumbai,Mumbai Suburban,Maharashtra,Mumbai,19.04,72.863,Market,Neighborhood Market,"Everyday local market street in Sion, offering a slice of non-touristy Mumbai shopping and snacking.","market,local,food,hidden",0,0.5-1,"Locals,Culture seekers",1,8.0,,,Morning-Afternoon,All year,Outdoor,No,,Daily,Not wheelchair friendly,Yes,Yes,20-30 min,~50 min-1 hr (road),General travel knowledge,,,0.0,0.75,,25.0,25.5,,True,True,No,False,Outdoor,True,True,False,,No verified real photo found for this category - left blank
MUMBAI-135,Worli Sea Face Evening Walk,Mumbai,Mumbai City,Maharashtra,Mumbai,19.01,72.817,Coastal,Promenade,"A calmer alternative to Marine Drive, this Worli promenade offers Sea Link views without the crowds.","coastal,walk,relaxation,local",0,0.5-1,"Couples,Solo",1,15.0,,,Evening,All year,Outdoor,No,,Daily,Wheelchair accessible,No,No,15-25 min,~1.5-2 hrs (road),Local travel knowledge,,,0.0,0.75,,20.0,1.75,,False,False,No,False,Outdoor,True,True,False,https://commons.wikimedia.org/wiki/Special:FilePath/Deogad%20Beach%20in%20Sindhudurg%20district%20%2CKonkan%20region%20Maharashtra%2C%20India.JPG,"Wikimedia Commons - Deogad Beach, Sindhudurg, Konkan (representative Beach/Coastal photo)"
MUMBAI-136,Mahim Dargah Visit,Mumbai,Mumbai City,Maharashtra,Mumbai,19.04,72.839,Religious,Dargah,"Revered Sufi shrine of Makhdoom Shah Baba near Mahim Bay, drawing devotees of all faiths.","religious,heritage,local",0,0.5,"Pilgrims,Solo",1,15.0,,,Thursday evenings busiest,All year,Indoor-Outdoor,No,,Daily,Partially accessible,Yes,No,15-25 min,~1.5-2 hrs (road),Local travel knowledge,,,0.0,0.5,,20.0,1.75,,True,False,No,False,Mixed,True,True,False,https://commons.wikimedia.org/wiki/Special:FilePath/Khandoba%20temple%20Pune.jpg,"Wikimedia Commons - Khandoba Temple, Pune (representative Temple/Religious photo)"
MUMBAI-137,Kanjurmarg Wetlands Bird Watching,Mumbai,Mumbai Suburban,Maharashtra,Mumbai,19.13,72.935,Wildlife,Wetland Bird Watching,Lesser-known mudflats along the eastern coast attracting waders and occasional flamingos in winter.,"wildlife,bird watching,hidden,nature",0,01-Feb,Bird watchers,1,6.0,,,Early morning,Nov-Feb best,Outdoor,No,,Daylight hours,Not wheelchair friendly,No,Yes,35-50 min,~30-45 min (road),Local travel knowledge,,,0.0,1.0,,42.5,0.625,,False,True,No,False,Outdoor,True,True,False,https://commons.wikimedia.org/wiki/Special:FilePath/Kaas%20Pathar%2C%20Satara%2C%20Maharashtra%2C%20India%20%282018%29%202.jpg,"Wikimedia Commons - Kaas Pathar, Satara (representative Nature/Wildlife photo)"
MUMBAI-138,Ghatkopar Local Sweets & Snacks Trail,Mumbai,Mumbai Suburban,Maharashtra,Mumbai,19.086,72.908,Street Food,Food Walk,"Everyday Gujarati and Marwari snack lane in Ghatkopar, popular with locals for farsan and sweets.","food,street food,local,hidden",200,1-1.5,"Foodies,Locals",1,8.0,,,Evening,All year,Outdoor,No,,Daily evenings,Not wheelchair friendly,Yes,Yes,25-35 min,~30-45 min (road),Local travel knowledge,,,200.0,1.25,,30.0,0.625,,True,True,No,False,Outdoor,True,True,False,https://commons.wikimedia.org/wiki/Special:FilePath/Street%20Food.jpg,"Wikimedia Commons - Street Food, Old Delhi (representative Food photo)"
MUMBAI-139,Vashi-adjacent Belapur Fort Day Trip,Mumbai,Mumbai Suburban,Maharashtra,Mumbai,19.017,73.035,Fort,Hill Fort,"Ruined hilltop fort near the Thane creek edge of Mumbai Suburban, a good add-on for those near Panvel.","fort,heritage,hiking,hidden",0,1.5-2.5,"Hikers,Heritage seekers",1,10.0,,,Morning,Oct-Feb best,Outdoor,No,,Daylight hours,Not wheelchair friendly,No,Yes,50-65 min,~20-30 min (road),Local travel knowledge,,,0.0,2.0,,57.5,0.4166666666666667,,False,True,No,False,Outdoor,True,True,False,https://commons.wikimedia.org/wiki/Special:FilePath/Red%20Fort%20Delhi.jpg,"Wikimedia Commons - Red Fort, Delhi (representative Heritage/Fort/Architecture/Museum photo)"
MUMBAI-140,Kurla Nehru Nagar Local Market Walk,Mumbai,Mumbai Suburban,Maharashtra,Mumbai,19.07,72.879,Market,Neighborhood Market,"Everyday residential market street offering an authentic, non-touristy Mumbai shopping experience.","market,local,hidden",0,0.5-1,"Locals,Culture seekers",1,8.0,,,Morning-Afternoon,All year,Outdoor,No,,Daily,Not wheelchair friendly,Yes,Yes,25-35 min,~30-40 min (road),Local travel knowledge,,,0.0,0.75,,30.0,0.5833333333333334,,True,True,No,False,Outdoor,True,True,False,,No verified real photo found for this category - left blank
MUMBAI-141,Bandra Reclamation Skate Park Visit,Mumbai,Mumbai Suburban,Maharashtra,Mumbai,19.05,72.825,Family,Recreation Park,"Popular public skate park along the Bandra reclamation, active with skaters and BMX riders in the evenings.","family,recreation,local,hidden",0,0.5-1,"Kids,Teens",1,15.0,,,Evening,All year,Outdoor,No,,Daily,Wheelchair accessible,No,Yes,20-30 min,~1-1.5 hrs (road),Local travel knowledge,,,0.0,0.75,,25.0,1.25,,False,True,No,False,Outdoor,True,True,False,,No verified real photo found for this category - left blank
MUMBAI-142,Sewri Mangrove Kayaking,Mumbai,Mumbai City,Maharashtra,Mumbai,19.002,72.856,Nature,Kayaking,"Guided kayak trips through Sewri's mangrove creeks, combining mild adventure with birdlife spotting.","nature,kayaking,adventure,hidden",1500,02-Mar,"Adventurers,Nature lovers",2,10.0,,,"Early morning, high tide",Oct-Mar best,Outdoor,Yes,2.0,"Weekends, weather permitting",Not wheelchair friendly,No,Yes,15-25 min,~1-1.5 hrs (road),Local travel knowledge,,,1500.0,2.0,2.0,20.0,1.25,,False,True,Yes,True,Outdoor,True,True,False,https://commons.wikimedia.org/wiki/Special:FilePath/Western-Ghats-Matheran.jpg,"Wikimedia Commons - Western Ghats, Matheran (representative Nature/scenic photo)"
MUMBAI-143,Colaba Harbour Sunset Photography Walk,Mumbai,Mumbai City,Maharashtra,Mumbai,18.92,72.833,Photography,Coastal Walk,"Guided or self-led photo walk capturing Gateway of India, Taj Hotel, and harbour boats at golden hour.","photography,coastal,sunset,heritage",0,1-1.5,Photographers,1,10.0,,,Sunset,All year,Outdoor,No,,Daily,Wheelchair accessible,No,No,0-15 min,~1.5-2 hrs (road),Local travel knowledge,,,0.0,1.25,,7.5,1.75,,False,False,No,False,Outdoor,True,True,False,https://commons.wikimedia.org/wiki/Special:FilePath/Western-Ghats-Matheran.jpg,"Wikimedia Commons - Western Ghats, Matheran (representative Nature/scenic photo)"
MUMBAI-144,Byculla Parsi Agiary Heritage Exterior Walk,Mumbai,Mumbai City,Maharashtra,Mumbai,18.975,72.828,Religious,Heritage Architecture,"Walk past historic Zoroastrian fire temple exteriors in Byculla/Fort, notable for understated colonial-era design (exterior viewing only, as entry is restricted to Parsis).","religious,heritage,architecture,hidden",0,0.5,Heritage seekers,1,8.0,,,Morning,All year,Outdoor,No,,Exterior viewable,Partially accessible,No,Yes,10-25 min,~1.5-2 hrs (road),Local travel knowledge,,,0.0,0.5,,17.5,1.75,,False,True,No,False,Outdoor,True,True,False,https://commons.wikimedia.org/wiki/Special:FilePath/Khandoba%20temple%20Pune.jpg,"Wikimedia Commons - Khandoba Temple, Pune (representative Temple/Religious photo)"
MUMBAI-145,Girgaon Wadi Heritage Photography Walk,Mumbai,Mumbai City,Maharashtra,Mumbai,18.955,72.816,Photography,Heritage Walk,Photo walk through Girgaon's cluster of 'wadis' - old Marathi residential courtyards with wooden houses.,"photography,heritage,hidden,local",0,1-1.5,"Photographers,Heritage seekers",1,8.0,,,Morning,All year,Outdoor,No,,Daily,Not wheelchair friendly,Yes,Yes,10-20 min,~1.5-2 hrs (road),Local travel knowledge,,,0.0,1.25,,15.0,1.75,,True,True,No,False,Outdoor,True,True,False,https://commons.wikimedia.org/wiki/Special:FilePath/Western-Ghats-Matheran.jpg,"Wikimedia Commons - Western Ghats, Matheran (representative Nature/scenic photo)"
MUMBAI-146,Colaba Sunday Flea & Antique Stalls,Mumbai,Mumbai City,Maharashtra,Mumbai,18.908,72.815,Shopping,Weekend Flea Market,"Weekend pavement stalls near Colaba selling vintage cameras, books, and collectibles.","shopping,antiques,local,weekend",0,1-1.5,"Shoppers,Collectors",1,10.0,,,Sunday morning,All year,Outdoor,No,,Sundays,Partially accessible,Yes,No,5-15 min,~1.5-2 hrs (road),Local travel knowledge,,,0.0,1.25,,10.0,1.75,,True,False,No,False,Outdoor,True,True,False,,No verified real photo found for this category - left blank
MUMBAI-147,Worli BDD Chawl Heritage Walk,Mumbai,Mumbai City,Maharashtra,Mumbai,19.005,72.822,Heritage,Working-Class Heritage,"Walk through century-old British-built chawl housing blocks, a slice of Mumbai's working-class urban history.","heritage,local,hidden,culture",0,0.5-1,"Culture seekers,Heritage seekers",1,8.0,,,Morning,All year,Outdoor,No,,Daily (respect residents),Partially accessible,No,Yes,15-25 min,~1.5-2 hrs (road),Local travel knowledge,,,0.0,0.75,,20.0,1.75,,False,True,No,False,Outdoor,True,True,False,https://commons.wikimedia.org/wiki/Special:FilePath/Red%20Fort%20Delhi.jpg,"Wikimedia Commons - Red Fort, Delhi (representative Heritage/Fort/Architecture/Museum photo)"
MUMBAI-148,Powai Skywalk Sunset Photography,Mumbai,Mumbai Suburban,Maharashtra,Mumbai,19.12,72.91,Photography,Skyline Viewpoint,Elevated pedestrian skywalk near Powai offering unobstructed views for sunset and skyline photography.,"photography,sunset,hidden",0,0.5,Photographers,1,10.0,,,Sunset,All year,Outdoor,No,,Daily,Wheelchair accessible,No,Yes,30-45 min,~35-50 min (road),Local travel knowledge,,,0.0,0.5,,37.5,0.7083333333333334,,False,True,No,False,Outdoor,True,True,False,https://commons.wikimedia.org/wiki/Special:FilePath/Western-Ghats-Matheran.jpg,"Wikimedia Commons - Western Ghats, Matheran (representative Nature/scenic photo)"
MUMBAI-149,Andheri Sahar Gaothan Heritage Walk,Mumbai,Mumbai Suburban,Maharashtra,Mumbai,19.105,72.862,Heritage,Village Heritage,"One of Mumbai's original 'gaothans' (village settlements), predating the airport that now surrounds it.","heritage,local,hidden,culture",0,0.5-1,"Culture seekers,Photographers",1,6.0,,,Morning,All year,Outdoor,No,,Daily (respect residents),Not wheelchair friendly,No,Yes,35-50 min,~1-1.25 hrs (road),Local travel knowledge,,,0.0,0.75,,42.5,1.125,,False,True,No,False,Outdoor,True,True,False,https://commons.wikimedia.org/wiki/Special:FilePath/Red%20Fort%20Delhi.jpg,"Wikimedia Commons - Red Fort, Delhi (representative Heritage/Fort/Architecture/Museum photo)"
MUMBAI-150,Juhu Aviation Vintage Airfield Viewing,Mumbai,Mumbai Suburban,Maharashtra,Mumbai,19.098,72.836,Culture,Heritage Airfield,"India's first licensed airport (1928), still used for flying clubs; view vintage aircraft from the perimeter.","culture,aviation,hidden,history",0,0.5,Aviation enthusiasts,1,8.0,,,Morning,All year,Outdoor,No,,Exterior viewable,Partially accessible,No,Yes,25-35 min,~1-1.5 hrs (road),Local travel knowledge,,,0.0,0.5,,30.0,1.25,,False,True,No,False,Outdoor,True,True,False,,No verified real photo found for this category - left blank
MUMBAI-151,Mazgaon Docks Photography Stop,Mumbai,Mumbai City,Maharashtra,Mumbai,18.967,72.845,Photography,Working Harbour,"Views of naval dockyard cranes and ships from public vantage points near Mazgaon, striking for industrial photography.","photography,hidden,coastal",0,0.5,Photographers,1,6.0,,,Morning,All year,Outdoor,No,,Daily,Partially accessible,No,Yes,10-20 min,~1.5-2 hrs (road),Local travel knowledge,,,0.0,0.5,,15.0,1.75,,False,True,No,False,Outdoor,True,True,False,https://commons.wikimedia.org/wiki/Special:FilePath/Western-Ghats-Matheran.jpg,"Wikimedia Commons - Western Ghats, Matheran (representative Nature/scenic photo)"
MUMBAI-152,Cotton Green Heritage Warehouses Walk,Mumbai,Mumbai City,Maharashtra,Mumbai,18.98,72.842,Heritage,Industrial Heritage,"Walk past century-old cotton trade warehouses near Cotton Green station, remnants of Mumbai's textile boom.","heritage,architecture,hidden",0,0.5-1,"Heritage seekers,Photographers",1,6.0,,,Morning,All year,Outdoor,No,,Daily,Partially accessible,No,Yes,15-25 min,~1.5-2 hrs (road),Local travel knowledge,,,0.0,0.75,,20.0,1.75,,False,True,No,False,Outdoor,True,True,False,https://commons.wikimedia.org/wiki/Special:FilePath/Red%20Fort%20Delhi.jpg,"Wikimedia Commons - Red Fort, Delhi (representative Heritage/Fort/Architecture/Museum photo)"
MUMBAI-153,Marine Drive Art Deco Building Photography Tour,Mumbai,Mumbai City,Maharashtra,Mumbai,18.944,72.8235,Architecture,Art Deco Tour,Guided or self-led tour of the UNESCO-recognized Art Deco apartment buildings lining Marine Drive.,"architecture,art deco,photography,unesco",0,1-1.5,"Architecture buffs,Photographers",1,15.0,,,Morning or evening,All year,Outdoor,No,,Daily,Wheelchair accessible,No,No,5-15 min,~1.5-2 hrs (road),Local travel knowledge,,,0.0,1.25,,10.0,1.75,,False,False,No,False,Outdoor,True,True,False,https://commons.wikimedia.org/wiki/Special:FilePath/Red%20Fort%20Delhi.jpg,"Wikimedia Commons - Red Fort, Delhi (representative Heritage/Fort/Architecture/Museum photo)"
MUMBAI-154,Bandra Mount Mary Fair (Seasonal),Mumbai,Mumbai Suburban,Maharashtra,Mumbai,19.044,72.822,Culture,Religious Fair,"Week-long street fair around Mount Mary Church with stalls, rides, and a festive multi-faith crowd.","culture,religious,seasonal,family",0,02-Mar,"Families,Groups",1,30.0,,,Evening,September only,Outdoor,No,,Seasonal (Sep),Partially accessible,Yes,No,20-30 min,~1-1.5 hrs (road),Local travel knowledge,,,0.0,2.0,,25.0,1.25,,True,False,No,False,Outdoor,True,True,False,,No verified real photo found for this category - left blank
MUMBAI-155,Colaba Cotton Green Antique Furniture Restoration Workshop Visit,Mumbai,Mumbai City,Maharashtra,Mumbai,18.96,72.8305,Workshop,Craft Workshop,Small family-run workshops near Chor Bazaar where craftsmen restore antique furniture using traditional techniques.,"workshop,craft,hidden,culture",0,0.5-1,"Culture seekers,Collectors",1,6.0,,,Morning-Afternoon,All year,Indoor,No,,Mon-Sat,Not wheelchair friendly,Yes,Yes,10-20 min,~1.5-2 hrs (road),Local travel knowledge,,,0.0,0.75,,15.0,1.75,,True,True,No,False,Indoor,True,True,False,,No verified real photo found for this category - left blank
MUMBAI-156,Dadar Kabutar Khana Local Life Stop,Mumbai,Mumbai City,Maharashtra,Mumbai,19.017,72.842,Local Experience,Street Life,"Famous pigeon-feeding square in Dadar, a slice of everyday Mumbai street life and photography.","local,photography,hidden",0,0.25-0.5,"Photographers,Locals",1,10.0,,,Morning,All year,Outdoor,No,,Daily,Wheelchair accessible,No,Yes,15-25 min,~1.5-2 hrs (road),Local travel knowledge,,,0.0,0.375,,20.0,1.75,,False,True,No,False,Outdoor,True,True,False,,No verified real photo found for this category - left blank
MUMBAI-157,Powai Craft Beer Trail,Mumbai,Mumbai Suburban,Maharashtra,Mumbai,19.118,72.908,Nightlife,Brewery Tour,"Powai's cluster of microbreweries and taprooms, a relaxed evening option away from South Mumbai crowds.","nightlife,food,local",1800,02-Mar,"Groups,Couples",2,10.0,,,Evening,All year,Indoor,Recommended,0.0,Daily evenings,Wheelchair accessible,No,No,30-45 min,~35-50 min (road),Local travel knowledge,,,1800.0,2.0,0.0,37.5,0.7083333333333334,,False,False,Recommended,True,Indoor,True,True,False,,No verified real photo found for this category - left blank
RAIGAD-001,Raigad Fort,Raigad,Raigad,Maharashtra,Konkan,18.235,73.44,Heritage,Fort,"Hilltop fort and former capital of Chhatrapati Shivaji Maharaj, reachable by ropeway or a steep trek of ~1400 steps",fort;heritage;history;trekking,25,4.0,Families;History buffs;Trekkers,1,20.0,,,Oct-Feb,Winter,Outdoor,No,0,Daily,Moderate (ropeway available),Yes,No,20 min from Mahad,2.5-3 hrs,ASI/MTDC,,2026-09,25.0,4.0,0.0,20.0,2.75,,True,False,No,False,Outdoor,True,True,False,https://commons.wikimedia.org/wiki/Special:FilePath/Red%20Fort%20Delhi.jpg,"Wikimedia Commons - Red Fort, Delhi (representative Heritage/Fort/Architecture/Museum photo)"
RAIGAD-003,Kashid Beach,Kashid,Raigad,Maharashtra,Konkan,18.44,72.89,Nature,Beach,"White-sand beach flanked by casuarina groves, known for cleaner waters than nearby beaches",beach;swimming;photography;sunset,0,3.0,Families;Couples;Photographers,1,30.0,,,Oct-Mar,Winter,Outdoor,No,0,Daily,Easy,Yes,No,,2.5-3 hrs,MTDC,,2026-09,0.0,3.0,0.0,,2.75,,True,False,No,False,Outdoor,True,True,False,https://commons.wikimedia.org/wiki/Special:FilePath/Western-Ghats-Matheran.jpg,"Wikimedia Commons - Western Ghats, Matheran (representative Nature/scenic photo)"
RAIGAD-004,Nagaon Beach,Nagaon,Raigad,Maharashtra,Konkan,18.625,72.85,Nature,Beach,"Long sandy beach popular for horse rides, camel rides and casual water sports near Alibag",beach;water sports;family;horse riding,0,3.0,Families;Kids,1,30.0,,,Oct-Mar,Winter,Outdoor,No,0,Daily,Easy,Yes,No,10 min from Alibag,2-2.5 hrs,MTDC,,2026-09,0.0,3.0,0.0,10.0,2.25,,True,False,No,False,Outdoor,True,True,False,https://commons.wikimedia.org/wiki/Special:FilePath/Western-Ghats-Matheran.jpg,"Wikimedia Commons - Western Ghats, Matheran (representative Nature/scenic photo)"
RAIGAD-005,Kihim Beach,Kihim,Raigad,Maharashtra,Konkan,18.66,72.87,Nature,Beach,"Quiet, less-crowded beach backed by mango and chikoo orchards, favored for peaceful walks",beach;quiet;nature walk;photography,0,2.0,Couples;Solo travellers,1,20.0,,,Oct-Mar,Winter,Outdoor,No,0,Daily,Easy,Yes,Yes,15 min from Alibag,2-2.5 hrs,Local tourism board,,2026-09,0.0,2.0,0.0,15.0,2.25,,True,True,No,False,Outdoor,True,True,False,https://commons.wikimedia.org/wiki/Special:FilePath/Western-Ghats-Matheran.jpg,"Wikimedia Commons - Western Ghats, Matheran (representative Nature/scenic photo)"
RAIGAD-007,Alibag Beach,Alibag,Raigad,Maharashtra,Konkan,18.6414,72.8722,Nature,Beach,"Main town beach of Alibag with grey sand, food stalls, horse and buggy rides",beach;local food;family;sunset,0,2.0,Families,1,30.0,,,Oct-Mar,Winter,Outdoor,No,0,Daily,Easy,Yes,No,,2-2.5 hrs,Local tourism,,2026-09,0.0,2.0,0.0,,2.25,,True,False,No,False,Outdoor,True,True,False,https://commons.wikimedia.org/wiki/Special:FilePath/Western-Ghats-Matheran.jpg,"Wikimedia Commons - Western Ghats, Matheran (representative Nature/scenic photo)"
RAIGAD-008,Revdanda Fort,Revdanda,Raigad,Maharashtra,Konkan,18.547,72.928,Heritage,Fort,Ruined Portuguese-era coastal fort near the mouth of the Kundalika river,fort;heritage;ruins;photography,0,1.5,History buffs;Photographers,1,20.0,,,Oct-Mar,Winter,Outdoor,No,0,Daily,Moderate (uneven ruins),Yes,Yes,,2.5 hrs,ASI,,2026-09,0.0,1.5,0.0,,2.5,,True,True,No,False,Outdoor,True,True,False,https://commons.wikimedia.org/wiki/Special:FilePath/Red%20Fort%20Delhi.jpg,"Wikimedia Commons - Red Fort, Delhi (representative Heritage/Fort/Architecture/Museum photo)"
RAIGAD-009,Bom Jesus Church Revdanda,Revdanda,Raigad,Maharashtra,Konkan,18.546,72.927,Heritage,Church/Heritage,"16th-century Portuguese church ruins near Revdanda, remnant of old Chaul settlement",heritage;church;ruins;history,0,1.0,History buffs,1,20.0,,,Oct-Mar,Winter,Outdoor,No,0,Daily,Moderate,Yes,Yes,,2.5 hrs,Local heritage records,,2026-09,0.0,1.0,0.0,,2.5,,True,True,No,False,Outdoor,True,True,False,https://commons.wikimedia.org/wiki/Special:FilePath/Red%20Fort%20Delhi.jpg,"Wikimedia Commons - Red Fort, Delhi (representative Heritage/Fort/Architecture/Museum photo)"
RAIGAD-010,Chaul Heritage Site,Revdanda,Raigad,Maharashtra,Konkan,18.55,72.92,Heritage,Ancient Town Ruins,"Ruins of the ancient port town of Chaul, with scattered temple and church remains from multiple eras",heritage;ruins;history;walk,0,2.0,History buffs,1,15.0,,,Oct-Mar,Winter,Outdoor,No,0,Daily,Moderate,Yes,Yes,,2.5-3 hrs,Local heritage records,,2026-09,0.0,2.0,0.0,,2.75,,True,True,No,False,Outdoor,True,True,False,https://commons.wikimedia.org/wiki/Special:FilePath/Red%20Fort%20Delhi.jpg,"Wikimedia Commons - Red Fort, Delhi (representative Heritage/Fort/Architecture/Museum photo)"
RAIGAD-011,Korlai Fort,Korlai,Raigad,Maharashtra,Konkan,18.533,72.92,Heritage,Fort,Hilltop Portuguese fort with a lighthouse and views over the Korlai fishing village and coastline,fort;heritage;lighthouse;viewpoint,0,2.0,Photographers;History buffs,1,15.0,,,Oct-Mar,Winter,Outdoor,No,0,Daily,Moderate (uphill walk),Yes,Yes,,2.5-3 hrs,Local heritage records,,2026-09,0.0,2.0,0.0,,2.75,,True,True,No,False,Outdoor,True,True,False,https://commons.wikimedia.org/wiki/Special:FilePath/Red%20Fort%20Delhi.jpg,"Wikimedia Commons - Red Fort, Delhi (representative Heritage/Fort/Architecture/Museum photo)"
RAIGAD-012,Devkund Waterfall Trek,Bhira,Raigad,Maharashtra,Konkan,18.345,73.47,Adventure,Trek to Waterfall,Moderate trek through Kuda village to a tiered waterfall pool near Bhira dam backwaters,waterfall;trekking;monsoon;swimming,0,4.0,Trekkers;Adventure seekers,2,15.0,,,Jun-Sep,Monsoon,Outdoor,No,0,Seasonal (monsoon),Difficult,Yes,No,,3-3.5 hrs,Local trek groups,,2026-09,0.0,4.0,0.0,,3.25,,True,False,No,False,Outdoor,True,True,False,,No verified real photo found for this category - left blank
RAIGAD-013,Kundalika River Rafting,Kolad,Raigad,Maharashtra,Konkan,18.39,73.39,Adventure,White-water Rafting,One of Maharashtra's most popular rafting stretches on the dam-released Kundalika river,rafting;water sports;adventure;river,800,2.5,Adventure seekers;Groups,4,12.0,,,Jun-Feb (dam release dependent),Monsoon-Winter,Outdoor,Yes,1,Seasonal,Moderate,Yes,No,,2-2.5 hrs,Kolad rafting operators,,2026-09,800.0,2.5,1.0,,2.25,,True,False,Yes,True,Outdoor,True,True,False,,No verified real photo found for this category - left blank
RAIGAD-014,Kolad Kayaking,Kolad,Raigad,Maharashtra,Konkan,18.385,73.385,Adventure,Kayaking,Kayaking sessions on the calmer stretches of the Kundalika river near Kolad village,kayaking;water sports;river;beginner friendly,500,1.5,Beginners;Families,1,10.0,,,Oct-May,Winter-Summer,Outdoor,Yes,1,Daily,Moderate,Yes,No,,2-2.5 hrs,Kolad adventure operators,,2026-09,500.0,1.5,1.0,,2.25,,True,False,Yes,True,Outdoor,True,True,False,,No verified real photo found for this category - left blank
RAIGAD-015,Kolad Riverside Camping,Kolad,Raigad,Maharashtra,Konkan,18.38,73.38,Adventure,Camping,"Tent camping along the Kundalika riverbanks, often combined with rafting and bonfire evenings",camping;river;bonfire;adventure,1200,12.0,Groups;Adventure seekers,2,20.0,,,Oct-Feb,Winter,Outdoor,Yes,2,Seasonal,Moderate,Yes,No,,2-2.5 hrs,Kolad camp operators,,2026-09,1200.0,12.0,2.0,,2.25,,True,False,Yes,True,Outdoor,True,True,False,,No verified real photo found for this category - left blank
RAIGAD-016,Tamhini Ghat Waterfalls,Tamhini,Raigad,Maharashtra,Konkan,18.44,73.43,Nature,Waterfall/Scenic Drive,Monsoon ghat road lined with numerous cascading waterfalls and dense greenery,waterfall;monsoon;scenic drive;photography,0,3.0,Photographers;Families,1,20.0,,,Jun-Sep,Monsoon,Outdoor,No,0,Seasonal,Moderate,Yes,No,,2.5-3 hrs,MTDC,,2026-09,0.0,3.0,0.0,,2.75,,True,False,No,False,Outdoor,True,True,False,https://commons.wikimedia.org/wiki/Special:FilePath/Western-Ghats-Matheran.jpg,"Wikimedia Commons - Western Ghats, Matheran (representative Nature/scenic photo)"
RAIGAD-017,Sarasgad Fort Trek,Pali,Raigad,Maharashtra,Konkan,18.51,73.32,Adventure,Fort Trek,"Compact hill fort trek near Pali with a distinctive pinnacle rock, good for a half-day climb",fort;trekking;heritage;viewpoint,0,4.0,Trekkers,2,15.0,,,Oct-Feb,Winter,Outdoor,No,0,Daily,Difficult,Yes,Yes,,2-2.5 hrs,Local trek groups,,2026-09,0.0,4.0,0.0,,2.25,,True,True,No,False,Outdoor,True,True,False,,No verified real photo found for this category - left blank
RAIGAD-018,Ballaleshwar Ganpati Temple,Pali,Raigad,Maharashtra,Konkan,18.515,73.33,Culture,Temple,"One of the Ashtavinayak temples, dedicated to Lord Ganesha, in Pali town",temple;pilgrimage;heritage;Ashtavinayak,0,1.5,Pilgrims;Families,1,30.0,,,Year-round,All seasons,Outdoor/Indoor,No,0,Daily,Easy,Yes,No,,2-2.5 hrs,MTDC,,2026-09,0.0,1.5,0.0,,2.25,,True,False,No,False,Mixed,True,True,False,,No verified real photo found for this category - left blank
RAIGAD-019,Sudhagad Fort Trek,Pali,Raigad,Maharashtra,Konkan,18.56,73.38,Adventure,Fort Trek,"Historic fort trek near Pali village, popular with monsoon trekking groups",fort;trekking;monsoon;heritage,0,6.0,Trekkers,3,15.0,,,Jun-Feb,Monsoon-Winter,Outdoor,No,0,Seasonal,Difficult,Yes,Yes,,2.5-3 hrs,Local trek groups,,2026-09,0.0,6.0,0.0,,2.75,,True,True,No,False,Outdoor,True,True,False,,No verified real photo found for this category - left blank
RAIGAD-020,Irshalgad Trek,Chowk,Raigad,Maharashtra,Konkan,18.995,73.22,Adventure,Fort/Pinnacle Trek,"Steep trek to a narrow rocky pinnacle near Khopoli, popular for its dramatic summit ridge",trekking;fort;adventure;viewpoint,0,6.0,Experienced trekkers,3,12.0,,,Oct-Feb,Winter,Outdoor,No,0,Seasonal,Difficult,Yes,No,,1.5-2 hrs,Local trek groups,,2026-09,0.0,6.0,0.0,,1.75,,True,False,No,False,Outdoor,True,True,False,,No verified real photo found for this category - left blank
RAIGAD-021,Kondana Caves,Karjat,Raigad,Maharashtra,Konkan,18.97,73.39,Heritage,Ancient Caves,2nd-century BCE Buddhist rock-cut caves near Karjat with carved pillars and a stupa,caves;heritage;history;trekking,25,3.0,History buffs;Trekkers,1,15.0,,,Oct-Feb,Winter,Outdoor,No,0,Daily,Difficult,Yes,Yes,20 min from Karjat,1-1.5 hrs,ASI,,2026-09,25.0,3.0,0.0,20.0,1.25,,True,True,No,False,Outdoor,True,True,False,https://commons.wikimedia.org/wiki/Special:FilePath/Red%20Fort%20Delhi.jpg,"Wikimedia Commons - Red Fort, Delhi (representative Heritage/Fort/Architecture/Museum photo)"
RAIGAD-022,Kondane Waterfall Trek,Karjat,Raigad,Maharashtra,Konkan,18.98,73.38,Nature,Waterfall Trek,"Trek to a tall monsoon waterfall near Kondana caves, popular weekend outing from Karjat",waterfall;trekking;monsoon;photography,0,4.0,Trekkers;Families,2,15.0,,,Jun-Sep,Monsoon,Outdoor,No,0,Seasonal,Difficult,Yes,No,20 min from Karjat,1-1.5 hrs,Local trek groups,,2026-09,0.0,4.0,0.0,20.0,1.25,,True,False,No,False,Outdoor,True,True,False,https://commons.wikimedia.org/wiki/Special:FilePath/Western-Ghats-Matheran.jpg,"Wikimedia Commons - Western Ghats, Matheran (representative Nature/scenic photo)"
RAIGAD-023,Kothaligad (Peth) Fort Trek,Karjat,Raigad,Maharashtra,Konkan,18.99,73.46,Adventure,Fort Trek,"Fort trek with a rock-cut cave chamber near the summit, near Karjat's Ambivali village",fort;trekking;caves;adventure,0,5.0,Trekkers,3,15.0,,,Oct-Feb,Winter,Outdoor,No,0,Seasonal,Difficult,Yes,No,25 min from Karjat,1-1.5 hrs,Local trek groups,,2026-09,0.0,5.0,0.0,25.0,1.25,,True,False,No,False,Outdoor,True,True,False,,No verified real photo found for this category - left blank
RAIGAD-024,Peb Fort Trek,Neral,Raigad,Maharashtra,Konkan,19.03,73.31,Adventure,Fort Trek,"Popular short fort trek near Neral/Matheran, suitable for beginners",fort;trekking;beginner friendly,0,4.0,Beginners;Trekkers,2,15.0,,,Oct-Feb,Winter,Outdoor,No,0,Daily,Moderate,Yes,No,15 min from Neral,1-1.5 hrs,Local trek groups,,2026-09,0.0,4.0,0.0,15.0,1.25,,True,False,No,False,Outdoor,True,True,False,,No verified real photo found for this category - left blank
RAIGAD-025,Rajmachi Fort Trek,Karjat,Raigad,Maharashtra,Konkan,18.77,73.49,Adventure,Fort Trek,Overnight-friendly trek through Sahyadri forests to twin forts (Shrivardhan and Manaranjan),fort;trekking;camping;overnight trek,0,8.0,Experienced trekkers,4,20.0,,,Oct-Feb,Winter,Outdoor,No,0,Seasonal,Difficult,Yes,No,40 min from Karjat,1.5-2 hrs,Local trek groups,,2026-09,0.0,8.0,0.0,40.0,1.75,,True,False,No,False,Outdoor,True,True,False,,No verified real photo found for this category - left blank
RAIGAD-026,Bhivpuri Waterfall,Bhivpuri,Raigad,Maharashtra,Konkan,18.96,73.33,Nature,Waterfall,"Roadside monsoon waterfall near Bhivpuri railway station, easy access from Karjat",waterfall;monsoon;family;easy access,0,1.5,Families,1,20.0,,,Jun-Sep,Monsoon,Outdoor,No,0,Seasonal,Easy,Yes,No,15 min from Karjat,1-1.5 hrs,Local tourism,,2026-09,0.0,1.5,0.0,15.0,1.25,,True,False,No,False,Outdoor,True,True,False,https://commons.wikimedia.org/wiki/Special:FilePath/Western-Ghats-Matheran.jpg,"Wikimedia Commons - Western Ghats, Matheran (representative Nature/scenic photo)"
RAIGAD-027,Matheran Toy Train Ride,Matheran,Raigad,Maharashtra,Konkan,18.986,73.27,Heritage,Heritage Railway,UNESCO-recognized narrow-gauge toy train climbing from Neral to Matheran hill station,heritage;train;scenic;photography,470,2.0,Families;Photographers,1,6.0,,,Oct-Mar,Winter,Outdoor,Yes,1,Seasonal (weather dependent),Moderate,Yes,No,,1.5-2 hrs (+train),Central Railway,,2026-09,470.0,2.0,1.0,,1.75,,True,False,Yes,True,Outdoor,True,True,False,https://commons.wikimedia.org/wiki/Special:FilePath/Red%20Fort%20Delhi.jpg,"Wikimedia Commons - Red Fort, Delhi (representative Heritage/Fort/Architecture/Museum photo)"
RAIGAD-028,Matheran Panorama Point,Matheran,Raigad,Maharashtra,Konkan,18.99,73.27,Nature,Viewpoint,"Popular sunrise/sunset viewpoint overlooking the Sahyadri valleys, vehicle-free hill station",viewpoint;sunset;sunrise;photography,0,1.5,Photographers;Families,1,20.0,,,Oct-Mar,Winter,Outdoor,No,0,Daily,Moderate (walking/horse only),Yes,No,1.5 km from Matheran market,1.5-2 hrs,MTDC,,2026-09,0.0,1.5,0.0,1.5,1.75,,True,False,No,False,Outdoor,True,True,False,https://commons.wikimedia.org/wiki/Special:FilePath/Western-Ghats-Matheran.jpg,"Wikimedia Commons - Western Ghats, Matheran (representative Nature/scenic photo)"
RAIGAD-029,Matheran Echo Point,Matheran,Raigad,Maharashtra,Konkan,18.98,73.265,Nature,Viewpoint,"Valley viewpoint known for its echo effect, a classic Matheran stop",viewpoint;echo;family;photography,0,1.0,Families,1,20.0,,,Oct-Mar,Winter,Outdoor,No,0,Daily,Moderate,Yes,No,1 km from Matheran market,1.5-2 hrs,MTDC,,2026-09,0.0,1.0,0.0,1.0,1.75,,True,False,No,False,Outdoor,True,True,False,https://commons.wikimedia.org/wiki/Special:FilePath/Western-Ghats-Matheran.jpg,"Wikimedia Commons - Western Ghats, Matheran (representative Nature/scenic photo)"
RAIGAD-030,Matheran One Tree Hill Point,Matheran,Raigad,Maharashtra,Konkan,18.975,73.26,Nature,Viewpoint,Scenic viewpoint reached by a short walk or horse ride through red-earth trails,viewpoint;nature walk;horse riding;photography,0,1.5,Families;Nature lovers,1,20.0,,,Oct-Mar,Winter,Outdoor,No,0,Daily,Moderate,Yes,No,2 km from Matheran market,1.5-2 hrs,MTDC,,2026-09,0.0,1.5,0.0,2.0,1.75,,True,False,No,False,Outdoor,True,True,False,https://commons.wikimedia.org/wiki/Special:FilePath/Western-Ghats-Matheran.jpg,"Wikimedia Commons - Western Ghats, Matheran (representative Nature/scenic photo)"
RAIGAD-031,Charlotte Lake Matheran,Matheran,Raigad,Maharashtra,Konkan,18.982,73.268,Nature,Lake,"Small freshwater lake in Matheran, a quiet spot for a nature walk",lake;nature walk;photography,0,1.0,Nature lovers,1,20.0,,,Oct-Mar,Winter,Outdoor,No,0,Daily,Easy,Yes,No,1 km from Matheran market,1.5-2 hrs,MTDC,,2026-09,0.0,1.0,0.0,1.0,1.75,,True,False,No,False,Outdoor,True,True,False,https://commons.wikimedia.org/wiki/Special:FilePath/Western-Ghats-Matheran.jpg,"Wikimedia Commons - Western Ghats, Matheran (representative Nature/scenic photo)"
RAIGAD-032,Matheran Horse Riding,Matheran,Raigad,Maharashtra,Konkan,18.986,73.27,Adventure,Horse Riding,Guided horse rides through Matheran's vehicle-free red laterite trails to various viewpoints,horse riding;family;adventure;heritage town,300,2.0,Families;Kids,1,4.0,,,Oct-Mar,Winter,Outdoor,No,0,Daily,Moderate,Yes,No,,1.5-2 hrs,Local horse-ride operators,,2026-09,300.0,2.0,0.0,,1.75,,True,False,No,False,Outdoor,True,True,False,,No verified real photo found for this category - left blank
RAIGAD-033,Adlabs Imagica Theme Park,Khopoli,Raigad,Maharashtra,Konkan,18.795,73.265,Family,Theme Park,"Large amusement and water park near Khopoli with rides, shows, and a resort",theme park;family;rides;water park,1500,8.0,Families;Kids;Groups,1,50.0,,,Year-round,All seasons,Outdoor/Indoor,Yes,1,Daily,Easy,No,No,,1-1.5 hrs,Adlabs Imagica,,2026-09,1500.0,8.0,1.0,,1.25,,False,False,Yes,True,Mixed,True,True,False,,No verified real photo found for this category - left blank
RAIGAD-034,Bhira Dam Backwaters,Bhira,Raigad,Maharashtra,Konkan,18.35,73.46,Nature,Reservoir,"Scenic dam backwaters near Bhira village, a starting point for the Devkund waterfall trek",dam;backwaters;nature;photography,0,2.0,Nature lovers;Photographers,1,20.0,,,Oct-Feb,Winter,Outdoor,No,0,Daily,Easy,Yes,No,,3-3.5 hrs,MTDC,,2026-09,0.0,2.0,0.0,,3.25,,True,False,No,False,Outdoor,True,True,False,https://commons.wikimedia.org/wiki/Special:FilePath/Western-Ghats-Matheran.jpg,"Wikimedia Commons - Western Ghats, Matheran (representative Nature/scenic photo)"
RAIGAD-035,Phansad Wildlife Sanctuary,Murud,Raigad,Maharashtra,Konkan,18.12,73.03,Nature,Wildlife Sanctuary,"Coastal deciduous forest sanctuary near Murud, home to barking deer, langurs and varied birdlife",wildlife;bird watching;nature trail;sanctuary,50,3.0,Nature lovers;Bird watchers,1,20.0,,,Oct-Feb,Winter,Outdoor,No,0,Daily,Moderate,Yes,No,25 min from Murud,3-3.5 hrs,Maharashtra Forest Dept,,2026-09,50.0,3.0,0.0,25.0,3.25,,True,False,No,False,Outdoor,True,True,False,https://commons.wikimedia.org/wiki/Special:FilePath/Western-Ghats-Matheran.jpg,"Wikimedia Commons - Western Ghats, Matheran (representative Nature/scenic photo)"
RAIGAD-036,Diveagar Beach,Diveagar,Raigad,Maharashtra,Konkan,17.97,73.05,Nature,Beach,"Clean, quiet beach in Shrivardhan taluka known for its Suvarna Ganesh temple nearby",beach;quiet;family;temple,0,3.0,Families;Couples,1,20.0,,,Oct-Mar,Winter,Outdoor,No,0,Daily,Easy,Yes,No,,4-4.5 hrs,MTDC,,2026-09,0.0,3.0,0.0,,4.25,,True,False,No,False,Outdoor,True,True,False,https://commons.wikimedia.org/wiki/Special:FilePath/Western-Ghats-Matheran.jpg,"Wikimedia Commons - Western Ghats, Matheran (representative Nature/scenic photo)"
RAIGAD-037,Suvarna Ganesh Temple,Diveagar,Raigad,Maharashtra,Konkan,17.97,73.05,Culture,Temple,"Temple housing a gold Ganesh idol discovered in the village, near Diveagar beach",temple;heritage;pilgrimage,0,1.0,Pilgrims;Families,1,30.0,,,Year-round,All seasons,Indoor,No,0,Daily,Easy,Yes,No,,4-4.5 hrs,Local temple trust,,2026-09,0.0,1.0,0.0,,4.25,,True,False,No,False,Indoor,True,True,False,,No verified real photo found for this category - left blank
RAIGAD-038,Shrivardhan Beach,Shrivardhan,Raigad,Maharashtra,Konkan,18.035,73.025,Nature,Beach,"Coastal town beach with fishing boats, calmer than Alibag's more touristy beaches",beach;fishing village;local culture,0,2.0,Families,1,20.0,,,Oct-Mar,Winter,Outdoor,No,0,Daily,Easy,Yes,No,,3.5-4 hrs,MTDC,,2026-09,0.0,2.0,0.0,,3.75,,True,False,No,False,Outdoor,True,True,False,https://commons.wikimedia.org/wiki/Special:FilePath/Western-Ghats-Matheran.jpg,"Wikimedia Commons - Western Ghats, Matheran (representative Nature/scenic photo)"
RAIGAD-039,Harihareshwar Beach and Temple,Harihareshwar,Raigad,Maharashtra,Konkan,17.985,73.01,Culture,Beach/Temple,"Pilgrim town with a Shiva temple on a rocky headland and a scenic beach, called 'Dakshin Kashi'",temple;beach;pilgrimage;scenic,0,3.0,Pilgrims;Families,1,25.0,,,Oct-Mar,Winter,Outdoor,No,0,Daily,Moderate (temple steps),Yes,No,,4-4.5 hrs,MTDC,,2026-09,0.0,3.0,0.0,,4.25,,True,False,No,False,Outdoor,True,True,False,,No verified real photo found for this category - left blank
RAIGAD-040,Murud Beach,Murud,Raigad,Maharashtra,Konkan,18.33,72.97,Nature,Beach,"Town beach at Murud offering views toward Janjira fort, with camel rides and local snack stalls",beach;family;local food;photography,0,2.0,Families,1,25.0,,,Oct-Mar,Winter,Outdoor,No,0,Daily,Easy,Yes,No,,3-3.5 hrs,MTDC,,2026-09,0.0,2.0,0.0,,3.25,,True,False,No,False,Outdoor,True,True,False,https://commons.wikimedia.org/wiki/Special:FilePath/Western-Ghats-Matheran.jpg,"Wikimedia Commons - Western Ghats, Matheran (representative Nature/scenic photo)"
RAIGAD-041,Ahmadganj Palace (Nawab Palace) Murud,Murud,Raigad,Maharashtra,Konkan,18.328,72.968,Heritage,Palace,"19th-century palace of the Nawab of Janjira in Murud town, viewed from outside",heritage;palace;history;photography,0,1.0,History buffs;Photographers,1,15.0,,,Oct-Mar,Winter,Outdoor,No,0,Daily,Easy,Yes,Yes,,3-3.5 hrs,Local heritage records,,2026-09,0.0,1.0,0.0,,3.25,,True,True,No,False,Outdoor,True,True,False,https://commons.wikimedia.org/wiki/Special:FilePath/Red%20Fort%20Delhi.jpg,"Wikimedia Commons - Red Fort, Delhi (representative Heritage/Fort/Architecture/Museum photo)"
RAIGAD-042,Rajapuri Jetty Boat Ride,Murud,Raigad,Maharashtra,Konkan,18.008,72.955,Adventure,Boat Ride,"Sailboat crossing point for Murud-Janjira fort, with views of the fishing harbour",boat ride;fishing village;heritage;photography,60,1.0,Families,1,15.0,,,Oct-Mar,Winter,Outdoor,No,0,Daily,Easy,Yes,No,5 min from Murud,3-3.5 hrs,Local boat operators,,2026-09,60.0,1.0,0.0,5.0,3.25,,True,False,No,False,Outdoor,True,True,False,,No verified real photo found for this category - left blank
RAIGAD-043,Kashid Village Seafood Shacks,Kashid,Raigad,Maharashtra,Konkan,18.44,72.89,Food,Seafood,"Beachside shacks serving Malvani-Konkani seafood thalis, fried fish and prawn curry",seafood;local food;Konkani cuisine,400,1.5,Foodies;Families,1,10.0,,,Oct-May,Winter-Summer,Outdoor,No,0,Daily,Easy,Yes,No,,2.5-3 hrs,Local restaurants,,2026-09,400.0,1.5,0.0,,2.75,,True,False,No,False,Outdoor,True,True,False,https://commons.wikimedia.org/wiki/Special:FilePath/Street%20Food.jpg,"Wikimedia Commons - Street Food, Old Delhi (representative Food photo)"
RAIGAD-044,Alibag Seafood Trail,Alibag,Raigad,Maharashtra,Konkan,18.6414,72.8722,Food,Seafood,"Local eateries around Alibag serving fresh catch — surmai, bombil, and pomfret preparations",seafood;local food;Konkani cuisine,500,2.0,Foodies,1,10.0,,,Year-round,All seasons,Indoor/Outdoor,No,0,Daily,Easy,Yes,No,,2-2.5 hrs,Local restaurants,,2026-09,500.0,2.0,0.0,,2.25,,True,False,No,False,Mixed,True,True,False,https://commons.wikimedia.org/wiki/Special:FilePath/Street%20Food.jpg,"Wikimedia Commons - Street Food, Old Delhi (representative Food photo)"
RAIGAD-045,Alibag Chikoo (Sapota) Farm Visit,Alibag,Raigad,Maharashtra,Konkan,18.66,72.88,Agritourism,Farm Visit,"Guided visits to chikoo orchards around Alibag, a region famous for the fruit",farm;agritourism;local produce;family,300,2.0,Families;Nature lovers,2,15.0,,,Nov-Feb,Winter,Outdoor,Yes,2,Seasonal,Easy,Yes,Yes,,2-2.5 hrs,Local farm operators,,2026-09,300.0,2.0,2.0,,2.25,,True,True,Yes,True,Outdoor,True,True,False,https://commons.wikimedia.org/wiki/Special:FilePath/Kaas%20Pathar%2C%20Satara%2C%20Maharashtra%2C%20India%20%282018%29%202.jpg,"Wikimedia Commons - Kaas Pathar, Satara (representative Nature/Wildlife photo)"
RAIGAD-046,Kihim Mango and Chikoo Orchard Walk,Kihim,Raigad,Maharashtra,Konkan,18.66,72.87,Agritourism,Orchard Walk,"Walks through coastal orchards behind Kihim beach, part of local homestay experiences",farm;orchard;nature walk;local culture,200,1.5,Nature lovers,2,15.0,,,Nov-Mar,Winter,Outdoor,Yes,1,Seasonal,Easy,Yes,Yes,,2-2.5 hrs,Local homestay hosts,,2026-09,200.0,1.5,1.0,,2.25,,True,True,Yes,True,Outdoor,True,True,False,https://commons.wikimedia.org/wiki/Special:FilePath/Kaas%20Pathar%2C%20Satara%2C%20Maharashtra%2C%20India%20%282018%29%202.jpg,"Wikimedia Commons - Kaas Pathar, Satara (representative Nature/Wildlife photo)"
RAIGAD-047,Murud Coconut and Betel-nut Plantation Walk,Murud,Raigad,Maharashtra,Konkan,18.33,72.97,Agritourism,Plantation Walk,Walking tour through coastal coconut and areca-nut plantations around Murud,plantation;agritourism;nature walk,200,1.5,Nature lovers,2,12.0,,,Year-round,All seasons,Outdoor,Yes,1,Daily,Easy,Yes,Yes,,3-3.5 hrs,Local farm hosts,,2026-09,200.0,1.5,1.0,,3.25,,True,True,Yes,True,Outdoor,True,True,False,https://commons.wikimedia.org/wiki/Special:FilePath/Kaas%20Pathar%2C%20Satara%2C%20Maharashtra%2C%20India%20%282018%29%202.jpg,"Wikimedia Commons - Kaas Pathar, Satara (representative Nature/Wildlife photo)"
RAIGAD-048,Kolad Village Homestay Experience,Kolad,Raigad,Maharashtra,Konkan,18.385,73.38,Homestay,Homestay,Farm-style homestays in Kolad village offering local meals and river-side ambience,homestay;local food;river;village life,1500,24.0,Couples;Families,1,6.0,,,Oct-Feb,Winter,Outdoor/Indoor,Yes,3,Seasonal,Easy,Yes,Yes,,2-2.5 hrs,Local homestay operators,,2026-09,1500.0,24.0,3.0,,2.25,,True,True,Yes,True,Mixed,True,True,False,https://commons.wikimedia.org/wiki/Special:FilePath/Kaas%20Pathar%2C%20Satara%2C%20Maharashtra%2C%20India%20%282018%29%202.jpg,"Wikimedia Commons - Kaas Pathar, Satara (representative Nature/Wildlife photo)"
RAIGAD-049,Kashid Konkani Homestay,Kashid,Raigad,Maharashtra,Konkan,18.44,72.89,Homestay,Homestay,Family-run homestays near Kashid beach offering Konkani meals and a quieter village stay,homestay;local food;beach;village life,2000,24.0,Couples;Families,1,6.0,,,Oct-May,Winter-Summer,Outdoor/Indoor,Yes,3,Seasonal,Easy,Yes,Yes,,2.5-3 hrs,Local homestay operators,,2026-09,2000.0,24.0,3.0,,2.75,,True,True,Yes,True,Mixed,True,True,False,https://commons.wikimedia.org/wiki/Special:FilePath/Kaas%20Pathar%2C%20Satara%2C%20Maharashtra%2C%20India%20%282018%29%202.jpg,"Wikimedia Commons - Kaas Pathar, Satara (representative Nature/Wildlife photo)"
RAIGAD-050,Karjat Farmhouse Stay,Karjat,Raigad,Maharashtra,Konkan,18.91,73.32,Homestay,Farmstay,"Weekend farmhouse stays near Karjat with pool, bonfire, and rural surroundings, popular for group getaways",farmstay;group getaway;bonfire;pool,3000,24.0,Groups;Friends,4,30.0,,,Year-round,All seasons,Outdoor/Indoor,Yes,3,Seasonal,Easy,No,No,,1-1.5 hrs,Local farmhouse operators,,2026-09,3000.0,24.0,3.0,,1.25,,False,False,Yes,True,Mixed,True,True,False,https://commons.wikimedia.org/wiki/Special:FilePath/Kaas%20Pathar%2C%20Satara%2C%20Maharashtra%2C%20India%20%282018%29%202.jpg,"Wikimedia Commons - Kaas Pathar, Satara (representative Nature/Wildlife photo)"
RAIGAD-051,Diveagar Coastal Homestay,Diveagar,Raigad,Maharashtra,Konkan,17.97,73.05,Homestay,Homestay,Beachside homestays in Diveagar offering traditional Konkani hospitality and meals,homestay;local food;beach;village life,1800,24.0,Couples;Families,1,6.0,,,Oct-Mar,Winter,Outdoor/Indoor,Yes,3,Seasonal,Easy,Yes,Yes,,4-4.5 hrs,Local homestay operators,,2026-09,1800.0,24.0,3.0,,4.25,,True,True,Yes,True,Mixed,True,True,False,https://commons.wikimedia.org/wiki/Special:FilePath/Kaas%20Pathar%2C%20Satara%2C%20Maharashtra%2C%20India%20%282018%29%202.jpg,"Wikimedia Commons - Kaas Pathar, Satara (representative Nature/Wildlife photo)"
RAIGAD-052,Nagaon Fishing Village Walk,Nagaon,Raigad,Maharashtra,Konkan,18.625,72.85,Culture,Village Experience,"Guided walk through a working fishing village near Nagaon beach, observing daily catch and boat activity",village life;fishing;local culture;photography,0,1.5,Photographers;Culture enthusiasts,1,10.0,,,Early morning,All seasons,Outdoor,No,0,Daily,Moderate,Yes,Yes,,2-2.5 hrs,Local guides,,2026-09,0.0,1.5,0.0,,2.25,,True,True,No,False,Outdoor,True,True,False,,No verified real photo found for this category - left blank
RAIGAD-053,Revdanda Fishing Village Experience,Revdanda,Raigad,Maharashtra,Konkan,18.547,72.928,Culture,Village Experience,"Walk through Revdanda's fishing community, with views of boats and daily catch sorting at the harbour",village life;fishing;local culture,0,1.5,Culture enthusiasts,1,10.0,,,Early morning,All seasons,Outdoor,No,0,Daily,Moderate,Yes,Yes,,2.5 hrs,Local guides,,2026-09,0.0,1.5,0.0,,2.5,,True,True,No,False,Outdoor,True,True,False,,No verified real photo found for this category - left blank
RAIGAD-054,Murud Local Market Walk,Murud,Raigad,Maharashtra,Konkan,18.328,72.968,Culture,Local Market,"Small-town bazaar walk in Murud with local produce, snacks and handicrafts",local culture;handicrafts;local food;market,0,1.0,Culture enthusiasts,1,15.0,,,Daily,All seasons,Outdoor,No,0,Daily,Easy,Yes,Yes,,3-3.5 hrs,Local tourism,,2026-09,0.0,1.0,0.0,,3.25,,True,True,No,False,Outdoor,True,True,False,,No verified real photo found for this category - left blank
RAIGAD-055,Alibag Handicraft and Coir Products Shopping,Alibag,Raigad,Maharashtra,Konkan,18.6414,72.8722,Culture,Handicrafts,"Local shops selling coir products, shell craft and Konkani snacks around Alibag market",handicrafts;shopping;local culture,0,1.5,Shoppers,1,20.0,,,Daily,All seasons,Indoor/Outdoor,No,0,Daily,Easy,Yes,No,,2-2.5 hrs,Local tourism,,2026-09,0.0,1.5,0.0,,2.25,,True,False,No,False,Mixed,True,True,False,,No verified real photo found for this category - left blank
RAIGAD-056,Kashid White Sand Sunrise Photography,Kashid,Raigad,Maharashtra,Konkan,18.44,72.89,Photography,Sunrise Photography,"Early morning photography session on Kashid's white-sand beach, known for soft light and low crowds",photography;sunrise;beach,0,1.5,Photographers,1,10.0,,,Oct-Mar,Winter,Outdoor,No,0,Daily,Easy,Yes,No,,2.5-3 hrs,Local guides,,2026-09,0.0,1.5,0.0,,2.75,,True,False,No,False,Outdoor,True,True,False,https://commons.wikimedia.org/wiki/Special:FilePath/Western-Ghats-Matheran.jpg,"Wikimedia Commons - Western Ghats, Matheran (representative Nature/scenic photo)"
RAIGAD-057,Kolaba Fort Sunset Photography Walk,Alibag,Raigad,Maharashtra,Konkan,18.638,72.856,Photography,Sunset Photography,"Sunset photo walk across the tidal path to Kolaba fort, with silhouette shots against the sea",photography;sunset;fort;heritage,0,2.0,Photographers,1,10.0,,,Low tide; Oct-Mar,Winter,Outdoor,No,0,Tide-dependent,Moderate,Yes,No,5 min from Alibag,2-2.5 hrs,Local guides,,2026-09,0.0,2.0,0.0,5.0,2.25,,True,False,No,False,Outdoor,True,True,False,https://commons.wikimedia.org/wiki/Special:FilePath/Western-Ghats-Matheran.jpg,"Wikimedia Commons - Western Ghats, Matheran (representative Nature/scenic photo)"
RAIGAD-058,Matheran Sunset Point Photography,Matheran,Raigad,Maharashtra,Konkan,18.988,73.265,Photography,Sunset Photography,"Popular sunset viewpoint in Matheran with layered valley views, best on clear winter evenings",photography;sunset;viewpoint,0,1.5,Photographers,1,15.0,,,Oct-Mar,Winter,Outdoor,No,0,Daily,Moderate,Yes,No,1.5 km from Matheran market,1.5-2 hrs,MTDC,,2026-09,0.0,1.5,0.0,1.5,1.75,,True,False,No,False,Outdoor,True,True,False,https://commons.wikimedia.org/wiki/Special:FilePath/Western-Ghats-Matheran.jpg,"Wikimedia Commons - Western Ghats, Matheran (representative Nature/scenic photo)"
RAIGAD-059,Karjat Ulhas River Bird Watching,Karjat,Raigad,Maharashtra,Konkan,18.91,73.32,Nature,Bird Watching,Riverside and farmland stretches near Karjat attracting wintering waterbirds and local species,bird watching;nature;river;photography,0,2.0,Bird watchers,1,10.0,,,Nov-Feb,Winter,Outdoor,No,0,Seasonal,Easy,Yes,Yes,,1-1.5 hrs,Local birding groups,,2026-09,0.0,2.0,0.0,,1.25,,True,True,No,False,Outdoor,True,True,False,https://commons.wikimedia.org/wiki/Special:FilePath/Western-Ghats-Matheran.jpg,"Wikimedia Commons - Western Ghats, Matheran (representative Nature/scenic photo)"
RAIGAD-060,Phansad Sanctuary Bird Watching Trail,Murud,Raigad,Maharashtra,Konkan,18.12,73.03,Nature,Bird Watching,Forest trail inside Phansad sanctuary popular with birders for hornbills and forest species,bird watching;wildlife;nature trail,50,3.0,Bird watchers,1,15.0,,,Nov-Feb,Winter,Outdoor,No,0,Daily,Moderate,Yes,No,25 min from Murud,3-3.5 hrs,Maharashtra Forest Dept,,2026-09,50.0,3.0,0.0,25.0,3.25,,True,False,No,False,Outdoor,True,True,False,https://commons.wikimedia.org/wiki/Special:FilePath/Western-Ghats-Matheran.jpg,"Wikimedia Commons - Western Ghats, Matheran (representative Nature/scenic photo)"
RAIGAD-061,Alibag Parasailing,Alibag,Raigad,Maharashtra,Konkan,18.64,72.87,Adventure,Water Sports,Parasailing sessions offered on Alibag/Nagaon beach stretch during the tourist season,parasailing;water sports;adventure,1500,0.5,Adventure seekers,1,4.0,,,Oct-May,Winter-Summer,Outdoor,Yes,0,Seasonal,Moderate,No,No,,2-2.5 hrs,Local water sports operators,,2026-09,1500.0,0.5,0.0,,2.25,,False,False,Yes,True,Outdoor,True,True,False,,No verified real photo found for this category - left blank
RAIGAD-062,Nagaon Jet Skiing,Nagaon,Raigad,Maharashtra,Konkan,18.625,72.85,Adventure,Water Sports,"Jet-ski rides along Nagaon beach, one of the more active water-sports beaches near Alibag",jet ski;water sports;adventure,1000,0.5,Adventure seekers,1,2.0,,,Oct-May,Winter-Summer,Outdoor,Yes,0,Seasonal,Moderate,No,No,10 min from Alibag,2-2.5 hrs,Local water sports operators,,2026-09,1000.0,0.5,0.0,10.0,2.25,,False,False,Yes,True,Outdoor,True,True,False,,No verified real photo found for this category - left blank
RAIGAD-063,Kashid Banana Boat Ride,Kashid,Raigad,Maharashtra,Konkan,18.44,72.89,Adventure,Water Sports,Group banana-boat rides offered along Kashid's calmer waters,banana boat;water sports;family,500,0.5,Families;Groups,4,8.0,,,Oct-May,Winter-Summer,Outdoor,Yes,0,Seasonal,Easy,No,No,,2.5-3 hrs,Local water sports operators,,2026-09,500.0,0.5,0.0,,2.75,,False,False,Yes,True,Outdoor,True,True,False,,No verified real photo found for this category - left blank
RAIGAD-064,Akshi Beach,Alibag,Raigad,Maharashtra,Konkan,18.61,72.86,Nature,Beach,"Quieter beach south of Alibag town, popular for a peaceful evening walk",beach;quiet;walk,0,1.5,Couples;Solo travellers,1,20.0,,,Oct-Mar,Winter,Outdoor,No,0,Daily,Easy,Yes,Yes,10 min from Alibag,2-2.5 hrs,Local tourism,,2026-09,0.0,1.5,0.0,10.0,2.25,,True,True,No,False,Outdoor,True,True,False,https://commons.wikimedia.org/wiki/Special:FilePath/Western-Ghats-Matheran.jpg,"Wikimedia Commons - Western Ghats, Matheran (representative Nature/scenic photo)"
RAIGAD-065,Awas Beach,Alibag,Raigad,Maharashtra,Konkan,18.65,72.88,Nature,Beach,"Small, uncrowded beach near Alibag lined with casuarina trees",beach;quiet;photography,0,1.5,Couples;Photographers,1,15.0,,,Oct-Mar,Winter,Outdoor,No,0,Daily,Easy,Yes,Yes,10 min from Alibag,2-2.5 hrs,Local tourism,,2026-09,0.0,1.5,0.0,10.0,2.25,,True,True,No,False,Outdoor,True,True,False,https://commons.wikimedia.org/wiki/Special:FilePath/Western-Ghats-Matheran.jpg,"Wikimedia Commons - Western Ghats, Matheran (representative Nature/scenic photo)"
RAIGAD-066,Varsoli Beach,Alibag,Raigad,Maharashtra,Konkan,18.63,72.865,Nature,Beach,"Local beach near Alibag with a small Someshwar temple, favored by nearby villagers",beach;temple;local culture,0,1.5,Families,1,20.0,,,Oct-Mar,Winter,Outdoor,No,0,Daily,Easy,Yes,Yes,5 min from Alibag,2-2.5 hrs,Local tourism,,2026-09,0.0,1.5,0.0,5.0,2.25,,True,True,No,False,Outdoor,True,True,False,https://commons.wikimedia.org/wiki/Special:FilePath/Western-Ghats-Matheran.jpg,"Wikimedia Commons - Western Ghats, Matheran (representative Nature/scenic photo)"
RAIGAD-067,Someshwar Temple Varsoli,Alibag,Raigad,Maharashtra,Konkan,18.63,72.865,Culture,Temple,Small coastal Shiva temple at Varsoli beach near Alibag,temple;heritage;pilgrimage,0,0.5,Pilgrims,1,20.0,,,Year-round,All seasons,Outdoor,No,0,Daily,Easy,Yes,Yes,5 min from Alibag,2-2.5 hrs,Local temple trust,,2026-09,0.0,0.5,0.0,5.0,2.25,,True,True,No,False,Outdoor,True,True,False,,No verified real photo found for this category - left blank
RAIGAD-068,Mandwa Beach,Mandwa,Raigad,Maharashtra,Konkan,18.75,72.84,Nature,Beach,"Ferry-arrival beach point near Mumbai, popular for day-trippers and jetty-side food stalls",beach;ferry;family,0,1.5,Families,1,25.0,,,Oct-Mar,Winter,Outdoor,No,0,Daily,Easy,Yes,No,,1.5-2 hrs,MTDC,,2026-09,0.0,1.5,0.0,,1.75,,True,False,No,False,Outdoor,True,True,False,https://commons.wikimedia.org/wiki/Special:FilePath/Western-Ghats-Matheran.jpg,"Wikimedia Commons - Western Ghats, Matheran (representative Nature/scenic photo)"
RAIGAD-069,Khandeshwari Devi Temple,Karjat,Raigad,Maharashtra,Konkan,18.91,73.33,Culture,Temple,"Local hilltop devi temple near Karjat town, a small pilgrimage and viewpoint stop",temple;pilgrimage;viewpoint,0,1.0,Pilgrims,1,20.0,,,Year-round,All seasons,Outdoor,No,0,Daily,Moderate,Yes,Yes,10 min from Karjat,1-1.5 hrs,Local temple trust,,2026-09,0.0,1.0,0.0,10.0,1.25,,True,True,No,False,Outdoor,True,True,False,,No verified real photo found for this category - left blank
RAIGAD-070,Palasdari Waterfall,Khopoli,Raigad,Maharashtra,Konkan,18.78,73.2,Nature,Waterfall,"Monsoon waterfall near Khopoli, a local picnic and short-trek spot",waterfall;monsoon;picnic;family,0,2.0,Families,1,15.0,,,Jun-Sep,Monsoon,Outdoor,No,0,Seasonal,Moderate,Yes,Yes,15 min from Khopoli,1-1.5 hrs,Local tourism,,2026-09,0.0,2.0,0.0,15.0,1.25,,True,True,No,False,Outdoor,True,True,False,https://commons.wikimedia.org/wiki/Special:FilePath/Western-Ghats-Matheran.jpg,"Wikimedia Commons - Western Ghats, Matheran (representative Nature/scenic photo)"
RAIGAD-071,Sandshi Waterfall,Khopoli,Raigad,Maharashtra,Konkan,18.76,73.22,Nature,Waterfall,"Roadside seasonal waterfall near Khopoli, accessible with a short walk",waterfall;monsoon;family,0,1.5,Families,1,15.0,,,Jun-Sep,Monsoon,Outdoor,No,0,Seasonal,Moderate,Yes,Yes,20 min from Khopoli,1-1.5 hrs,Local tourism,,2026-09,0.0,1.5,0.0,20.0,1.25,,True,True,No,False,Outdoor,True,True,False,https://commons.wikimedia.org/wiki/Special:FilePath/Western-Ghats-Matheran.jpg,"Wikimedia Commons - Western Ghats, Matheran (representative Nature/scenic photo)"
RAIGAD-072,Chanderi Fort Trek,Karjat,Raigad,Maharashtra,Konkan,19.0,73.44,Adventure,Fort Trek,Technical fort trek near Karjat known for a rock-climbing patch near the summit,fort;trekking;rock climbing;adventure,0,6.0,Experienced trekkers,3,12.0,,,Oct-Feb,Winter,Outdoor,No,0,Seasonal,Difficult,Yes,No,30 min from Karjat,1.5-2 hrs,Local trek groups,,2026-09,0.0,6.0,0.0,30.0,1.75,,True,False,No,False,Outdoor,True,True,False,,No verified real photo found for this category - left blank
RAIGAD-073,Sondai Fort Trek,Karjat,Raigad,Maharashtra,Konkan,18.95,73.42,Adventure,Fort Trek,"Short but steep fort trek near Karjat, popular as a half-day climb",fort;trekking,0,4.0,Trekkers,2,12.0,,,Oct-Feb,Winter,Outdoor,No,0,Seasonal,Difficult,Yes,No,25 min from Karjat,1-1.5 hrs,Local trek groups,,2026-09,0.0,4.0,0.0,25.0,1.25,,True,False,No,False,Outdoor,True,True,False,,No verified real photo found for this category - left blank
RAIGAD-074,Matheran Nature Trail Walk,Matheran,Raigad,Maharashtra,Konkan,18.986,73.27,Nature,Nature Trail,Guided forest walks along Matheran's red laterite paths through shola-type vegetation,nature trail;walk;photography;wildlife,0,2.0,Nature lovers,1,15.0,,,Oct-Mar,Winter,Outdoor,No,0,Daily,Moderate,Yes,No,,1.5-2 hrs,Local guides,,2026-09,0.0,2.0,0.0,,1.75,,True,False,No,False,Outdoor,True,True,False,https://commons.wikimedia.org/wiki/Special:FilePath/Western-Ghats-Matheran.jpg,"Wikimedia Commons - Western Ghats, Matheran (representative Nature/scenic photo)"
RAIGAD-075,Garbett Point Matheran,Matheran,Raigad,Maharashtra,Konkan,18.975,73.26,Nature,Viewpoint,"Viewpoint offering wide valley views, quieter than the main Matheran tourist points",viewpoint;photography;quiet,0,1.0,Photographers,1,15.0,,,Oct-Mar,Winter,Outdoor,No,0,Daily,Moderate,Yes,Yes,2 km from Matheran market,1.5-2 hrs,MTDC,,2026-09,0.0,1.0,0.0,2.0,1.75,,True,True,No,False,Outdoor,True,True,False,https://commons.wikimedia.org/wiki/Special:FilePath/Western-Ghats-Matheran.jpg,"Wikimedia Commons - Western Ghats, Matheran (representative Nature/scenic photo)"
RAIGAD-076,Louisa Point Matheran,Matheran,Raigad,Maharashtra,Konkan,18.97,73.26,Nature,Viewpoint,"Cliff-edge viewpoint near Matheran overlooking the Sahyadri ranges, close to the Prabalgad plateau",viewpoint;photography;sunset,0,1.5,Photographers,1,15.0,,,Oct-Mar,Winter,Outdoor,No,0,Daily,Moderate,Yes,No,2.5 km from Matheran market,1.5-2 hrs,MTDC,,2026-09,0.0,1.5,0.0,2.5,1.75,,True,False,No,False,Outdoor,True,True,False,https://commons.wikimedia.org/wiki/Special:FilePath/Western-Ghats-Matheran.jpg,"Wikimedia Commons - Western Ghats, Matheran (representative Nature/scenic photo)"
RAIGAD-077,Kihim Village Homestay Cooking Experience,Kihim,Raigad,Maharashtra,Konkan,18.66,72.87,Food,Cooking Experience,Home-cooked Konkani thali experience hosted by local families near Kihim beach,local food;cooking experience;homestay;Konkani cuisine,600,2.0,Foodies;Families,1,8.0,,,Year-round,All seasons,Indoor,Yes,1,Seasonal,Easy,Yes,Yes,15 min from Alibag,2-2.5 hrs,Local homestay hosts,,2026-09,600.0,2.0,1.0,15.0,2.25,,True,True,Yes,True,Indoor,True,True,False,https://commons.wikimedia.org/wiki/Special:FilePath/Street%20Food.jpg,"Wikimedia Commons - Street Food, Old Delhi (representative Food photo)"
RAIGAD-078,Murud Malvani Seafood Thali,Murud,Raigad,Maharashtra,Konkan,18.328,72.968,Food,Seafood,Malvani-style seafood thalis served at family-run eateries in Murud town,seafood;local food;Konkani cuisine,350,1.5,Foodies,1,10.0,,,Year-round,All seasons,Indoor,No,0,Daily,Easy,Yes,No,,3-3.5 hrs,Local restaurants,,2026-09,350.0,1.5,0.0,,3.25,,True,False,No,False,Indoor,True,True,False,https://commons.wikimedia.org/wiki/Special:FilePath/Street%20Food.jpg,"Wikimedia Commons - Street Food, Old Delhi (representative Food photo)"
RAIGAD-079,Revdanda Kingfish and Bombil Fry Tasting,Revdanda,Raigad,Maharashtra,Konkan,18.547,72.928,Food,Seafood,Local eateries near Revdanda harbour known for fresh kingfish and Bombay-duck fry,seafood;local food;Konkani cuisine,300,1.5,Foodies,1,10.0,,,Year-round,All seasons,Indoor,No,0,Daily,Easy,Yes,Yes,,2.5 hrs,Local restaurants,,2026-09,300.0,1.5,0.0,,2.5,,True,True,No,False,Indoor,True,True,False,https://commons.wikimedia.org/wiki/Special:FilePath/Street%20Food.jpg,"Wikimedia Commons - Street Food, Old Delhi (representative Food photo)"
RAIGAD-080,Karjat Local Vada Pav and Misal Trail,Karjat,Raigad,Maharashtra,Konkan,18.91,73.32,Food,Street Food,Popular roadside eateries in Karjat known among trekkers for misal pav and vada pav,street food;local food;trekkers stop,100,1.0,Trekkers;Foodies,1,10.0,,,Year-round,All seasons,Outdoor,No,0,Daily,Easy,Yes,No,,1-1.5 hrs,Local eateries,,2026-09,100.0,1.0,0.0,,1.25,,True,False,No,False,Outdoor,True,True,False,https://commons.wikimedia.org/wiki/Special:FilePath/Street%20Food.jpg,"Wikimedia Commons - Street Food, Old Delhi (representative Food photo)"
RAIGAD-081,Roha Modak and Sweets Tasting,Roha,Raigad,Maharashtra,Konkan,18.44,73.11,Food,Local Sweets,Local sweet shops in Roha known for traditional Konkani modaks and other festive sweets,local food;sweets;Konkani cuisine,150,1.0,Foodies,1,10.0,,,Year-round,All seasons,Indoor,No,0,Daily,Easy,Yes,Yes,,2-2.5 hrs,Local sweet shops,,2026-09,150.0,1.0,0.0,,2.25,,True,True,No,False,Indoor,True,True,False,https://commons.wikimedia.org/wiki/Special:FilePath/Street%20Food.jpg,"Wikimedia Commons - Street Food, Old Delhi (representative Food photo)"
RAIGAD-082,Alibag Sunset Camel Ride,Alibag,Raigad,Maharashtra,Konkan,18.6414,72.8722,Family,Beach Activity,"Camel rides along Alibag beach during sunset hours, a classic family activity",camel ride;beach;family;sunset,200,0.5,Families;Kids,1,4.0,,,Oct-Mar,Winter,Outdoor,No,0,Daily,Easy,No,No,,2-2.5 hrs,Local operators,,2026-09,200.0,0.5,0.0,,2.25,,False,False,No,False,Outdoor,True,True,False,,No verified real photo found for this category - left blank
RAIGAD-083,Nagaon Horse and Buggy Ride,Nagaon,Raigad,Maharashtra,Konkan,18.625,72.85,Family,Beach Activity,Horse and bullock-cart rides along Nagaon beach popular with families and children,horse riding;beach;family,150,0.5,Families;Kids,1,4.0,,,Oct-Mar,Winter,Outdoor,No,0,Daily,Easy,No,No,10 min from Alibag,2-2.5 hrs,Local operators,,2026-09,150.0,0.5,0.0,10.0,2.25,,False,False,No,False,Outdoor,True,True,False,,No verified real photo found for this category - left blank
RAIGAD-084,Khopoli Bhutivali Dam Picnic Spot,Khopoli,Raigad,Maharashtra,Konkan,18.81,73.22,Nature,Picnic Spot,"Small dam and picnic area near Khopoli, popular for a short family outing",picnic;family;nature;dam,0,2.0,Families,1,20.0,,,Oct-Feb,Winter,Outdoor,No,0,Daily,Easy,Yes,No,10 min from Khopoli,1-1.5 hrs,Local tourism,,2026-09,0.0,2.0,0.0,10.0,1.25,,True,False,No,False,Outdoor,True,True,False,https://commons.wikimedia.org/wiki/Special:FilePath/Western-Ghats-Matheran.jpg,"Wikimedia Commons - Western Ghats, Matheran (representative Nature/scenic photo)"
RAIGAD-085,Roha Kundalika Backwater Boating,Roha,Raigad,Maharashtra,Konkan,18.44,73.11,Adventure,Boating,"Boating on the Kundalika river backwaters near Roha, calmer than the Kolad rafting stretch",boating;river;nature;photography,300,1.5,Families;Nature lovers,2,10.0,,,Oct-Feb,Winter,Outdoor,Yes,1,Seasonal,Moderate,Yes,Yes,,2-2.5 hrs,Local boat operators,,2026-09,300.0,1.5,1.0,,2.25,,True,True,Yes,True,Outdoor,True,True,False,,No verified real photo found for this category - left blank
RAIGAD-086,Kashid Casuarina Grove Nature Walk,Kashid,Raigad,Maharashtra,Konkan,18.44,72.89,Nature,Nature Trail,Shaded walking trail through casuarina groves bordering Kashid beach,nature trail;walk;photography,0,1.0,Nature lovers,1,15.0,,,Oct-Mar,Winter,Outdoor,No,0,Daily,Easy,Yes,Yes,,2.5-3 hrs,Local tourism,,2026-09,0.0,1.0,0.0,,2.75,,True,True,No,False,Outdoor,True,True,False,https://commons.wikimedia.org/wiki/Special:FilePath/Western-Ghats-Matheran.jpg,"Wikimedia Commons - Western Ghats, Matheran (representative Nature/scenic photo)"
RAIGAD-087,Chikni Beach Alibag,Alibag,Raigad,Maharashtra,Konkan,18.645,72.875,Nature,Beach,"Small, calm cove near Alibag town, less crowded than the main Alibag beach",beach;quiet;photography,0,1.5,Couples,1,15.0,,,Oct-Mar,Winter,Outdoor,No,0,Daily,Easy,Yes,Yes,,2-2.5 hrs,Local tourism,,2026-09,0.0,1.5,0.0,,2.25,,True,True,No,False,Outdoor,True,True,False,https://commons.wikimedia.org/wiki/Special:FilePath/Western-Ghats-Matheran.jpg,"Wikimedia Commons - Western Ghats, Matheran (representative Nature/scenic photo)"
RAIGAD-088,Poynad Farm Stay and Agritourism,Poynad,Raigad,Maharashtra,Konkan,18.69,73.03,Agritourism,Farmstay,Rural farmstay near Poynad offering paddy field walks and traditional Konkani farm life,farmstay;agritourism;village life;paddy fields,2000,24.0,Families;Groups,2,15.0,,,Jun-Feb,Monsoon-Winter,Outdoor/Indoor,Yes,3,Seasonal,Easy,Yes,Yes,,1.5-2 hrs,Local farmstay operators,,2026-09,2000.0,24.0,3.0,,1.75,,True,True,Yes,True,Mixed,True,True,False,https://commons.wikimedia.org/wiki/Special:FilePath/Kaas%20Pathar%2C%20Satara%2C%20Maharashtra%2C%20India%20%282018%29%202.jpg,"Wikimedia Commons - Kaas Pathar, Satara (representative Nature/Wildlife photo)"
RAIGAD-089,Nagothane Rural Temple Circuit,Nagothane,Raigad,Maharashtra,Konkan,18.53,73.12,Culture,Temple Circuit,"Small cluster of local temples in and around Nagothane town, off the main tourist circuit",temple;heritage;local culture;hidden gem,0,2.0,Pilgrims;Culture enthusiasts,1,15.0,,,Year-round,All seasons,Outdoor,No,0,Daily,Easy,Yes,Yes,,1.5-2 hrs,Local temple trust,,2026-09,0.0,2.0,0.0,,1.75,,True,True,No,False,Outdoor,True,True,False,,No verified real photo found for this category - left blank
RAIGAD-090,Mangaon Ambedkar Bhavan Heritage Site,Mangaon,Raigad,Maharashtra,Konkan,18.24,73.2,Heritage,Historic Site,"Site associated with the 1920 Mangaon Parishad, an important venue in Dr. Ambedkar's early movement",heritage;history;social history,0,1.0,History buffs,1,20.0,,,Year-round,All seasons,Outdoor,No,0,Daily,Easy,Yes,Yes,,2.5 hrs,Local heritage records,,2026-09,0.0,1.0,0.0,,2.5,,True,True,No,False,Outdoor,True,True,False,https://commons.wikimedia.org/wiki/Special:FilePath/Red%20Fort%20Delhi.jpg,"Wikimedia Commons - Red Fort, Delhi (representative Heritage/Fort/Architecture/Museum photo)"
RAIGAD-091,Roha-Nagothane Mangrove Backwaters,Roha,Raigad,Maharashtra,Konkan,18.47,73.09,Nature,Mangroves/Bird Watching,"Tidal creek and mangrove stretch near Roha/Nagothane, home to herons, kingfishers and waders",mangroves;bird watching;nature;boating,0,2.0,Bird watchers;Nature lovers,1,10.0,,,Nov-Feb,Winter,Outdoor,No,0,Seasonal,Moderate,Yes,Yes,,2-2.5 hrs,Local boat operators,,2026-09,0.0,2.0,0.0,,2.25,,True,True,No,False,Outdoor,True,True,False,https://commons.wikimedia.org/wiki/Special:FilePath/Western-Ghats-Matheran.jpg,"Wikimedia Commons - Western Ghats, Matheran (representative Nature/scenic photo)"
RAIGAD-092,Murud Janjira Local Handicraft Stalls,Murud,Raigad,Maharashtra,Konkan,18.328,72.968,Culture,Handicrafts,"Small stalls near Janjira jetty selling shell craft, dried fish and local souvenirs",handicrafts;souvenirs;local culture,0,1.0,Shoppers,1,15.0,,,Daily,All seasons,Outdoor,No,0,Daily,Easy,Yes,Yes,,3-3.5 hrs,Local vendors,,2026-09,0.0,1.0,0.0,,3.25,,True,True,No,False,Outdoor,True,True,False,,No verified real photo found for this category - left blank
RAIGAD-093,Kashid to Murud Coastal Scenic Drive,Kashid,Raigad,Maharashtra,Konkan,18.4,72.92,Nature,Scenic Drive,Coastal road stretch between Kashid and Murud with sea views and small fishing hamlets,scenic drive;photography;coastal,0,1.5,Photographers;Road trippers,1,20.0,,,Oct-Mar,Winter,Outdoor,No,0,Daily,Easy,Yes,No,,2.5-3 hrs,Local tourism,,2026-09,0.0,1.5,0.0,,2.75,,True,False,No,False,Outdoor,True,True,False,https://commons.wikimedia.org/wiki/Special:FilePath/Western-Ghats-Matheran.jpg,"Wikimedia Commons - Western Ghats, Matheran (representative Nature/scenic photo)"
RAIGAD-094,Dive Agar Backwater Bird Watching,Diveagar,Raigad,Maharashtra,Konkan,17.975,73.045,Nature,Bird Watching,"Backwater stretch near Diveagar visited by egrets, kingfishers and migratory waders in winter",bird watching;backwaters;nature,0,1.5,Bird watchers,1,10.0,,,Nov-Feb,Winter,Outdoor,No,0,Seasonal,Easy,Yes,Yes,,4-4.5 hrs,Local guides,,2026-09,0.0,1.5,0.0,,4.25,,True,True,No,False,Outdoor,True,True,False,https://commons.wikimedia.org/wiki/Special:FilePath/Western-Ghats-Matheran.jpg,"Wikimedia Commons - Western Ghats, Matheran (representative Nature/scenic photo)"
RAIGAD-095,Alibag Local Fish Market Visit,Alibag,Raigad,Maharashtra,Konkan,18.642,72.873,Culture,Market Experience,"Early-morning fish market near Alibag jetty, offering an authentic look at the local catch trade",fish market;local culture;photography,0,1.0,Photographers;Foodies,1,10.0,,,Early morning,All seasons,Outdoor,No,0,Daily,Moderate,Yes,Yes,,2-2.5 hrs,Local market,,2026-09,0.0,1.0,0.0,,2.25,,True,True,No,False,Outdoor,True,True,False,,No verified real photo found for this category - left blank
